node_a,node_b,start_time,end_time,duration,avg_rssi,battery_a,battery_b
14,26,0.0,1.0,1.0,-100.1,62.4,78.0
16,54,0.0,1.0,1.0,-100.0,74.8,85.7
2,62,0.0,2.0,2.0,-100.0,36.9,70.1
6,32,0.0,3.0,3.0,-100.0,86.1,67.5
65,70,0.0,3.0,3.0,-100.0,83.5,38.4
35,47,0.0,5.0,5.0,-100.0,86.3,35.9
50,70,0.0,5.0,5.0,-100.0,97.1,38.4
10,23,0.0,6.0,6.0,-100.0,39.4,55.6
47,48,0.0,7.0,7.0,-100.0,35.9,95.5
3,70,0.0,9.0,9.0,-100.0,89.0,38.4
45,72,0.0,9.0,9.0,-100.0,36.6,36.1
4,61,0.0,11.0,11.0,-100.0,93.2,69.5
7,62,0.0,11.0,11.0,-100.0,84.6,70.1
14,15,0.0,12.0,12.0,-100.0,62.4,56.9
21,35,0.0,12.0,12.0,-100.0,46.3,86.3
12,14,0.0,14.0,14.0,-100.2,66.0,62.4
59,78,0.0,14.0,14.0,-100.0,73.1,92.9
8,12,0.0,15.0,15.0,-100.0,75.0,66.0
15,72,0.0,15.0,15.0,-100.0,56.9,36.1
59,76,0.0,15.0,15.0,-100.0,73.1,77.0
32,40,0.0,16.0,16.0,-100.1,67.5,44.2
7,58,0.0,19.0,19.0,-100.0,84.5,36.6
5,14,0.0,21.0,21.0,-100.0,98.5,62.4
22,32,0.0,21.0,21.0,-100.0,55.7,67.5
59,62,0.0,21.0,21.0,-100.0,73.1,70.0
14,25,0.0,22.0,22.0,-100.0,62.4,56.5
14,45,0.0,23.0,23.0,-100.0,62.4,36.6
4,22,0.0,24.0,24.0,-100.0,93.2,55.7
14,27,0.0,24.0,24.0,-100.0,62.4,50.8
56,65,0.0,25.0,25.0,-100.0,47.7,83.4
41,78,1.0,25.0,24.0,-100.0,78.6,92.9
14,40,0.0,26.0,26.0,-100.0,62.4,44.1
31,32,0.0,26.0,26.0,-100.1,53.0,67.5
6,14,0.0,28.0,28.0,-100.0,86.1,62.4
32,67,0.0,28.0,28.0,-100.0,67.5,64.4
54,74,0.0,28.0,28.0,-100.0,85.6,59.3
1,9,0.0,29.0,29.0,-100.1,94.7,84.5
1,57,0.0,29.0,29.0,-100.0,94.7,71.3
14,31,0.0,29.0,29.0,-100.0,62.4,53.0
31,78,0.0,30.0,30.0,-100.0,53.0,92.9
32,56,0.0,30.0,30.0,-100.0,67.4,47.7
12,27,0.0,31.0,31.0,-100.0,66.0,50.7
73,77,0.0,31.0,31.0,-100.0,76.0,53.3
7,76,0.0,32.0,32.0,-100.0,84.5,77.0
66,75,0.0,32.0,32.0,-100.0,85.9,84.2
25,72,0.0,34.0,34.0,-100.0,56.5,36.1
68,74,0.0,35.0,35.0,-100.0,71.9,59.3
5,32,0.0,36.0,36.0,-100.0,98.5,67.4
14,77,0.0,36.0,36.0,-100.2,62.4,53.3
44,47,0.0,36.0,36.0,-100.0,73.0,35.9
1,64,0.0,37.0,37.0,-100.0,94.7,66.5
4,18,0.0,37.0,37.0,-100.0,93.1,39.7
7,71,0.0,37.0,37.0,-100.0,84.5,38.2
18,70,0.0,37.0,37.0,-100.0,39.7,38.3
67,78,0.0,37.0,37.0,-100.0,64.4,92.8
14,67,0.0,38.0,38.0,-100.0,62.4,64.4
18,32,0.0,38.0,38.0,-100.0,39.7,67.4
24,37,0.0,39.0,39.0,-100.0,52.9,74.3
37,72,0.0,39.0,39.0,-99.9,74.3,36.1
72,77,0.0,39.0,39.0,-100.0,36.1,53.3
9,68,0.0,40.0,40.0,-100.0,84.5,71.9
37,73,0.0,40.0,40.0,-100.0,74.3,76.0
36,59,0.0,41.0,41.0,-100.0,67.2,73.1
1,74,0.0,43.0,43.0,-100.0,94.7,59.3
7,36,0.0,43.0,43.0,-100.0,84.5,67.2
25,31,0.0,43.0,43.0,-100.0,56.5,52.9
49,75,0.0,43.0,43.0,-100.0,39.6,84.2
7,29,0.0,44.0,44.0,-100.0,84.5,94.1
29,59,0.0,44.0,44.0,-100.1,94.1,73.1
19,69,33.0,45.0,12.0,-100.0,63.4,95.1
38,60,0.0,46.0,46.0,-100.0,50.1,41.9
40,65,0.0,46.0,46.0,-100.0,44.1,83.4
12,59,0.0,49.0,49.0,-100.1,65.9,73.1
35,38,0.0,49.0,49.0,-100.0,86.3,50.1
42,63,0.0,49.0,49.0,-100.0,90.2,62.6
0,69,0.0,50.0,50.0,-100.0,33.6,95.1
4,54,0.0,50.0,50.0,-100.1,93.1,85.6
33,54,0.0,50.0,50.0,-100.0,89.3,85.6
46,60,0.0,50.0,50.0,-100.0,80.7,41.9
1,4,0.0,51.0,51.0,-100.1,94.7,93.1
26,36,0.0,51.0,51.0,-100.0,78.0,67.2
2,25,0.0,52.0,52.0,-100.0,36.9,56.5
14,56,0.0,52.0,52.0,-100.0,62.3,47.7
22,53,0.0,52.0,52.0,-100.0,55.7,84.7
27,32,0.0,52.0,52.0,-100.0,50.7,67.4
10,74,0.0,53.0,53.0,-100.0,39.4,59.2
34,36,0.0,54.0,54.0,-100.0,75.6,67.2
49,77,0.0,54.0,54.0,-100.0,39.6,53.3
10,35,0.0,55.0,55.0,-100.1,39.4,86.3
21,44,0.0,55.0,55.0,-100.0,46.2,73.0
59,70,6.0,55.0,49.0,-100.1,73.1,38.3
55,72,0.0,56.0,56.0,-100.0,96.2,36.1
12,56,0.0,57.0,57.0,-100.0,65.9,47.7
14,20,0.0,57.0,57.0,-100.1,62.3,59.1
10,48,37.0,57.0,20.0,-100.0,39.4,95.5
4,68,0.0,58.0,58.0,-100.0,93.1,71.9
26,59,0.0,58.0,58.0,-100.1,77.9,73.1
39,60,0.0,58.0,58.0,-100.0,81.4,41.9
59,79,0.0,58.0,58.0,-100.1,73.1,83.3
8,72,0.0,59.0,59.0,-100.0,74.9,36.1
10,60,0.0,59.0,59.0,-100.0,39.4,41.9
14,75,0.0,59.0,59.0,-100.2,62.3,84.1
20,72,0.0,59.0,59.0,-100.1,59.1,36.1
25,49,0.0,59.0,59.0,-100.0,56.5,39.6
2,36,0.0,60.0,60.0,-100.0,36.9,67.2
17,19,0.0,60.0,60.0,-100.0,48.6,63.4
27,79,15.0,60.0,45.0,-99.9,50.7,83.3
38,48,22.0,60.0,38.0,-100.0,50.1,95.5
2,70,52.0,60.0,8.0,-100.0,36.9,38.3
11,41,0.0,61.0,61.0,-100.1,67.5,78.6
56,59,21.0,61.0,40.0,-99.9,47.7,73.1
25,79,0.0,62.0,62.0,-100.0,56.5,83.3
10,32,52.0,62.0,10.0,-100.1,39.4,67.4
3,4,0.0,63.0,63.0,-100.0,89.0,93.1
5,12,0.0,63.0,63.0,-100.0,98.5,65.9
1,33,0.0,64.0,64.0,-100.0,94.7,89.3
8,31,0.0,64.0,64.0,-100.0,74.9,52.9
14,35,23.0,64.0,41.0,-100.0,62.3,86.2
8,14,0.0,65.0,65.0,-100.0,74.9,62.3
22,70,0.0,65.0,65.0,-100.0,55.7,38.3
22,50,8.0,65.0,57.0,-100.0,55.7,97.1
0,13,0.0,66.0,66.0,-100.0,33.6,90.0
41,77,0.0,66.0,66.0,-100.0,78.6,53.3
4,65,10.0,67.0,57.0,-100.0,93.1,83.4
2,78,0.0,68.0,68.0,-100.0,36.9,92.8
4,63,0.0,68.0,68.0,-100.0,93.1,62.5
24,78,0.0,68.0,68.0,-100.0,52.9,92.8
30,38,0.0,68.0,68.0,-100.0,63.6,50.1
37,41,0.0,68.0,68.0,-100.0,74.2,78.6
9,57,0.0,69.0,69.0,-99.9,84.5,71.2
25,67,0.0,69.0,69.0,-100.0,56.5,64.4
52,59,0.0,69.0,69.0,-100.0,71.5,73.1
9,32,40.0,69.0,29.0,-100.1,84.5,67.4
12,67,0.0,70.0,70.0,-100.0,65.9,64.4
32,53,0.0,70.0,70.0,-100.0,67.4,84.7
7,70,0.0,71.0,71.0,-100.0,84.5,38.3
24,25,0.0,71.0,71.0,-100.0,52.9,56.5
21,69,19.0,71.0,52.0,-100.0,46.2,95.1
6,59,0.0,72.0,72.0,-100.0,86.1,73.1
9,64,0.0,72.0,72.0,-100.0,84.5,66.5
12,25,0.0,72.0,72.0,-100.0,65.9,56.5
4,60,52.0,72.0,20.0,-100.0,93.1,41.9
20,73,0.0,73.0,73.0,-100.0,59.1,76.0
26,27,0.0,74.0,74.0,-100.0,77.9,50.7
9,35,17.0,74.0,57.0,-100.0,84.5,86.2
32,44,37.0,74.0,37.0,-100.0,67.4,72.9
16,63,0.0,75.0,75.0,-100.0,74.7,62.5
9,23,0.0,76.0,76.0,-100.0,84.5,55.6
12,45,0.0,77.0,77.0,-100.0,65.9,36.6
25,41,0.0,77.0,77.0,-100.0,56.5,78.6
11,51,0.0,78.0,78.0,-100.0,67.4,86.0
51,72,0.0,78.0,78.0,-100.1,86.0,36.1
55,73,0.0,78.0,78.0,-100.0,96.1,76.0
14,32,0.0,79.0,79.0,-100.0,62.3,67.4
15,41,0.0,79.0,79.0,-100.0,56.9,78.6
17,60,0.0,79.0,79.0,-100.0,48.6,41.9
74,75,31.0,79.0,48.0,-100.0,59.2,84.1
1,59,73.0,79.0,6.0,-100.0,94.7,73.1
53,59,73.0,79.0,6.0,-100.0,84.7,73.1
4,53,0.0,80.0,80.0,-100.0,93.1,84.7
14,49,0.0,80.0,80.0,-100.0,62.3,39.5
13,19,0.0,81.0,81.0,-100.0,89.9,63.4
32,66,0.0,81.0,81.0,-100.0,67.4,85.9
41,55,0.0,81.0,81.0,-100.1,78.6,96.1
52,71,0.0,81.0,81.0,-100.0,71.5,38.1
11,37,0.0,82.0,82.0,-100.0,67.4,74.2
11,55,0.0,82.0,82.0,-100.0,67.4,96.1
12,24,0.0,82.0,82.0,-100.0,65.9,52.8
31,65,0.0,82.0,82.0,-100.0,52.9,83.4
1,65,62.0,82.0,20.0,-100.0,94.7,83.4
31,77,0.0,83.0,83.0,-100.0,52.9,53.3
34,78,0.0,84.0,84.0,-100.0,75.6,92.8
14,48,18.0,84.0,66.0,-100.1,62.3,95.4
4,23,0.0,85.0,85.0,-100.0,93.1,55.6
47,69,0.0,85.0,85.0,-100.0,35.8,95.1
38,44,0.0,86.0,86.0,-100.0,50.1,72.9
18,50,5.0,86.0,81.0,-100.0,39.7,97.0
4,32,19.0,86.0,67.0,-100.0,93.1,67.4
28,69,39.0,86.0,47.0,-100.0,96.3,95.1
18,53,0.0,87.0,87.0,-100.0,39.7,84.7
24,77,5.0,87.0,82.0,-100.0,52.8,53.3
12,77,0.0,88.0,88.0,-100.0,65.9,53.3
45,78,0.0,88.0,88.0,-100.0,36.6,92.8
14,69,29.0,88.0,59.0,-100.2,62.3,95.1
4,35,32.0,88.0,56.0,-100.2,93.1,86.2
60,66,47.0,88.0,41.0,-100.0,41.9,85.9
1,23,0.0,89.0,89.0,-100.0,94.6,55.6
25,34,0.0,89.0,89.0,-100.0,56.5,75.6
1,63,0.0,90.0,90.0,-100.1,94.6,62.5
4,64,0.0,90.0,90.0,-100.0,93.1,66.5
13,35,0.0,91.0,91.0,-100.0,89.9,86.2
54,59,67.0,91.0,24.0,-100.1,85.6,73.0
1,53,0.0,92.0,92.0,-100.0,94.6,84.7
9,53,0.0,92.0,92.0,-100.0,84.4,84.7
37,45,0.0,92.0,92.0,-100.0,74.2,36.6
17,28,0.0,93.0,93.0,-100.0,48.6,96.3
35,44,0.0,93.0,93.0,-100.0,86.2,72.9
38,69,30.0,93.0,63.0,-100.0,50.1,95.1
13,32,43.0,93.0,50.0,-100.0,89.9,67.4
47,66,74.0,93.0,19.0,-100.0,35.8,85.9
49,55,0.0,94.0,94.0,-100.0,39.5,96.1
16,50,81.0,95.0,14.0,-100.0,74.7,97.0
7,52,0.0,97.0,97.0,-100.0,84.5,71.5
12,15,0.0,97.0,97.0,-100.0,65.9,56.9
10,44,0.0,98.0,98.0,-100.1,39.3,72.9
12,34,0.0,98.0,98.0,-100.0,65.9,75.6
77,79,30.0,98.0,68.0,-100.0,53.3,83.3
14,41,43.0,98.0,55.0,-100.0,62.3,78.5
4,48,48.0,98.0,50.0,-100.0,93.1,95.4
10,30,0.0,100.0,100.0,-100.0,39.3,63.6
11,72,0.0,100.0,100.0,-100.0,67.4,36.0
12,31,0.0,100.0,100.0,-100.0,65.9,52.9
1,50,21.0,100.0,79.0,-100.2,94.6,97.0
2,77,34.0,100.0,66.0,-100.0,36.8,53.3
24,26,0.0,101.0,101.0,-100.0,52.8,77.9
67,77,0.0,101.0,101.0,-100.0,64.3,53.3
10,69,34.0,101.0,67.0,-100.1,39.3,95.1
2,12,0.0,102.0,102.0,-100.0,36.8,65.9
23,32,0.0,102.0,102.0,-100.0,55.5,67.4
38,66,0.0,102.0,102.0,-100.0,50.1,85.8
39,44,0.0,102.0,102.0,-100.0,81.3,72.9
20,41,3.0,102.0,99.0,-100.0,59.1,78.5
13,14,44.0,102.0,58.0,-100.1,89.9,62.3
52,62,0.0,103.0,103.0,-100.0,71.5,70.0
8,24,18.0,103.0,85.0,-100.0,74.9,52.8
32,69,39.0,103.0,64.0,-100.0,67.4,95.1
53,74,0.0,104.0,104.0,-100.0,84.7,59.2
64,75,0.0,104.0,104.0,-100.0,66.5,84.1
39,69,53.0,104.0,51.0,-100.0,81.3,95.1
6,25,0.0,105.0,105.0,-100.0,86.0,56.5
26,52,0.0,105.0,105.0,-100.0,77.9,71.5
5,26,0.0,106.0,106.0,-100.0,98.5,77.9
9,60,0.0,106.0,106.0,-100.0,84.4,41.9
4,44,34.0,106.0,72.0,-99.9,93.1,72.9
1,61,0.0,107.0,107.0,-100.0,94.6,69.4
1,3,24.0,107.0,83.0,-100.0,94.6,88.9
19,46,0.0,108.0,108.0,-100.0,63.3,80.7
51,73,0.0,108.0,108.0,-100.0,86.0,75.9
22,59,19.0,108.0,89.0,-100.0,55.6,73.0
20,24,32.0,108.0,76.0,-99.9,59.1,52.8
4,30,33.0,108.0,75.0,-100.0,93.1,63.6
8,75,0.0,109.0,109.0,-100.0,74.9,84.1
44,48,0.0,109.0,109.0,-100.0,72.9,95.4
48,75,0.0,109.0,109.0,-100.0,95.4,84.1
12,40,0.0,110.0,110.0,-100.0,65.9,44.1
41,73,0.0,110.0,110.0,-100.0,78.5,75.9
30,74,35.0,110.0,75.0,-100.0,63.6,59.2
4,69,54.0,110.0,56.0,-100.3,93.1,95.1
23,59,62.0,110.0,48.0,-100.0,55.5,73.0
1,68,0.0,111.0,111.0,-100.0,94.6,71.9
6,77,0.0,111.0,111.0,-100.0,86.0,53.2
33,63,0.0,111.0,111.0,-100.0,89.3,62.5
44,74,14.0,111.0,97.0,-100.0,72.9,59.2
3,32,0.0,112.0,112.0,-100.0,88.9,67.4
9,74,0.0,112.0,112.0,-100.0,84.4,59.2
41,56,27.0,112.0,85.0,-100.1,78.5,47.6
1,43,0.0,113.0,113.0,-100.0,94.6,39.1
6,8,0.0,113.0,113.0,-100.0,86.0,74.9
65,75,15.0,113.0,98.0,-100.0,83.4,84.1
50,66,98.0,113.0,15.0,-100.0,97.0,85.8
4,74,0.0,114.0,114.0,-100.0,93.1,59.2
50,60,93.0,114.0,21.0,-100.0,97.0,41.9
1,7,67.0,115.0,48.0,-100.0,94.6,84.4
29,34,0.0,116.0,116.0,-100.0,94.0,75.6
41,51,0.0,116.0,116.0,-100.0,78.5,85.9
3,75,34.0,116.0,82.0,-100.0,88.9,84.1
30,39,0.0,117.0,117.0,-100.0,63.5,81.3
32,65,0.0,117.0,117.0,-100.0,67.4,83.4
45,79,0.0,117.0,117.0,-99.9,36.5,83.3
32,35,13.0,117.0,104.0,-100.1,67.4,86.2
4,66,20.0,117.0,97.0,-100.0,93.1,85.8
6,78,0.0,118.0,118.0,-100.0,86.0,92.8
13,21,0.0,118.0,118.0,-100.0,89.9,46.2
20,49,0.0,118.0,118.0,-100.0,59.1,39.5
24,79,0.0,118.0,118.0,-100.0,52.8,83.3
25,45,0.0,118.0,118.0,-100.0,56.4,36.5
24,56,3.0,118.0,115.0,-100.0,52.8,47.6
14,46,79.0,118.0,39.0,-100.0,62.3,80.7
6,59,82.0,118.0,36.0,-100.0,86.0,73.0
10,66,0.0,119.0,119.0,-100.0,39.3,85.8
31,59,0.0,119.0,119.0,-100.1,52.9,73.0
53,54,0.0,119.0,119.0,-100.0,84.7,85.5
34,77,27.0,119.0,92.0,-100.0,75.6,53.2
10,28,46.0,119.0,73.0,-100.0,39.3,96.3
15,24,0.0,120.0,120.0,-100.0,56.8,52.8
26,31,0.0,120.0,120.0,-100.0,77.9,52.9
21,28,0.0,121.0,121.0,-100.0,46.2,96.3
26,67,0.0,121.0,121.0,-100.0,77.9,64.3
32,64,0.0,121.0,121.0,-100.0,67.4,66.5
41,45,0.0,121.0,121.0,-100.0,78.5,36.5
13,38,2.0,121.0,119.0,-100.0,89.9,50.0
13,28,16.0,121.0,105.0,-100.0,89.9,96.3
3,59,30.0,121.0,91.0,-100.1,88.9,73.0
35,59,63.0,121.0,58.0,-100.2,86.2,73.0
26,75,67.0,121.0,54.0,-100.0,77.9,84.1
18,32,80.0,121.0,41.0,-100.0,39.7,67.4
50,57,82.0,121.0,39.0,-100.0,97.0,71.2
12,26,0.0,122.0,122.0,-100.0,65.9,77.9
45,55,0.0,122.0,122.0,-100.0,36.5,96.1
78,79,0.0,122.0,122.0,-100.0,92.8,83.3
35,74,13.0,122.0,109.0,-100.0,86.2,59.2
30,50,88.0,122.0,34.0,-100.0,63.5,97.0
59,65,18.0,123.0,105.0,-100.0,73.0,83.4
45,49,37.0,123.0,86.0,-100.0,36.5,39.5
7,32,90.0,123.0,33.0,-100.0,84.4,67.4
31,56,0.0,124.0,124.0,-100.0,52.9,47.6
44,46,0.0,124.0,124.0,-100.0,72.9,80.7
54,63,0.0,124.0,124.0,-100.0,85.5,62.5
18,59,23.0,124.0,101.0,-100.1,39.7,73.0
32,48,25.0,124.0,99.0,-100.2,67.4,95.4
7,31,39.0,124.0,85.0,-100.0,84.4,52.9
59,75,41.0,124.0,83.0,-100.2,73.0,84.1
7,59,1.0,126.0,125.0,-100.0,84.4,73.0
4,13,54.0,126.0,72.0,-100.0,93.1,89.9
9,69,57.0,126.0,69.0,-100.0,84.4,95.1
1,42,63.0,126.0,63.0,-100.0,94.6,90.1
1,18,37.0,127.0,90.0,-100.0,94.6,39.7
35,53,48.0,127.0,79.0,-100.0,86.2,84.7
14,28,64.0,127.0,63.0,-100.0,62.3,96.3
24,59,0.0,128.0,128.0,-100.0,52.8,73.0
48,59,76.0,128.0,52.0,-100.1,95.4,73.0
22,65,0.0,129.0,129.0,-100.0,55.6,83.3
27,52,0.0,129.0,129.0,-100.0,50.7,71.4
8,41,7.0,129.0,122.0,-100.0,74.8,78.5
28,38,32.0,129.0,97.0,-100.0,96.3,50.0
32,41,79.0,129.0,50.0,-100.0,67.4,78.5
4,28,81.0,129.0,48.0,-100.1,93.1,96.3
24,32,83.0,129.0,46.0,-100.0,52.8,67.4
41,48,88.0,129.0,41.0,-100.0,78.5,95.4
24,40,0.0,130.0,130.0,-100.0,52.8,44.0
7,75,63.0,130.0,67.0,-100.1,84.4,84.1
32,74,1.0,131.0,130.0,-100.0,67.3,59.2
28,39,25.0,131.0,106.0,-100.0,96.3,81.3
59,64,55.0,131.0,76.0,-100.0,73.0,66.5
44,50,89.0,131.0,42.0,-100.0,72.9,97.0
69,74,49.0,132.0,83.0,-100.0,95.1,59.2
6,24,0.0,133.0,133.0,-100.1,86.0,52.8
35,66,0.0,133.0,133.0,-100.0,86.2,85.8
46,69,39.0,133.0,94.0,-100.0,80.7,95.1
12,78,0.0,134.0,134.0,-100.0,65.9,92.8
26,45,0.0,134.0,134.0,-100.0,77.9,36.5
32,75,0.0,134.0,134.0,-100.0,67.3,84.1
56,75,0.0,134.0,134.0,-100.0,47.6,84.1
77,78,7.0,134.0,127.0,-100.1,53.2,92.8
40,77,13.0,134.0,121.0,-100.0,44.0,53.2
42,61,0.0,135.0,135.0,-100.0,90.1,69.4
15,78,0.0,136.0,136.0,-100.0,56.8,92.7
45,77,0.0,136.0,136.0,-100.0,36.5,53.2
10,13,9.0,136.0,127.0,-100.0,39.3,89.9
4,17,58.0,136.0,78.0,-100.0,93.0,48.5
50,64,73.0,137.0,64.0,-100.0,97.0,66.4
2,26,0.0,138.0,138.0,-100.0,36.8,77.9
56,79,0.0,138.0,138.0,-100.0,47.6,83.2
41,49,5.0,138.0,133.0,-100.0,78.5,39.5
39,66,30.0,138.0,108.0,-100.0,81.3,85.8
4,46,56.0,138.0,82.0,-100.1,93.0,80.7
31,36,105.0,138.0,33.0,-100.0,52.8,67.2
9,44,0.0,139.0,139.0,-100.0,84.4,72.9
35,63,80.0,139.0,59.0,-100.1,86.2,62.5
13,47,0.0,141.0,141.0,-100.0,89.9,35.8
49,51,0.0,141.0,141.0,-100.0,39.5,85.9
50,63,26.0,141.0,115.0,-100.0,97.0,62.5
50,53,16.0,142.0,126.0,-100.1,97.0,84.6
8,73,41.0,142.0,101.0,-100.0,74.8,75.9
9,66,0.0,143.0,143.0,-100.1,84.4,85.8
17,38,0.0,143.0,143.0,-100.0,48.5,50.0
5,65,0.0,144.0,144.0,-100.0,98.4,83.3
40,59,0.0,144.0,144.0,-100.0,44.0,73.0
33,50,56.0,144.0,88.0,-100.0,89.3,97.0
7,22,0.0,146.0,146.0,-100.0,84.4,55.6
26,34,0.0,146.0,146.0,-100.0,77.9,75.5
60,63,63.0,146.0,83.0,-100.0,41.8,62.5
20,59,98.0,146.0,48.0,-100.0,59.0,73.0
23,74,0.0,147.0,147.0,-100.0,55.5,59.2
38,46,0.0,147.0,147.0,-100.1,50.0,80.7
52,70,0.0,147.0,147.0,-100.0,71.4,38.2
17,69,57.0,147.0,90.0,-100.0,48.5,95.0
7,50,106.0,147.0,41.0,-100.0,84.4,97.0
2,29,0.0,148.0,148.0,-100.0,36.8,94.0
24,75,46.0,148.0,102.0,-100.0,52.8,84.1
24,52,12.0,149.0,137.0,-100.0,52.8,71.4
48,74,38.0,149.0,111.0,-100.1,95.4,59.2
35,61,118.0,149.0,31.0,-100.0,86.2,69.4
18,69,120.0,149.0,29.0,-100.0,39.6,95.0
19,28,0.0,150.0,150.0,-100.0,63.3,96.3
27,75,15.0,150.0,135.0,-100.0,50.6,84.1
45,75,44.0,150.0,106.0,-100.0,36.5,84.1
50,65,64.0,150.0,86.0,-100.0,97.0,83.3
53,64,0.0,151.0,151.0,-100.0,84.6,66.4
59,77,118.0,151.0,33.0,-100.1,73.0,53.2
19,41,136.0,151.0,15.0,-100.0,63.3,78.5
20,77,0.0,152.0,152.0,-100.0,59.0,53.2
51,77,0.0,152.0,152.0,-100.0,85.9,53.2
3,74,0.0,153.0,153.0,-99.9,88.9,59.1
15,77,0.0,153.0,153.0,-99.9,56.8,53.2
54,61,0.0,153.0,153.0,-100.0,85.5,69.4
58,71,0.0,153.0,153.0,-100.0,36.5,38.0
58,62,0.0,154.0,154.0,-100.0,36.5,69.9
2,7,34.0,154.0,120.0,-100.0,36.8,84.4
3,22,0.0,155.0,155.0,-100.0,88.9,55.6
6,27,0.0,155.0,155.0,-100.0,86.0,50.6
26,79,0.0,155.0,155.0,-100.0,77.8,83.2
30,41,150.0,156.0,6.0,-100.0,63.5,78.5
55,77,0.0,157.0,157.0,-100.0,96.1,53.2
3,50,29.0,157.0,128.0,-100.0,88.9,97.0
25,51,29.0,157.0,128.0,-100.0,56.4,85.9
32,59,68.0,157.0,89.0,-100.0,67.3,73.0
28,47,0.0,158.0,158.0,-100.0,96.3,35.8
37,51,23.0,158.0,135.0,-100.0,74.1,85.9
48,50,112.0,158.0,46.0,-100.0,95.4,97.0
10,17,0.0,159.0,159.0,-100.0,39.3,48.5
10,46,0.0,159.0,159.0,-100.1,39.3,80.6
30,60,0.0,159.0,159.0,-100.0,63.5,41.8
35,69,0.0,159.0,159.0,-100.0,86.1,95.0
23,50,46.0,159.0,113.0,-100.0,55.5,97.0
27,32,61.0,159.0,98.0,-100.0,50.6,67.3
38,41,139.0,159.0,20.0,-100.0,50.0,78.5
10,41,143.0,159.0,16.0,-100.1,39.3,78.5
41,65,148.0,159.0,11.0,-100.0,78.5,83.3
50,61,20.0,160.0,140.0,-100.1,97.0,69.4
18,75,49.0,160.0,111.0,-100.0,39.6,84.0
20,27,76.0,160.0,84.0,-100.0,59.0,50.6
34,35,118.0,160.0,42.0,-100.0,75.5,86.1
6,26,0.0,161.0,161.0,-100.0,86.0,77.8
21,46,0.0,161.0,161.0,-100.0,46.1,80.6
13,74,52.0,161.0,109.0,-100.0,89.9,59.1
7,35,77.0,161.0,84.0,-100.2,84.4,86.1
9,41,142.0,161.0,19.0,-100.0,84.4,78.5
65,74,8.0,162.0,154.0,-100.0,83.3,59.1
5,7,21.0,162.0,141.0,-100.0,98.4,84.4
13,39,22.0,162.0,140.0,-100.0,89.9,81.3
15,75,63.0,162.0,99.0,-100.0,56.8,84.0
32,67,73.0,162.0,89.0,-100.1,67.3,64.3
33,53,92.0,162.0,70.0,-100.0,89.2,84.6
16,50,103.0,162.0,59.0,-100.0,74.6,97.0
57,63,0.0,163.0,163.0,-100.0,71.1,62.5
32,49,96.0,163.0,67.0,-100.0,67.3,39.5
54,75,150.0,163.0,13.0,-100.0,85.5,84.0
0,28,0.0,164.0,164.0,-100.0,33.5,96.3
35,65,39.0,164.0,125.0,-100.1,86.1,83.3
34,75,51.0,164.0,113.0,-100.0,75.5,84.0
5,32,76.0,164.0,88.0,-100.1,98.4,67.3
9,30,0.0,165.0,165.0,-100.0,84.4,63.5
27,35,55.0,165.0,110.0,-100.0,50.6,86.1
7,54,64.0,165.0,101.0,-100.0,84.4,85.5
18,50,112.0,165.0,53.0,-100.0,39.6,97.0
13,41,116.0,165.0,49.0,-100.0,89.9,78.5
72,73,0.0,166.0,166.0,-100.1,36.0,75.9
9,13,48.0,166.0,118.0,-100.0,84.4,89.9
32,45,83.0,166.0,83.0,-100.2,67.3,36.5
56,59,86.0,166.0,80.0,-100.0,47.6,73.0
49,59,114.0,166.0,52.0,-100.0,39.5,73.0
21,41,141.0,166.0,25.0,-100.0,46.1,78.5
2,32,95.0,167.0,72.0,-100.0,36.8,67.3
54,69,123.0,167.0,44.0,-100.0,85.5,95.0
24,34,0.0,168.0,168.0,-100.0,52.8,75.5
35,64,1.0,168.0,167.0,-99.9,86.1,66.4
26,77,29.0,168.0,139.0,-100.0,77.8,53.2
6,32,111.0,168.0,57.0,-100.0,86.0,67.3
6,45,0.0,169.0,169.0,-100.0,86.0,36.5
67,75,15.0,169.0,154.0,-100.0,64.3,84.0
9,46,29.0,169.0,140.0,-100.0,84.4,80.6
15,25,0.0,170.0,170.0,-100.0,56.8,56.4
24,31,0.0,170.0,170.0,-100.0,52.8,52.8
32,34,93.0,170.0,77.0,-100.0,67.3,75.5
51,59,101.0,170.0,69.0,-100.0,85.9,73.0
32,72,115.0,170.0,55.0,-100.0,67.3,36.0
17,21,0.0,171.0,171.0,-100.0,48.5,46.1
35,48,0.0,171.0,171.0,-100.0,86.1,95.3
5,24,17.0,171.0,154.0,-100.0,98.4,52.8
7,34,68.0,171.0,103.0,-100.0,84.4,75.5
72,77,117.0,171.0,54.0,-100.0,36.0,53.2
41,63,148.0,171.0,23.0,-100.0,78.5,62.4
2,24,0.0,172.0,172.0,-100.0,36.8,52.8
41,66,124.0,172.0,48.0,-100.0,78.5,85.8
20,45,7.0,173.0,166.0,-100.0,59.0,36.5
3,35,46.0,173.0,127.0,-100.1,88.9,86.1
58,70,16.0,174.0,158.0,-99.9,36.5,38.2
54,65,52.0,175.0,123.0,-100.0,85.5,83.3
24,45,0.0,176.0,176.0,-100.0,52.7,36.5
35,75,0.0,176.0,176.0,-100.0,86.1,84.0
26,51,84.0,176.0,92.0,-100.0,77.8,85.9
10,14,88.0,176.0,88.0,-100.1,39.2,62.2
50,69,97.0,176.0,79.0,-100.0,96.9,95.0
41,64,124.0,176.0,52.0,-100.0,78.5,66.4
26,29,0.0,177.0,177.0,-100.0,77.8,94.0
34,79,0.0,177.0,177.0,-100.0,75.5,83.2
24,27,30.0,177.0,147.0,-100.0,52.7,50.6
15,59,98.0,177.0,79.0,-100.0,56.8,73.0
32,77,110.0,177.0,67.0,-100.1,67.3,53.2
31,76,118.0,177.0,59.0,-100.0,52.8,76.8
6,56,0.0,178.0,178.0,-99.9,86.0,47.6
25,77,0.0,178.0,178.0,-100.1,56.4,53.2
4,9,2.0,178.0,176.0,-100.1,93.0,84.4
5,75,24.0,178.0,154.0,-100.0,98.4,84.0
40,75,26.0,178.0,152.0,-100.0,44.0,84.0
50,68,33.0,178.0,145.0,-100.0,96.9,71.8
2,75,51.0,178.0,127.0,-100.1,36.8,84.0
7,67,59.0,178.0,119.0,-100.0,84.4,64.3
43,63,0.0,179.0,179.0,-100.0,39.1,62.4
7,43,153.0,179.0,26.0,-99.9,84.4,39.1
33,61,0.0,180.0,180.0,-100.0,89.2,69.4
8,59,93.0,180.0,87.0,-100.0,74.8,73.0
24,63,147.0,180.0,33.0,-100.0,52.7,62.4
23,35,21.0,181.0,160.0,-100.0,55.5,86.1
14,21,80.0,181.0,101.0,-100.1,62.2,46.1
32,51,92.0,182.0,90.0,-100.2,67.3,85.9
15,37,0.0,183.0,183.0,-100.0,56.8,74.1
40,45,0.0,183.0,183.0,-100.0,44.0,36.5
10,19,49.0,183.0,134.0,-100.0,39.2,63.3
14,38,74.0,183.0,109.0,-100.0,62.2,50.0
28,59,125.0,183.0,58.0,-100.0,96.2,72.9
19,21,0.0,184.0,184.0,-100.0,63.3,46.1
36,52,0.0,184.0,184.0,-100.0,67.1,71.4
15,26,1.0,184.0,183.0,-100.0,56.8,77.8
43,50,41.0,184.0,143.0,-100.1,39.1,96.9
51,75,108.0,184.0,76.0,-100.1,85.9,84.0
44,48,110.0,184.0,74.0,-100.0,72.8,95.3
17,44,0.0,185.0,185.0,-100.0,48.5,72.8
37,77,0.0,185.0,185.0,-100.0,74.1,53.2
20,67,7.0,185.0,178.0,-100.0,59.0,64.3
2,35,112.0,185.0,73.0,-100.0,36.8,86.1
57,69,127.0,185.0,58.0,-100.0,71.1,95.0
7,41,146.0,185.0,39.0,-100.1,84.4,78.4
16,24,177.0,185.0,8.0,-100.0,74.6,52.7
56,77,0.0,186.0,186.0,-100.0,47.5,53.2
65,67,0.0,186.0,186.0,-100.0,83.3,64.3
4,10,46.0,186.0,140.0,-100.1,93.0,39.2
17,41,128.0,186.0,58.0,-100.0,48.5,78.4
5,35,77.0,187.0,110.0,-100.0,98.4,86.1
6,34,0.0,188.0,188.0,-100.0,86.0,75.5
27,40,0.0,188.0,188.0,-100.0,50.6,44.0
49,72,0.0,188.0,188.0,-100.0,39.4,36.0
33,69,146.0,188.0,42.0,-100.0,89.2,95.0
4,17,162.0,188.0,26.0,-100.0,93.0,48.5
24,42,174.0,188.0,14.0,-100.0,52.7,90.1
44,64,20.0,189.0,169.0,-100.0,72.8,66.4
20,34,56.0,189.0,133.0,-100.0,59.0,75.5
15,32,98.0,189.0,91.0,-100.0,56.8,67.3
24,50,129.0,189.0,60.0,-100.0,52.7,96.9
45,56,0.0,190.0,190.0,-100.0,36.5,47.5
63,68,0.0,190.0,190.0,-100.0,62.4,71.8
9,17,30.0,190.0,160.0,-100.0,84.3,48.5
35,67,80.0,190.0,110.0,-100.0,86.1,64.3
35,68,100.0,190.0,90.0,-100.0,86.1,71.8
41,59,100.0,191.0,91.0,-100.0,78.4,72.9
7,68,116.0,191.0,75.0,-100.0,84.4,71.8
43,48,138.0,191.0,53.0,-100.0,39.1,95.3
5,59,0.0,192.0,192.0,-100.0,98.4,72.9
4,38,56.0,192.0,136.0,-100.2,93.0,50.0
48,54,113.0,192.0,79.0,-100.0,95.3,85.5
28,45,150.0,192.0,42.0,-100.0,96.2,36.5
20,75,0.0,193.0,193.0,-100.0,59.0,84.0
7,24,64.0,193.0,129.0,-100.0,84.4,52.7
35,43,134.0,193.0,59.0,-100.0,86.1,39.1
1,54,0.0,194.0,194.0,-100.0,94.5,85.5
8,77,0.0,194.0,194.0,-100.0,74.8,53.2
7,18,2.0,194.0,192.0,-100.0,84.4,39.6
39,41,128.0,194.0,66.0,-100.0,81.2,78.4
7,72,164.0,194.0,30.0,-100.0,84.4,35.9
56,67,0.0,195.0,195.0,-100.0,47.5,64.3
29,31,61.0,195.0,134.0,-100.0,93.9,52.8
18,35,64.0,195.0,131.0,-100.0,39.6,86.1
4,21,78.0,195.0,117.0,-100.1,93.0,46.1
3,5,0.0,196.0,196.0,-100.0,88.9,98.4
16,61,0.0,196.0,196.0,-100.0,74.6,69.3
28,46,0.0,196.0,196.0,-100.0,96.2,80.6
31,75,18.0,196.0,178.0,-100.0,52.8,84.0
8,32,78.0,196.0,118.0,-100.1,74.8,67.3
7,44,137.0,196.0,59.0,-100.0,84.4,72.8
13,46,6.0,197.0,191.0,-100.0,89.8,80.6
44,63,70.0,197.0,127.0,-100.0,72.8,62.4
48,68,122.0,197.0,75.0,-100.0,95.3,71.8
51,55,0.0,198.0,198.0,-100.0,85.9,96.0
43,57,0.0,199.0,199.0,-100.0,39.0,71.1
67,79,0.0,199.0,199.0,-100.0,64.3,83.2
0,10,98.0,199.0,101.0,-100.0,33.4,39.2
41,72,0.0,200.0,200.0,-100.0,78.4,35.9
3,54,16.0,200.0,184.0,-100.0,88.8,85.5
63,69,90.0,200.0,110.0,-100.0,62.4,95.0
7,69,107.0,200.0,93.0,-100.1,84.4,95.0
7,45,112.0,200.0,88.0,-100.0,84.4,36.5
29,51,153.0,201.0,48.0,-100.0,93.9,85.9
36,58,0.0,202.0,202.0,-100.0,67.1,36.5
2,20,66.0,202.0,136.0,-100.0,36.7,59.0
60,69,128.0,202.0,74.0,-100.0,41.8,95.0
42,69,159.0,202.0,43.0,-100.0,90.0,95.0
2,59,0.0,203.0,203.0,-100.0,36.7,72.9
22,27,0.0,203.0,203.0,-100.0,55.5,50.6
7,27,23.0,203.0,180.0,-100.0,84.4,50.6
59,74,69.0,205.0,136.0,-100.0,72.9,59.1
16,69,146.0,205.0,59.0,-100.1,74.6,95.0
8,55,0.0,206.0,206.0,-100.0,74.8,96.0
40,67,0.0,206.0,206.0,-100.0,44.0,64.2
41,47,117.0,206.0,89.0,-100.0,78.4,35.7
8,20,0.0,207.0,207.0,-100.0,74.8,59.0
6,67,0.0,209.0,209.0,-100.0,85.9,64.2
8,25,0.0,209.0,209.0,-99.9,74.8,56.4
13,48,0.0,209.0,209.0,-100.1,89.8,95.3
20,25,0.0,209.0,209.0,-100.0,59.0,56.4
7,74,106.0,209.0,103.0,-100.0,84.4,59.1
27,41,169.0,209.0,40.0,-100.0,50.6,78.4
24,44,159.0,210.0,51.0,-100.0,52.7,72.8
20,26,56.0,211.0,155.0,-100.0,59.0,77.8
22,75,61.0,211.0,150.0,-100.0,55.5,84.0
28,72,104.0,211.0,107.0,-100.1,96.2,35.9
40,72,174.0,211.0,37.0,-100.0,44.0,35.9
34,40,0.0,212.0,212.0,-100.0,75.5,44.0
59,67,0.0,212.0,212.0,-100.0,72.9,64.2
20,32,91.0,212.0,121.0,-100.1,59.0,67.3
32,40,100.0,212.0,112.0,-100.0,67.3,44.0
29,75,109.0,212.0,103.0,-100.1,93.9,84.0
7,66,119.0,212.0,93.0,-100.0,84.4,85.7
28,77,149.0,212.0,63.0,-100.1,96.2,53.1
29,32,176.0,212.0,36.0,-100.0,93.9,67.3
38,47,3.0,213.0,210.0,-100.0,50.0,35.7
58,75,109.0,213.0,104.0,-100.1,36.4,84.0
56,72,121.0,213.0,92.0,-100.1,47.5,35.9
28,73,130.0,213.0,83.0,-100.0,96.2,75.8
15,55,0.0,214.0,214.0,-100.0,56.7,96.0
59,72,118.0,214.0,96.0,-100.1,72.9,35.9
13,24,169.0,214.0,45.0,-100.0,89.8,52.7
2,79,0.0,215.0,215.0,-100.0,36.7,83.2
39,74,123.0,215.0,92.0,-100.0,81.2,59.1
41,48,180.0,215.0,35.0,-100.0,78.4,95.3
2,6,0.0,216.0,216.0,-100.0,36.7,85.9
8,45,0.0,216.0,216.0,-100.0,74.8,36.4
20,51,0.0,216.0,216.0,-100.0,59.0,85.8
34,59,0.0,216.0,216.0,-100.0,75.5,72.9
44,66,0.0,216.0,216.0,-100.0,72.8,85.7
45,63,200.0,216.0,16.0,-100.0,36.4,62.4
29,62,0.0,217.0,217.0,-100.0,93.9,69.9
57,68,0.0,217.0,217.0,-100.0,71.1,71.8
51,56,45.0,217.0,172.0,-100.0,85.8,47.5
27,59,0.0,218.0,218.0,-100.0,50.6,72.9
4,39,62.0,218.0,156.0,-100.0,93.0,81.2
42,50,115.0,218.0,103.0,-100.1,90.0,96.9
2,56,0.0,219.0,219.0,-100.0,36.7,47.5
27,65,0.0,219.0,219.0,-100.0,50.6,83.3
29,52,0.0,219.0,219.0,-100.0,93.9,71.3
5,20,72.0,219.0,147.0,-100.0,98.3,59.0
14,39,92.0,219.0,127.0,-100.1,62.2,81.2
7,23,75.0,220.0,145.0,-100.0,84.3,55.4
63,66,85.0,220.0,135.0,-100.0,62.4,85.7
1,35,121.0,220.0,99.0,-100.1,94.5,86.1
19,41,155.0,220.0,65.0,-100.0,63.2,78.4
33,43,0.0,221.0,221.0,-100.0,89.2,39.0
9,47,94.0,221.0,127.0,-99.9,84.3,35.7
41,46,113.0,221.0,108.0,-100.1,78.4,80.6
46,59,148.0,221.0,73.0,-100.1,80.6,72.9
24,59,181.0,221.0,40.0,-100.0,52.7,72.9
62,76,0.0,222.0,222.0,-100.0,69.8,76.8
20,31,55.0,222.0,167.0,-100.0,59.0,52.8
53,57,72.0,222.0,150.0,-100.0,84.6,71.1
24,65,73.0,222.0,149.0,-100.1,52.7,83.3
18,59,149.0,222.0,73.0,-100.0,39.6,72.9
48,59,156.0,222.0,66.0,-100.2,95.3,72.9
28,34,167.0,222.0,55.0,-100.1,96.2,75.5
13,69,0.0,223.0,223.0,-100.1,89.8,95.0
19,38,22.0,223.0,201.0,-100.0,63.2,49.9
44,69,32.0,223.0,191.0,-100.0,72.8,95.0
8,26,65.0,223.0,158.0,-100.0,74.7,77.8
14,19,74.0,223.0,149.0,-100.0,62.2,63.2
7,64,75.0,223.0,148.0,-100.0,84.3,66.4
52,75,79.0,223.0,144.0,-100.0,71.3,84.0
2,40,0.0,224.0,224.0,-100.0,36.7,43.9
34,56,0.0,224.0,224.0,-100.0,75.5,47.5
66,74,0.0,224.0,224.0,-100.0,85.7,59.1
54,68,0.0,225.0,225.0,-100.0,85.4,71.7
24,61,146.0,225.0,79.0,-100.0,52.7,69.3
0,74,154.0,225.0,71.0,-100.0,33.4,59.1
27,28,157.0,225.0,68.0,-100.0,50.6,96.2
17,39,0.0,226.0,226.0,-100.0,48.4,81.2
12,58,75.0,226.0,151.0,-100.0,65.8,36.4
4,19,95.0,226.0,131.0,-100.0,93.0,63.2
59,69,184.0,226.0,42.0,-100.2,72.9,95.0
4,34,219.0,226.0,7.0,-100.0,93.0,75.5
29,76,0.0,227.0,227.0,-100.0,93.9,76.8
4,47,77.0,227.0,150.0,-100.1,93.0,35.7
65,69,78.0,227.0,149.0,-100.1,83.2,95.0
0,41,122.0,227.0,105.0,-100.0,33.4,78.4
14,77,186.0,227.0,41.0,-100.1,62.2,53.1
33,42,0.0,228.0,228.0,-100.0,89.2,90.0
48,65,59.0,228.0,169.0,-100.0,95.3,83.2
40,51,85.0,228.0,143.0,-100.0,43.9,85.8
7,48,92.0,228.0,136.0,-99.9,84.3,95.3
72,74,126.0,228.0,102.0,-100.0,35.9,59.1
6,15,0.0,229.0,229.0,-100.0,85.9,56.7
18,65,0.0,229.0,229.0,-100.0,39.6,83.2
15,20,10.0,229.0,219.0,-100.0,56.7,59.0
13,66,12.0,230.0,218.0,-100.0,89.8,85.7
8,72,98.0,230.0,132.0,-100.0,74.7,35.9
61,69,111.0,230.0,119.0,-100.0,69.3,95.0
7,46,141.0,230.0,89.0,-100.1,84.3,80.6
59,66,152.0,230.0,78.0,-100.0,72.9,85.7
40,52,0.0,231.0,231.0,-100.0,43.9,71.3
14,47,67.0,231.0,164.0,-100.0,62.2,35.7
26,55,68.0,231.0,163.0,-100.0,77.8,96.0
46,65,131.0,231.0,100.0,-100.0,80.6,83.2
35,50,82.0,232.0,150.0,-100.0,86.1,96.9
48,72,168.0,232.0,64.0,-100.1,95.3,35.9
48,51,190.0,232.0,42.0,-100.0,95.3,85.8
27,56,0.0,233.0,233.0,-100.0,50.5,47.5
0,14,67.0,233.0,166.0,-100.0,33.4,62.2
48,69,0.0,234.0,234.0,-100.0,95.3,95.0
13,64,81.0,234.0,153.0,-100.0,89.8,66.3
30,57,0.0,235.0,235.0,-100.0,63.4,71.1
50,54,6.0,235.0,229.0,-100.0,96.9,85.4
20,78,63.0,235.0,172.0,-100.0,58.9,92.6
6,51,96.0,235.0,139.0,-100.0,85.9,85.8
44,61,101.0,235.0,134.0,-100.0,72.8,69.3
13,63,105.0,235.0,130.0,-100.0,89.8,62.4
45,74,122.0,235.0,113.0,-100.0,36.4,59.1
30,72,231.0,235.0,4.0,-100.0,63.4,35.9
46,72,154.0,236.0,82.0,-100.0,80.6,35.9
45,59,84.0,237.0,153.0,-100.0,36.4,72.9
65,66,97.0,237.0,140.0,-100.0,83.2,85.7
0,4,100.0,237.0,137.0,-100.0,33.4,92.9
59,64,139.0,237.0,98.0,-100.2,72.9,66.3
24,68,141.0,237.0,96.0,-100.0,52.7,71.7
59,63,163.0,237.0,74.0,-100.1,72.9,62.4
24,30,168.0,237.0,69.0,-100.0,52.7,63.4
4,77,197.0,237.0,40.0,-100.1,92.9,53.1
20,56,0.0,238.0,238.0,-100.0,58.9,47.5
48,66,0.0,238.0,238.0,-100.0,95.3,85.7
28,49,114.0,238.0,124.0,-100.1,96.2,39.4
17,72,202.0,238.0,36.0,-100.0,48.4,35.9
11,73,0.0,239.0,239.0,-100.0,67.3,75.8
8,51,11.0,239.0,228.0,-100.0,74.7,85.8
3,44,116.0,239.0,123.0,-100.0,88.8,72.8
25,55,0.0,240.0,240.0,-100.0,56.3,96.0
23,63,20.0,240.0,220.0,-100.0,55.4,62.4
9,39,24.0,240.0,216.0,-100.0,84.3,81.2
1,22,52.0,240.0,188.0,-100.0,94.5,55.5
30,48,114.0,240.0,126.0,-100.0,63.4,95.3
63,74,176.0,240.0,64.0,-100.0,62.4,59.1
4,15,238.0,240.0,2.0,-100.0,92.9,56.7
15,79,0.0,241.0,241.0,-100.0,56.7,83.1
57,61,43.0,241.0,198.0,-100.0,71.1,69.3
44,53,63.0,241.0,178.0,-100.0,72.8,84.5
30,69,75.0,241.0,166.0,-100.0,63.4,94.9
45,48,108.0,241.0,133.0,-100.1,36.4,95.3
7,13,129.0,241.0,112.0,-100.0,84.3,89.8
7,59,144.0,241.0,97.0,-100.1,84.3,72.9
23,48,59.0,242.0,183.0,-100.0,55.4,95.3
48,67,88.0,242.0,154.0,-100.0,95.3,64.2
7,53,114.0,242.0,128.0,-100.0,84.3,84.5
3,72,174.0,242.0,68.0,-100.0,88.8,35.9
3,24,82.0,243.0,161.0,-100.1,88.8,52.7
3,69,86.0,243.0,157.0,-100.0,88.8,94.9
44,65,108.0,243.0,135.0,-100.0,72.8,83.2
48,61,125.0,243.0,118.0,-100.0,95.3,69.3
51,79,126.0,243.0,117.0,-100.0,85.8,83.1
0,21,0.0,244.0,244.0,-100.0,33.4,46.0
5,6,0.0,244.0,244.0,-100.0,98.3,85.9
41,74,96.0,244.0,148.0,-100.1,78.4,59.1
15,28,167.0,244.0,77.0,-100.0,56.7,96.2
1,52,173.0,244.0,71.0,-100.0,94.5,71.3
26,40,0.0,245.0,245.0,-100.0,77.8,43.9
70,75,159.0,245.0,86.0,-100.1,38.1,84.0
30,44,0.0,246.0,246.0,-100.0,63.4,72.8
39,46,0.0,246.0,246.0,-100.0,81.2,80.6
3,48,70.0,246.0,176.0,-100.0,88.8,95.3
61,66,125.0,246.0,121.0,-100.0,69.3,85.7
17,59,162.0,246.0,84.0,-100.1,48.4,72.9
49,56,0.0,247.0,247.0,-100.0,39.4,47.5
20,37,15.0,247.0,232.0,-100.0,58.9,74.1
5,48,96.0,247.0,151.0,-100.0,98.3,95.3
23,59,157.0,247.0,90.0,-100.0,55.4,72.9
58,76,0.0,248.0,248.0,-100.0,36.4,76.7
14,73,167.0,248.0,81.0,-100.1,62.1,75.8
71,75,168.0,248.0,80.0,-100.0,37.9,84.0
13,33,211.0,248.0,37.0,-100.0,89.8,89.2
5,56,0.0,249.0,249.0,-100.0,98.3,47.5
7,30,135.0,250.0,115.0,-100.1,84.3,63.4
7,17,145.0,250.0,105.0,-100.1,84.3,48.4
41,73,173.0,250.0,77.0,-100.0,78.4,75.8
8,41,175.0,250.0,75.0,-100.1,74.7,78.4
31,40,0.0,251.0,251.0,-100.0,52.7,43.9
12,29,30.0,251.0,221.0,-99.9,65.7,93.9
27,54,126.0,251.0,125.0,-100.0,50.5,85.4
20,52,144.0,251.0,107.0,-100.0,58.9,71.3
24,43,146.0,251.0,105.0,-100.0,52.7,39.0
4,73,180.0,251.0,71.0,-100.1,92.9,75.8
4,27,207.0,251.0,44.0,-100.1,92.9,50.5
33,68,0.0,252.0,252.0,-100.0,89.1,71.7
68,69,107.0,252.0,145.0,-100.1,71.7,94.9
47,74,119.0,252.0,133.0,-100.0,35.7,59.0
62,75,175.0,252.0,77.0,-100.0,69.8,83.9
53,59,179.0,252.0,73.0,-100.2,84.5,72.9
43,59,191.0,252.0,61.0,-100.1,39.0,72.9
6,31,0.0,253.0,253.0,-100.0,85.9,52.7
22,50,134.0,253.0,119.0,-100.0,55.5,96.9
27,72,141.0,253.0,112.0,-100.0,50.5,35.9
50,52,197.0,253.0,56.0,-100.1,96.9,71.3
14,41,142.0,254.0,112.0,-100.1,62.1,78.4
28,74,100.0,256.0,156.0,-100.0,96.2,59.0
59,68,189.0,256.0,67.0,-100.0,72.9,71.7
3,7,25.0,257.0,232.0,-100.0,88.8,84.3
23,54,0.0,258.0,258.0,-100.0,55.4,85.4
48,53,88.0,258.0,170.0,-99.9,95.3,84.5
2,48,161.0,258.0,97.0,-100.0,36.7,95.3
59,61,178.0,258.0,80.0,-100.0,72.9,69.3
17,69,197.0,258.0,61.0,-100.0,48.4,94.9
3,66,105.0,259.0,154.0,-100.1,88.8,85.7
73,74,169.0,259.0,90.0,-100.0,75.8,59.0
24,72,192.0,259.0,67.0,-100.2,52.7,35.9
5,40,0.0,260.0,260.0,-100.0,98.3,43.9
55,56,45.0,260.0,215.0,-100.0,96.0,47.5
30,59,171.0,260.0,89.0,-100.0,63.4,72.9
24,45,181.0,260.0,79.0,-100.2,52.7,36.4
45,58,185.0,260.0,75.0,-100.0,36.4,36.4
46,51,225.0,260.0,35.0,-99.9,80.5,85.8
63,64,65.0,261.0,196.0,-100.0,62.4,66.3
24,35,88.0,261.0,173.0,-100.0,52.7,86.0
4,46,147.0,261.0,114.0,-100.0,92.9,80.5
20,58,150.0,261.0,111.0,-100.0,58.9,36.4
34,48,160.0,261.0,101.0,-100.1,75.4,95.3
45,46,171.0,261.0,90.0,-100.0,36.4,80.5
53,72,213.0,261.0,48.0,-100.0,84.5,35.9
8,67,0.0,262.0,262.0,-100.0,74.7,64.2
3,59,151.0,262.0,111.0,-100.0,88.8,72.9
15,48,187.0,262.0,75.0,-100.0,56.7,95.3
28,58,227.0,262.0,35.0,-100.0,96.2,36.4
53,69,84.0,263.0,179.0,-100.0,84.5,94.9
23,24,108.0,263.0,155.0,-100.1,55.4,52.7
14,34,218.0,263.0,45.0,-100.0,62.1,75.4
48,64,35.0,264.0,229.0,-100.0,95.3,66.3
14,49,170.0,264.0,94.0,-100.1,62.1,39.4
7,39,182.0,264.0,82.0,-100.0,84.3,81.2
4,48,200.0,264.0,64.0,-100.1,92.9,95.3
15,40,0.0,265.0,265.0,-100.0,56.7,43.9
43,69,121.0,265.0,144.0,-100.0,39.0,94.9
41,49,164.0,265.0,101.0,-100.2,78.4,39.4
45,69,189.0,265.0,76.0,-100.1,36.4,94.9
70,76,7.0,266.0,259.0,-100.0,38.1,76.7
18,48,88.0,266.0,178.0,-100.0,39.5,95.2
26,32,120.0,266.0,146.0,-100.1,77.7,67.2
3,46,148.0,266.0,118.0,-100.0,88.8,80.5
55,58,177.0,266.0,89.0,-100.0,96.0,36.4
24,51,193.0,266.0,73.0,-100.0,52.7,85.8
23,69,70.0,267.0,197.0,-100.0,55.4,94.9
45,54,161.0,267.0,106.0,-100.0,36.4,85.4
41,56,198.0,267.0,69.0,-100.0,78.4,47.5
28,55,217.0,267.0,50.0,-100.0,96.2,96.0
64,65,0.0,268.0,268.0,-100.0,66.3,83.2
24,53,168.0,268.0,100.0,-100.0,52.7,84.5
37,41,233.0,268.0,35.0,-100.0,74.0,78.4
55,78,28.0,269.0,241.0,-99.9,96.0,92.6
14,48,204.0,269.0,65.0,-100.0,62.1,95.2
71,76,0.0,270.0,270.0,-99.9,37.9,76.7
4,49,181.0,270.0,89.0,-100.0,92.9,39.3
24,52,197.0,270.0,73.0,-100.0,52.7,71.3
13,44,0.0,271.0,271.0,-99.9,89.8,72.7
15,56,0.0,271.0,271.0,-100.0,56.7,47.5
19,47,0.0,271.0,271.0,-100.0,63.2,35.6
61,68,0.0,271.0,271.0,-100.0,69.3,71.7
22,24,69.0,271.0,202.0,-100.0,55.5,52.7
63,65,81.0,271.0,190.0,-100.0,62.3,83.2
6,58,97.0,271.0,174.0,-100.0,85.9,36.4
46,63,127.0,271.0,144.0,-100.0,80.5,62.3
17,48,139.0,271.0,132.0,-100.1,48.4,95.2
17,24,203.0,271.0,68.0,-100.0,48.4,52.7
2,14,233.0,272.0,39.0,-100.0,36.7,62.1
43,65,135.0,273.0,138.0,-100.0,39.0,83.2
22,45,149.0,273.0,124.0,-100.0,55.5,36.4
41,77,184.0,273.0,89.0,-100.0,78.4,53.1
51,69,202.0,273.0,71.0,-100.1,85.8,94.9
36,75,134.0,274.0,140.0,-100.0,67.0,83.9
35,69,179.0,274.0,95.0,-100.0,86.0,94.9
29,36,0.0,275.0,275.0,-100.0,93.9,67.0
31,79,0.0,275.0,275.0,-100.0,52.7,83.1
30,63,53.0,275.0,222.0,-100.0,63.4,62.3
65,68,96.0,275.0,179.0,-100.0,83.2,71.7
67,74,206.0,275.0,69.0,-100.0,64.2,59.0
72,76,258.0,275.0,17.0,-100.0,35.9,76.7
24,67,0.0,276.0,276.0,-100.0,52.6,64.2
46,61,197.0,276.0,79.0,-100.0,80.5,69.3
14,27,210.0,277.0,67.0,-100.1,62.1,50.5
6,40,0.0,278.0,278.0,-100.0,85.9,43.9
53,63,1.0,278.0,277.0,-100.0,84.5,62.3
35,42,178.0,278.0,100.0,-100.0,86.0,90.0
24,34,186.0,278.0,92.0,-100.0,52.6,75.4
64,69,58.0,279.0,221.0,-100.0,66.3,94.9
24,66,142.0,279.0,137.0,-100.0,52.6,85.7
13,16,201.0,279.0,78.0,-100.0,89.8,74.5
7,9,212.0,279.0,67.0,-100.0,84.3,84.2
34,69,197.0,280.0,83.0,-100.1,75.4,94.9
54,64,55.0,281.0,226.0,-100.0,85.4,66.3
12,70,79.0,281.0,202.0,-100.0,65.7,38.1
27,69,195.0,281.0,86.0,-100.1,50.5,94.9
24,64,93.0,282.0,189.0,-100.1,52.6,66.3
69,72,198.0,282.0,84.0,-100.0,94.9,35.9
53,65,0.0,283.0,283.0,-100.0,84.5,83.2
6,29,62.0,283.0,221.0,-100.0,85.9,93.9
24,48,96.0,283.0,187.0,-100.0,52.6,95.2
25,32,126.0,283.0,157.0,-100.1,56.3,67.2
51,58,152.0,283.0,131.0,-100.0,85.8,36.4
2,24,184.0,283.0,99.0,-100.1,36.7,52.6
67,69,190.0,283.0,93.0,-100.1,64.2,94.9
14,18,236.0,283.0,47.0,-100.0,62.1,39.5
17,63,115.0,284.0,169.0,-100.1,48.4,62.3
51,54,175.0,284.0,109.0,-100.0,85.8,85.4
2,69,196.0,284.0,88.0,-100.1,36.7,94.9
45,61,199.0,284.0,85.0,-100.0,36.4,69.3
14,31,250.0,284.0,34.0,-100.0,62.1,52.7
12,52,0.0,285.0,285.0,-100.0,65.7,71.3
30,66,18.0,285.0,267.0,-100.0,63.4,85.7
27,51,102.0,285.0,183.0,-100.0,50.5,85.8
28,32,220.0,285.0,65.0,-100.2,96.1,67.2
27,45,42.0,286.0,244.0,-100.0,50.5,36.4
8,34,58.0,286.0,228.0,-100.0,74.7,75.4
58,79,71.0,286.0,215.0,-100.0,36.4,83.1
17,65,136.0,286.0,150.0,-100.0,48.4,83.2
27,66,141.0,286.0,145.0,-100.0,50.5,85.7
50,79,225.0,286.0,61.0,-100.0,96.8,83.1
72,79,231.0,286.0,55.0,-100.0,35.9,83.1
42,43,0.0,287.0,287.0,-99.9,90.0,39.0
46,66,26.0,287.0,261.0,-100.0,80.5,85.7
12,62,57.0,287.0,230.0,-100.0,65.7,69.8
35,54,83.0,287.0,204.0,-100.0,86.0,85.4
4,41,145.0,287.0,142.0,-100.0,92.9,78.3
29,79,7.0,288.0,281.0,-100.0,93.9,83.1
12,71,104.0,288.0,184.0,-100.0,65.7,37.9
34,74,180.0,288.0,108.0,-100.0,75.4,59.0
24,31,185.0,288.0,103.0,-100.0,52.6,52.7
55,62,248.0,288.0,40.0,-100.0,95.9,69.8
23,65,0.0,289.0,289.0,-100.0,55.4,83.2
29,58,0.0,289.0,289.0,-100.0,93.9,36.4
43,61,0.0,289.0,289.0,-100.0,39.0,69.3
4,74,158.0,289.0,131.0,-100.0,92.9,59.0
33,60,93.0,290.0,197.0,-100.0,89.1,41.7
32,78,149.0,291.0,142.0,-100.0,67.2,92.6
18,69,177.0,291.0,114.0,-100.0,39.5,94.9
4,8,203.0,291.0,88.0,-100.0,92.9,74.7
5,79,0.0,292.0,292.0,-100.0,98.3,83.1
8,28,136.0,292.0,156.0,-100.0,74.7,96.1
14,28,154.0,292.0,138.0,-100.2,62.1,96.1
34,54,155.0,292.0,137.0,-100.0,75.4,85.4
52,69,210.0,292.0,82.0,-100.0,71.3,94.9
28,74,259.0,292.0,33.0,-100.0,96.1,59.0
48,63,100.0,293.0,193.0,-100.0,95.2,62.3
24,27,183.0,293.0,110.0,-100.0,52.6,50.5
31,69,199.0,293.0,94.0,-100.0,52.7,94.9
14,25,262.0,293.0,31.0,-100.0,62.1,56.3
18,24,69.0,294.0,225.0,-100.0,39.5,52.6
13,43,163.0,294.0,131.0,-100.0,89.7,39.0
15,24,203.0,294.0,91.0,-100.1,56.7,52.6
50,76,204.0,294.0,90.0,-100.0,96.8,76.7
14,15,220.0,294.0,74.0,-100.0,62.1,56.7
22,35,86.0,295.0,209.0,-100.0,55.4,86.0
45,65,142.0,295.0,153.0,-100.0,36.4,83.2
13,68,147.0,295.0,148.0,-100.0,89.7,71.7
40,79,0.0,296.0,296.0,-100.0,43.9,83.1
24,54,107.0,296.0,189.0,-100.0,52.6,85.4
2,54,143.0,296.0,153.0,-100.0,36.6,85.4
6,69,243.0,296.0,53.0,-100.0,85.8,94.9
27,48,70.0,297.0,227.0,-100.0,50.5,95.2
5,24,186.0,297.0,111.0,-100.0,98.3,52.6
11,41,213.0,297.0,84.0,-100.0,67.2,78.3
15,69,213.0,297.0,84.0,-100.0,56.7,94.9
48,74,170.0,298.0,128.0,-100.0,95.2,59.0
8,48,197.0,298.0,101.0,-100.0,74.7,95.2
42,72,245.0,298.0,53.0,-100.1,90.0,35.8
66,69,30.0,299.0,269.0,-100.0,85.6,94.9
45,66,154.0,299.0,145.0,-100.0,36.4,85.6
22,51,158.0,299.0,141.0,-100.0,55.4,85.8
4,32,257.0,299.0,42.0,-100.0,92.9,67.2
1,71,260.0,299.0,39.0,-100.0,94.4,37.9
70,79,68.0,300.0,232.0,-100.0,38.1,83.1
50,75,211.0,300.0,89.0,-100.1,96.8,83.9
32,58,262.0,300.0,38.0,-100.0,67.2,36.4
20,50,271.0,300.0,29.0,-100.0,58.9,96.8
16,42,0.0,301.0,301.0,-100.0,74.5,89.9
5,45,24.0,301.0,277.0,-100.0,98.3,36.4
12,55,194.0,301.0,107.0,-100.0,65.7,95.9
22,69,194.0,301.0,107.0,-100.1,55.4,94.9
28,40,194.0,301.0,107.0,-100.1,96.1,43.9
12,32,299.0,301.0,2.0,-100.1,65.7,67.2
30,46,0.0,302.0,302.0,-100.0,63.4,80.5
44,57,78.0,302.0,224.0,-100.0,72.7,71.0
14,46,154.0,302.0,148.0,-100.0,62.1,80.5
1,75,173.0,302.0,129.0,-100.0,94.4,83.9
27,63,191.0,302.0,111.0,-100.0,50.5,62.3
1,79,209.0,302.0,93.0,-100.0,94.4,83.1
5,69,199.0,303.0,104.0,-100.0,98.3,94.9
2,74,201.0,303.0,102.0,-100.0,36.6,59.0
5,14,234.0,303.0,69.0,-100.0,98.3,62.1
43,54,0.0,304.0,304.0,-100.0,38.9,85.4
2,22,62.0,304.0,242.0,-100.0,36.6,55.4
46,48,76.0,304.0,228.0,-100.1,80.5,95.2
46,67,199.0,304.0,105.0,-100.0,80.5,64.1
28,29,228.0,304.0,76.0,-100.0,96.1,93.8
18,22,0.0,305.0,305.0,-100.0,39.5,55.4
59,65,152.0,305.0,153.0,-100.2,72.8,83.2
13,59,167.0,305.0,138.0,-100.1,89.7,72.8
1,76,171.0,305.0,134.0,-100.0,94.4,76.7
6,70,174.0,305.0,131.0,-100.0,85.8,38.1
13,45,212.0,305.0,93.0,-100.0,89.7,36.4
6,50,226.0,305.0,79.0,-100.1,85.8,96.8
69,79,237.0,305.0,68.0,-100.0,94.9,83.1
60,61,92.0,306.0,214.0,-100.0,41.7,69.2
49,74,144.0,306.0,162.0,-100.0,39.3,59.0
71,79,165.0,306.0,141.0,-100.0,37.9,83.1
45,53,199.0,306.0,107.0,-100.0,36.3,84.5
18,45,111.0,307.0,196.0,-100.1,39.5,36.3
3,51,221.0,307.0,86.0,-100.0,88.7,85.8
51,53,228.0,307.0,79.0,-100.0,85.8,84.5
14,58,241.0,307.0,66.0,-100.0,62.1,36.3
57,60,0.0,308.0,308.0,-100.0,71.0,41.7
4,14,84.0,308.0,224.0,-100.0,92.9,62.1
18,51,146.0,308.0,162.0,-100.0,39.5,85.8
7,21,211.0,308.0,97.0,-100.0,84.3,46.0
34,61,223.0,308.0,85.0,-100.0,75.4,69.2
24,55,286.0,308.0,22.0,-100.0,52.6,95.9
18,54,24.0,309.0,285.0,-100.0,39.5,85.3
54,67,136.0,309.0,173.0,-100.0,85.3,64.1
51,66,194.0,309.0,115.0,-100.1,85.8,85.6
35,66,210.0,309.0,99.0,-100.0,86.0,85.6
17,47,0.0,311.0,311.0,-100.0,48.3,35.6
36,76,0.0,311.0,311.0,-100.0,67.0,76.7
13,53,104.0,311.0,207.0,-100.0,89.7,84.5
5,51,106.0,311.0,205.0,-100.0,98.3,85.7
13,57,161.0,311.0,150.0,-100.0,89.7,71.0
60,65,192.0,311.0,119.0,-100.0,41.7,83.2
8,14,201.0,311.0,110.0,-100.0,74.7,62.1
4,32,302.0,311.0,9.0,-100.0,92.9,67.2
58,69,217.0,312.0,95.0,-100.0,36.3,94.9
46,69,225.0,312.0,87.0,-100.1,80.5,94.9
14,24,235.0,313.0,78.0,-100.2,62.1,52.6
30,65,115.0,314.0,199.0,-100.1,63.3,83.2
32,36,271.0,314.0,43.0,-100.1,67.2,67.0
40,46,299.0,314.0,15.0,-100.0,43.9,80.5
53,66,55.0,315.0,260.0,-100.0,84.5,85.6
35,52,141.0,315.0,174.0,-100.0,86.0,71.2
54,72,190.0,315.0,125.0,-100.0,85.3,35.8
3,67,73.0,316.0,243.0,-100.0,88.7,64.1
45,52,165.0,316.0,151.0,-100.0,36.3,71.2
2,66,173.0,316.0,143.0,-100.0,36.6,85.6
64,66,0.0,317.0,317.0,-100.0,66.3,85.6
26,37,69.0,317.0,248.0,-100.0,77.7,74.0
22,34,83.0,317.0,234.0,-100.0,55.4,75.4
18,66,140.0,317.0,177.0,-100.0,39.5,85.6
6,71,184.0,317.0,133.0,-100.0,85.8,37.9
4,28,186.0,317.0,131.0,-100.0,92.9,96.1
24,58,207.0,317.0,110.0,-100.0,52.6,36.3
4,56,218.0,317.0,99.0,-100.1,92.9,47.4
13,17,24.0,318.0,294.0,-100.0,89.7,48.3
62,70,28.0,318.0,290.0,-99.9,69.8,38.1
3,68,79.0,318.0,239.0,-100.0,88.7,71.7
42,59,303.0,318.0,15.0,-100.1,89.9,72.8
3,53,0.0,319.0,319.0,-100.0,88.7,84.5
26,56,0.0,319.0,319.0,-100.0,77.7,47.4
23,61,81.0,319.0,238.0,-100.0,55.3,69.2
14,56,216.0,319.0,103.0,-100.0,62.1,47.4
4,26,242.0,319.0,77.0,-100.0,92.9,77.7
52,58,10.0,320.0,310.0,-100.0,71.2,36.3
22,58,111.0,320.0,209.0,-100.0,55.4,36.3
28,78,231.0,320.0,89.0,-100.0,96.1,92.6
6,32,266.0,320.0,54.0,-100.0,85.8,67.2
32,76,286.0,320.0,34.0,-100.0,67.2,76.7
3,63,67.0,321.0,254.0,-100.0,88.7,62.3
51,72,98.0,321.0,223.0,-100.0,85.7,35.8
45,72,127.0,321.0,194.0,-100.1,36.3,35.8
51,64,182.0,321.0,139.0,-100.0,85.7,66.3
28,37,187.0,321.0,134.0,-100.0,96.1,74.0
22,72,195.0,321.0,126.0,-100.0,55.4,35.8
17,45,196.0,321.0,125.0,-100.0,48.3,36.3
24,46,213.0,321.0,108.0,-100.1,52.6,80.5
58,66,220.0,321.0,101.0,-100.0,36.3,85.6
17,51,233.0,321.0,88.0,-100.0,48.3,85.7
23,66,0.0,322.0,322.0,-100.0,55.3,85.6
14,74,155.0,322.0,167.0,-100.0,62.1,59.0
34,66,169.0,322.0,153.0,-100.0,75.4,85.6
1,20,257.0,322.0,65.0,-100.0,94.4,58.9
2,8,85.0,323.0,238.0,-100.0,36.6,74.6
45,64,125.0,323.0,198.0,-100.0,36.3,66.3
31,54,136.0,323.0,187.0,-100.0,52.7,85.3
33,44,150.0,323.0,173.0,-100.0,89.1,72.7
17,61,158.0,323.0,165.0,-100.0,48.3,69.2
66,72,169.0,323.0,154.0,-100.1,85.6,35.8
31,74,237.0,323.0,86.0,-100.0,52.7,59.0
74,77,310.0,323.0,13.0,-100.0,59.0,53.0
7,63,111.0,324.0,213.0,-100.1,84.2,62.3
40,58,120.0,324.0,204.0,-100.0,43.8,36.3
3,45,139.0,324.0,185.0,-100.0,88.7,36.3
33,59,235.0,324.0,89.0,-100.1,89.1,72.8
42,45,266.0,324.0,58.0,-100.0,89.9,36.3
13,34,274.0,324.0,50.0,-100.0,89.7,75.4
3,43,127.0,325.0,198.0,-100.0,88.7,38.9
34,46,186.0,325.0,139.0,-99.9,75.4,80.5
0,63,243.0,325.0,82.0,-100.0,33.3,62.3
14,22,286.0,325.0,39.0,-100.0,62.1,55.4
36,79,0.0,326.0,326.0,-100.0,67.0,83.1
8,69,236.0,326.0,90.0,-100.1,74.6,94.9
28,77,300.0,326.0,26.0,-100.0,96.1,53.0
8,49,0.0,327.0,327.0,-100.0,74.6,39.3
64,74,0.0,327.0,327.0,-100.0,66.3,59.0
15,54,192.0,327.0,135.0,-100.0,56.6,85.3
47,48,204.0,327.0,123.0,-100.0,35.6,95.2
7,10,239.0,327.0,88.0,-100.0,84.2,39.1
46,77,310.0,327.0,17.0,-100.0,80.5,53.0
61,65,113.0,328.0,215.0,-100.0,69.2,83.1
7,47,184.0,328.0,144.0,-100.0,84.2,35.6
15,74,194.0,328.0,134.0,-100.0,56.6,59.0
14,66,281.0,328.0,47.0,-100.0,62.1,85.6
53,61,37.0,329.0,292.0,-100.0,84.5,69.2
3,17,149.0,329.0,180.0,-100.0,88.7,48.3
32,79,265.0,329.0,64.0,-100.0,67.2,83.0
13,60,177.0,330.0,153.0,-100.0,89.7,41.7
35,51,208.0,330.0,122.0,-100.1,86.0,85.7
44,66,296.0,330.0,34.0,-100.0,72.7,85.6
28,56,157.0,331.0,174.0,-100.0,96.1,47.4
1,6,210.0,331.0,121.0,-100.0,94.4,85.8
35,45,210.0,331.0,121.0,-100.0,86.0,36.3
20,62,233.0,331.0,98.0,-100.0,58.9,69.7
15,45,0.0,332.0,332.0,-100.0,56.6,36.3
21,47,0.0,332.0,332.0,-100.0,45.9,35.6
51,52,145.0,332.0,187.0,-100.0,85.7,71.2
52,72,199.0,332.0,133.0,-100.1,71.2,35.8
24,70,328.0,332.0,4.0,-100.0,52.6,38.0
6,52,6.0,333.0,327.0,-100.0,85.8,71.2
54,58,170.0,333.0,163.0,-100.0,85.3,36.3
46,49,210.0,333.0,123.0,-100.0,80.5,39.3
36,55,215.0,333.0,118.0,-100.0,67.0,95.9
43,51,220.0,333.0,113.0,-100.0,38.9,85.7
4,24,246.0,333.0,87.0,-100.0,92.9,52.6
27,74,71.0,334.0,263.0,-100.0,50.4,59.0
43,45,199.0,334.0,135.0,-100.0,38.9,36.3
57,59,213.0,334.0,121.0,-100.0,71.0,72.8
16,35,265.0,334.0,69.0,-100.0,74.4,86.0
46,54,297.0,334.0,37.0,-100.0,80.5,85.3
32,66,298.0,334.0,36.0,-100.0,67.1,85.6
72,74,299.0,334.0,35.0,-100.0,35.8,59.0
52,53,300.0,334.0,34.0,-100.0,71.2,84.4
8,77,309.0,334.0,25.0,-100.0,74.6,53.0
31,51,128.0,335.0,207.0,-100.0,52.6,85.7
61,64,129.0,335.0,206.0,-100.0,69.2,66.2
31,66,192.0,335.0,143.0,-100.0,52.6,85.6
42,51,257.0,335.0,78.0,-100.1,89.9,85.7
13,64,262.0,335.0,73.0,-100.0,89.7,66.2
56,77,304.0,335.0,31.0,-100.0,47.4,53.0
15,51,50.0,336.0,286.0,-100.0,56.6,85.7
13,23,96.0,336.0,240.0,-100.0,89.7,55.3
34,58,141.0,336.0,195.0,-100.0,75.3,36.3
8,24,222.0,336.0,114.0,-100.0,74.6,52.6
54,69,169.0,337.0,168.0,-100.0,85.3,94.8
24,77,300.0,337.0,37.0,-100.0,52.6,53.0
26,78,0.0,338.0,338.0,-100.0,77.7,92.5
17,66,35.0,338.0,303.0,-100.0,48.3,85.6
19,73,170.0,338.0,168.0,-100.0,63.1,75.7
14,32,258.0,338.0,80.0,-100.1,62.1,67.1
31,45,0.0,339.0,339.0,-100.0,52.6,36.3
66,67,159.0,339.0,180.0,-100.0,85.6,64.1
1,12,210.0,340.0,130.0,-100.0,94.4,65.7
30,51,237.0,340.0,103.0,-100.0,63.3,85.7
22,32,289.0,340.0,51.0,-100.0,55.4,67.1
3,18,0.0,341.0,341.0,-100.0,88.7,39.4
30,61,102.0,341.0,239.0,-100.0,63.3,69.2
20,69,265.0,341.0,76.0,-100.0,58.8,94.8
66,68,126.0,342.0,216.0,-100.0,85.6,71.6
58,67,149.0,342.0,193.0,-100.0,36.3,64.1
14,69,246.0,342.0,96.0,-100.0,62.1,94.8
14,76,302.0,342.0,40.0,-100.0,62.1,76.6
15,66,196.0,343.0,147.0,-100.0,56.6,85.6
2,61,241.0,343.0,102.0,-100.0,36.6,69.2
3,47,273.0,343.0,70.0,-100.0,88.7,35.6
18,52,99.0,344.0,245.0,-100.0,39.4,71.2
30,45,199.0,344.0,145.0,-100.0,63.3,36.3
34,53,214.0,344.0,130.0,-100.0,75.3,84.4
27,49,287.0,344.0,57.0,-99.9,50.4,39.3
36,70,0.0,345.0,345.0,-100.0,66.9,38.0
55,69,262.0,345.0,83.0,-100.2,95.9,94.8
51,59,280.0,345.0,65.0,-100.0,85.7,72.8
52,59,308.0,345.0,37.0,-100.0,71.2,72.8
16,43,0.0,346.0,346.0,-100.0,74.4,38.9
62,71,0.0,346.0,346.0,-100.0,69.7,37.9
43,66,159.0,346.0,187.0,-100.0,38.9,85.6
48,73,230.0,346.0,116.0,-100.1,95.2,75.7
24,40,235.0,346.0,111.0,-100.0,52.6,43.8
45,59,271.0,347.0,76.0,-100.0,36.3,72.8
52,54,146.0,348.0,202.0,-100.0,71.2,85.3
23,51,201.0,348.0,147.0,-100.1,55.3,85.7
24,74,221.0,348.0,127.0,-100.1,52.6,59.0
2,51,100.0,349.0,249.0,-99.9,36.6,85.7
18,74,202.0,349.0,147.0,-100.0,39.4,59.0
53,67,214.0,349.0,135.0,-100.0,84.4,64.1
51,60,254.0,349.0,95.0,-100.1,85.7,41.6
34,72,145.0,350.0,205.0,-100.0,75.3,35.8
23,45,148.0,350.0,202.0,-100.0,55.3,36.3
67,72,150.0,350.0,200.0,-100.1,64.1,35.8
3,64,0.0,351.0,351.0,-100.0,88.7,66.2
7,61,127.0,351.0,224.0,-100.0,84.2,69.2
3,60,206.0,351.0,145.0,-100.0,88.7,41.6
4,25,245.0,351.0,106.0,-100.0,92.8,56.2
32,69,265.0,351.0,86.0,-100.1,67.1,94.8
21,39,0.0,352.0,352.0,-100.0,45.9,81.1
22,31,34.0,352.0,318.0,-99.9,55.4,52.6
45,60,237.0,352.0,115.0,-100.0,36.3,41.6
69,74,237.0,352.0,115.0,-100.1,94.8,58.9
13,30,71.0,353.0,282.0,-99.9,89.7,63.3
24,69,133.0,353.0,220.0,-100.0,52.6,94.8
68,72,215.0,353.0,138.0,-100.1,71.6,35.8
14,29,258.0,353.0,95.0,-100.0,62.0,93.8
46,56,253.0,354.0,101.0,-100.0,80.4,47.4
44,72,258.0,354.0,96.0,-100.0,72.7,35.8
24,37,265.0,354.0,89.0,-100.0,52.6,73.9
47,63,184.0,355.0,171.0,-100.0,35.6,62.3
24,32,265.0,355.0,90.0,-100.0,52.6,67.1
1,14,329.0,355.0,26.0,-100.0,94.4,62.0
25,74,351.0,355.0,4.0,-100.0,56.2,58.9
24,78,310.0,356.0,46.0,-100.0,52.6,92.5
10,39,0.0,357.0,357.0,-100.0,39.1,81.1
3,27,0.0,358.0,358.0,-100.0,88.7,50.4
5,54,132.0,358.0,226.0,-100.0,98.2,85.3
5,66,170.0,358.0,188.0,-100.0,98.2,85.6
25,28,198.0,358.0,160.0,-100.0,56.2,96.1
56,58,199.0,358.0,159.0,-100.0,47.4,36.3
35,67,203.0,358.0,155.0,-100.1,85.9,64.1
3,34,148.0,359.0,211.0,-100.0,88.7,75.3
35,53,238.0,359.0,121.0,-100.0,85.9,84.4
2,45,0.0,360.0,360.0,-100.0,36.6,36.3
3,23,0.0,360.0,360.0,-100.0,88.7,55.3
8,37,38.0,360.0,322.0,-100.0,74.6,73.9
6,55,109.0,360.0,251.0,-100.0,85.8,95.9
35,68,203.0,360.0,157.0,-100.0,85.9,71.6
16,59,222.0,360.0,138.0,-100.0,74.4,72.8
17,35,253.0,360.0,107.0,-100.0,48.3,85.9
56,69,253.0,360.0,107.0,-100.0,47.4,94.8
44,51,258.0,360.0,102.0,-100.0,72.6,85.7
44,45,238.0,361.0,123.0,-100.1,72.6,36.3
39,63,176.0,362.0,186.0,-100.0,81.1,62.3
2,53,220.0,362.0,142.0,-100.0,36.6,84.4
35,44,233.0,362.0,129.0,-100.0,85.9,72.6
24,29,261.0,362.0,101.0,-100.0,52.6,93.8
45,68,197.0,363.0,166.0,-100.0,36.3,71.6
34,35,231.0,363.0,132.0,-100.0,75.3,85.9
7,72,320.0,363.0,43.0,-100.0,84.2,35.8
22,67,67.0,364.0,297.0,-100.0,55.4,64.1
5,35,208.0,364.0,156.0,-100.0,98.2,85.9
7,13,268.0,364.0,96.0,-100.1,84.2,89.7
20,32,217.0,365.0,148.0,-100.0,58.8,67.1
5,32,320.0,365.0,45.0,-100.0,98.2,67.1
13,65,107.0,366.0,259.0,-100.0,89.7,83.1
15,72,141.0,366.0,225.0,-100.1,56.6,35.8
40,69,245.0,366.0,121.0,-100.0,43.8,94.8
53,68,0.0,367.0,367.0,-100.0,84.4,71.6
17,72,273.0,367.0,94.0,-100.0,48.3,35.8
14,62,320.0,367.0,47.0,-100.0,62.0,69.7
18,34,86.0,368.0,282.0,-100.0,39.4,75.3
3,30,122.0,368.0,246.0,-100.0,88.7,63.3
35,43,201.0,368.0,167.0,-100.1,85.9,38.9
27,61,219.0,368.0,149.0,-100.0,50.4,69.2
34,59,287.0,368.0,81.0,-100.1,75.3,72.8
51,68,225.0,369.0,144.0,-100.0,85.7,71.6
60,72,270.0,369.0,99.0,-100.0,41.6,35.8
4,69,274.0,369.0,95.0,-100.2,92.8,94.8
59,67,289.0,369.0,80.0,-100.2,72.8,64.1
13,27,292.0,369.0,77.0,-100.0,89.7,50.4
5,72,158.0,370.0,212.0,-100.1,98.2,35.8
32,71,245.0,370.0,125.0,-100.0,67.1,37.8
4,78,267.0,370.0,103.0,-100.0,92.8,92.5
8,15,0.0,371.0,371.0,-99.9,74.6,56.6
18,61,190.0,371.0,181.0,-100.0,39.4,69.2
35,60,251.0,371.0,120.0,-100.0,85.9,41.6
59,68,269.0,371.0,102.0,-100.1,72.8,71.6
3,72,303.0,371.0,68.0,-100.0,88.7,35.8
23,72,178.0,372.0,194.0,-100.0,55.3,35.8
15,22,182.0,372.0,190.0,-100.0,56.6,55.4
20,36,199.0,372.0,173.0,-100.0,58.8,66.9
2,72,157.0,374.0,217.0,-100.0,36.6,35.8
14,70,280.0,374.0,94.0,-100.1,62.0,38.0
27,34,0.0,375.0,375.0,-100.0,50.4,75.3
7,65,29.0,375.0,346.0,-100.0,84.2,83.1
43,72,212.0,375.0,163.0,-100.0,38.9,35.8
15,53,241.0,375.0,134.0,-100.0,56.6,84.4
8,72,297.0,375.0,78.0,-100.0,74.6,35.8
25,32,333.0,375.0,42.0,-100.0,56.2,67.1
31,72,176.0,376.0,200.0,-100.0,52.6,35.8
15,35,234.0,376.0,142.0,-100.1,56.6,85.9
4,55,349.0,376.0,27.0,-100.0,92.8,95.8
36,71,0.0,377.0,377.0,-100.0,66.9,37.8
28,41,96.0,377.0,281.0,-100.1,96.0,78.3
4,29,263.0,377.0,114.0,-100.0,92.8,93.8
30,72,273.0,377.0,104.0,-100.0,63.3,35.8
32,54,273.0,377.0,104.0,-100.1,67.1,85.3
6,54,187.0,378.0,191.0,-100.0,85.8,85.3
11,28,302.0,378.0,76.0,-100.0,67.1,96.0
7,35,306.0,378.0,72.0,-100.0,84.2,85.9
17,34,204.0,379.0,175.0,-100.0,48.3,75.3
17,32,345.0,379.0,34.0,-100.0,48.3,67.1
34,43,222.0,380.0,158.0,-100.1,75.3,38.9
7,59,317.0,380.0,63.0,-100.1,84.2,72.8
31,53,239.0,381.0,142.0,-100.0,52.6,84.4
53,72,268.0,381.0,113.0,-100.1,84.4,35.8
15,58,158.0,382.0,224.0,-100.0,56.6,36.3
64,72,158.0,382.0,224.0,-100.0,66.2,35.8
3,7,269.0,382.0,113.0,-100.0,88.7,84.2
18,67,54.0,383.0,329.0,-100.0,39.4,64.1
30,35,247.0,383.0,136.0,-100.0,63.3,85.9
32,37,131.0,384.0,253.0,-100.1,67.1,73.9
23,35,214.0,384.0,170.0,-100.0,55.3,85.9
52,66,216.0,384.0,168.0,-100.0,71.2,85.6
35,64,229.0,384.0,155.0,-100.0,85.9,66.2
14,71,285.0,384.0,99.0,-100.0,62.0,37.8
4,66,377.0,384.0,7.0,-100.0,92.8,85.6
3,59,263.0,385.0,122.0,-100.0,88.7,72.7
14,36,306.0,385.0,79.0,-100.0,62.0,66.9
42,67,286.0,386.0,100.0,-100.0,89.9,64.1
14,37,243.0,387.0,144.0,-100.0,62.0,73.9
23,53,0.0,388.0,388.0,-100.0,55.3,84.4
32,55,123.0,388.0,265.0,-100.0,67.1,95.8
19,77,205.0,388.0,183.0,-100.0,63.1,53.0
32,70,239.0,388.0,149.0,-100.0,67.1,38.0
4,6,371.0,388.0,17.0,-100.2,92.8,85.8
54,79,192.0,389.0,197.0,-100.0,85.3,83.0
2,17,220.0,389.0,169.0,-100.0,36.5,48.3
35,46,273.0,389.0,116.0,-100.0,85.9,80.4
46,72,288.0,389.0,101.0,-100.0,80.4,35.7
6,20,2.0,390.0,388.0,-100.0,85.8,58.8
26,41,229.0,390.0,161.0,-100.0,77.6,78.2
19,39,0.0,391.0,391.0,-99.9,63.1,81.1
3,61,104.0,391.0,287.0,-100.0,88.7,69.2
50,62,269.0,391.0,122.0,-100.0,96.7,69.7
27,72,281.0,391.0,110.0,-100.0,50.4,35.7
15,59,305.0,391.0,86.0,-100.0,56.6,72.7
4,14,333.0,391.0,58.0,-100.1,92.8,62.0
27,35,251.0,392.0,141.0,-100.1,50.4,85.9
55,70,204.0,393.0,189.0,-100.0,95.8,38.0
32,40,215.0,393.0,178.0,-100.0,67.1,43.8
42,44,199.0,394.0,195.0,-100.0,89.9,72.6
14,40,243.0,394.0,151.0,-100.0,62.0,43.8
34,60,259.0,394.0,135.0,-100.0,75.3,41.6
32,46,317.0,394.0,77.0,-100.0,67.1,80.4
7,18,323.0,394.0,71.0,-100.0,84.2,39.4
1,50,110.0,395.0,285.0,-100.0,94.3,96.7
13,63,285.0,395.0,110.0,-100.0,89.6,62.2
59,73,365.0,395.0,30.0,-100.0,72.7,75.7
0,73,168.0,396.0,228.0,-100.0,33.2,75.7
54,76,212.0,396.0,184.0,-100.0,85.3,76.6
17,58,266.0,396.0,130.0,-100.0,48.3,36.3
34,64,132.0,397.0,265.0,-100.0,75.3,66.2
43,67,205.0,397.0,192.0,-100.0,38.8,64.1
2,59,292.0,397.0,105.0,-100.2,36.5,72.7
2,58,105.0,398.0,293.0,-100.0,36.5,36.3
31,35,120.0,398.0,278.0,-100.0,52.6,85.9
7,57,314.0,398.0,84.0,-100.0,84.2,70.9
10,59,357.0,398.0,41.0,-100.0,39.0,72.7
35,59,282.0,399.0,117.0,-100.0,85.9,72.7
59,61,339.0,399.0,60.0,-100.1,72.7,69.1
59,77,375.0,399.0,24.0,-100.0,72.7,53.0
2,43,216.0,400.0,184.0,-100.0,36.5,38.8
10,63,254.0,400.0,146.0,-100.1,39.0,62.2
38,63,262.0,400.0,138.0,-100.0,49.8,62.2
27,32,359.0,400.0,41.0,-100.0,50.4,67.1
6,75,33.0,401.0,368.0,-100.0,85.7,83.8
20,70,196.0,401.0,205.0,-100.0,58.8,38.0
6,22,106.0,402.0,296.0,-100.0,85.7,55.3
55,71,210.0,402.0,192.0,-100.0,95.8,37.8
55,66,300.0,402.0,102.0,-100.0,95.8,85.5
4,62,352.0,402.0,50.0,-100.1,92.8,69.7
34,44,275.0,403.0,128.0,-100.1,75.3,72.6
7,43,328.0,403.0,75.0,-100.0,84.2,38.8
4,20,345.0,403.0,58.0,-100.0,92.8,58.8
1,6,380.0,403.0,23.0,-100.0,94.3,85.7
5,34,0.0,404.0,404.0,-100.0,98.2,75.3
29,55,146.0,404.0,258.0,-100.0,93.7,95.8
18,72,165.0,404.0,239.0,-100.0,39.4,35.7
8,31,194.0,404.0,210.0,-100.0,74.6,52.6
19,49,202.0,404.0,202.0,-100.0,63.0,39.2
17,67,218.0,404.0,186.0,-100.0,48.2,64.0
6,14,291.0,404.0,113.0,-100.0,85.7,62.0
2,52,0.0,405.0,405.0,-100.0,36.5,71.2
2,35,210.0,406.0,196.0,-100.0,36.5,85.9
18,35,203.0,407.0,204.0,-100.0,39.4,85.9
59,72,293.0,407.0,114.0,-100.2,72.7,35.7
16,60,121.0,408.0,287.0,-100.0,74.4,41.6
20,29,134.0,408.0,274.0,-100.0,58.8,93.7
2,60,264.0,408.0,144.0,-100.1,36.5,41.6
30,34,216.0,409.0,193.0,-100.0,63.3,75.3
25,41,234.0,409.0,175.0,-100.0,56.2,78.2
31,59,300.0,409.0,109.0,-100.0,52.6,72.7
0,61,335.0,409.0,74.0,-100.0,33.2,69.1
11,41,344.0,409.0,65.0,-100.0,67.1,78.2
6,50,319.0,410.0,91.0,-100.1,85.7,96.7
29,32,214.0,411.0,197.0,-100.0,93.7,67.1
32,43,357.0,411.0,54.0,-100.0,67.1,38.8
36,50,248.0,412.0,164.0,-100.0,66.9,96.7
60,67,259.0,412.0,153.0,-100.0,41.6,64.0
14,54,263.0,412.0,149.0,-100.1,62.0,85.2
3,57,282.0,412.0,130.0,-100.0,88.6,70.9
54,66,168.0,413.0,245.0,-100.0,85.2,85.5
43,52,247.0,413.0,166.0,-100.0,38.8,71.1
53,58,265.0,413.0,148.0,-100.0,84.4,36.2
6,76,131.0,414.0,283.0,-100.0,85.7,76.6
55,79,136.0,414.0,278.0,-100.0,95.8,83.0
23,59,279.0,414.0,135.0,-100.0,55.2,72.7
4,36,342.0,414.0,72.0,-100.0,92.8,66.9
11,77,125.0,415.0,290.0,-100.0,67.1,52.9
17,31,243.0,415.0,172.0,-100.0,48.2,52.6
2,44,281.0,415.0,134.0,-100.0,36.5,72.6
24,26,299.0,415.0,116.0,-100.0,52.5,77.6
30,53,62.0,416.0,354.0,-100.0,63.2,84.4
5,58,134.0,416.0,282.0,-99.9,98.2,36.2
46,53,186.0,416.0,230.0,-100.0,80.4,84.4
15,17,241.0,416.0,175.0,-100.0,56.5,48.2
15,43,248.0,416.0,168.0,-100.0,56.5,38.8
5,53,236.0,417.0,181.0,-100.0,98.2,84.4
37,74,280.0,417.0,137.0,-100.0,73.9,58.9
54,74,281.0,417.0,136.0,-100.0,85.2,58.9
12,14,317.0,417.0,100.0,-100.1,65.6,62.0
19,41,353.0,417.0,64.0,-100.1,63.0,78.2
12,79,0.0,418.0,418.0,-100.0,65.6,83.0
23,58,260.0,418.0,158.0,-100.0,55.2,36.2
8,54,266.0,418.0,152.0,-100.0,74.6,85.2
38,59,361.0,418.0,57.0,-100.0,49.8,72.7
37,55,0.0,419.0,419.0,-100.0,73.9,95.8
53,64,160.0,419.0,259.0,-100.0,84.4,66.2
7,60,306.0,419.0,113.0,-100.0,84.1,41.6
15,18,149.0,420.0,271.0,-100.0,56.5,39.4
44,67,268.0,420.0,152.0,-100.0,72.6,64.0
8,32,302.0,420.0,118.0,-100.0,74.6,67.1
58,60,317.0,420.0,103.0,-100.0,36.2,41.6
4,50,355.0,420.0,65.0,-100.0,92.8,96.7
20,66,309.0,421.0,112.0,-100.0,58.8,85.5
13,59,319.0,421.0,102.0,-100.1,89.6,72.7
48,77,264.0,422.0,158.0,-100.1,95.1,52.9
2,7,310.0,422.0,112.0,-100.0,36.5,84.1
35,47,315.0,422.0,107.0,-100.0,85.9,35.5
14,66,345.0,422.0,77.0,-100.1,62.0,85.5
63,72,415.0,422.0,7.0,-100.0,62.2,35.7
55,56,284.0,423.0,139.0,-100.0,95.8,47.3
66,75,321.0,423.0,102.0,-100.0,85.5,83.8
50,79,341.0,423.0,82.0,-100.0,96.7,83.0
44,58,349.0,423.0,74.0,-100.0,72.6,36.2
10,72,352.0,423.0,71.0,-100.0,39.0,35.7
54,75,360.0,423.0,63.0,-100.0,85.2,83.8
12,76,84.0,424.0,340.0,-100.0,65.6,76.6
15,60,287.0,424.0,137.0,-100.0,56.5,41.6
7,27,307.0,424.0,117.0,-100.0,84.1,50.4
50,66,352.0,424.0,72.0,-100.0,96.7,85.5
20,71,203.0,425.0,222.0,-100.0,58.8,37.8
0,77,209.0,425.0,216.0,-100.1,33.2,52.9
5,59,313.0,426.0,113.0,-100.0,98.1,72.7
7,64,315.0,426.0,111.0,-100.0,84.1,66.2
46,59,334.0,426.0,92.0,-100.1,80.4,72.7
39,59,377.0,426.0,49.0,-100.0,81.0,72.7
10,77,395.0,426.0,31.0,-100.0,39.0,52.9
42,50,413.0,426.0,13.0,-100.0,89.8,96.7
6,12,0.0,427.0,427.0,-100.0,85.7,65.6
27,67,0.0,427.0,427.0,-100.0,50.4,64.0
45,51,47.0,427.0,380.0,-100.0,36.2,85.6
32,56,80.0,427.0,347.0,-100.0,67.1,47.3
18,53,198.0,427.0,229.0,-100.0,39.4,84.4
17,18,202.0,427.0,225.0,-99.9,48.2,39.4
47,77,321.0,427.0,106.0,-100.0,35.5,52.9
7,44,328.0,427.0,99.0,-100.0,84.1,72.6
8,58,208.0,428.0,220.0,-100.0,74.5,36.2
24,25,285.0,428.0,143.0,-100.0,52.5,56.1
30,58,291.0,428.0,137.0,-100.0,63.2,36.2
7,31,326.0,428.0,102.0,-100.0,84.1,52.6
16,44,153.0,429.0,276.0,-100.0,74.3,72.6
19,48,255.0,429.0,174.0,-100.0,63.0,95.1
41,70,377.0,429.0,52.0,-100.0,78.2,38.0
40,41,385.0,429.0,44.0,-100.0,43.7,78.2
3,13,119.0,430.0,311.0,-100.0,88.6,89.6
54,55,261.0,430.0,169.0,-100.0,85.2,95.8
2,13,284.0,430.0,146.0,-100.0,36.5,89.6
58,59,333.0,430.0,97.0,-100.1,36.2,72.7
34,68,231.0,431.0,200.0,-100.0,75.2,71.5
12,55,312.0,431.0,119.0,-100.0,65.6,95.8
1,4,364.0,431.0,67.0,-100.0,94.3,92.8
22,54,37.0,432.0,395.0,-100.0,55.3,85.2
27,53,209.0,432.0,223.0,-100.0,50.3,84.4
31,43,224.0,432.0,208.0,-100.0,52.6,38.8
30,59,267.0,432.0,165.0,-100.0,63.2,72.7
31,60,276.0,432.0,156.0,-100.0,52.6,41.6
33,51,299.0,432.0,133.0,-100.0,89.0,85.6
7,17,320.0,432.0,112.0,-100.0,84.1,48.2
18,32,352.0,432.0,80.0,-100.0,39.4,67.0
49,59,370.0,432.0,62.0,-100.0,39.2,72.7
35,39,396.0,432.0,36.0,-100.0,85.9,81.0
47,73,213.0,433.0,220.0,-100.0,35.5,75.6
2,68,222.0,433.0,211.0,-100.0,36.5,71.5
47,61,244.0,433.0,189.0,-100.0,35.5,69.1
59,64,299.0,433.0,134.0,-100.1,72.7,66.2
52,60,303.0,433.0,130.0,-100.0,71.1,41.6
32,53,331.0,433.0,102.0,-100.0,67.0,84.3
32,77,424.0,433.0,9.0,-100.0,67.0,52.9
15,44,297.0,434.0,137.0,-100.0,56.5,72.6
13,21,325.0,434.0,109.0,-100.0,89.6,45.8
7,51,335.0,434.0,99.0,-100.1,84.1,85.6
4,12,358.0,434.0,76.0,-100.0,92.8,65.6
7,33,382.0,434.0,52.0,-100.0,84.1,89.0
2,30,228.0,435.0,207.0,-100.0,36.5,63.2
45,57,291.0,435.0,144.0,-100.0,36.2,70.9
17,59,298.0,435.0,137.0,-100.0,48.2,72.7
2,27,0.0,436.0,436.0,-100.0,36.5,50.3
2,18,69.0,436.0,367.0,-100.0,36.5,39.3
40,55,87.0,436.0,349.0,-100.0,43.7,95.8
23,34,166.0,436.0,270.0,-100.0,55.2,75.2
7,46,357.0,436.0,79.0,-100.0,84.1,80.4
9,72,383.0,436.0,53.0,-100.0,84.1,35.7
10,61,291.0,437.0,146.0,-100.0,39.0,69.1
27,59,322.0,437.0,115.0,-100.0,50.3,72.7
14,50,328.0,437.0,109.0,-100.1,62.0,96.7
3,38,366.0,437.0,71.0,-100.0,88.6,49.7
14,43,393.0,437.0,44.0,-100.0,62.0,38.8
35,72,214.0,438.0,224.0,-100.0,85.9,35.7
18,59,314.0,438.0,124.0,-100.1,39.3,72.7
71,74,333.0,438.0,105.0,-100.0,37.8,58.9
20,56,393.0,438.0,45.0,-100.0,58.7,47.3
46,74,71.0,439.0,368.0,-100.0,80.4,58.9
64,67,96.0,439.0,343.0,-100.0,66.1,64.0
43,58,268.0,439.0,171.0,-100.0,38.8,36.2
25,69,297.0,439.0,142.0,-100.0,56.1,94.7
9,63,301.0,439.0,138.0,-100.1,84.1,62.2
17,53,121.0,440.0,319.0,-100.0,48.2,84.3
8,29,268.0,440.0,172.0,-99.9,74.5,93.7
7,30,289.0,440.0,151.0,-100.0,84.1,63.2
44,52,293.0,440.0,147.0,-100.1,72.6,71.1
32,59,383.0,440.0,57.0,-100.2,67.0,72.7
20,79,90.0,441.0,351.0,-100.0,58.7,82.9
27,58,202.0,441.0,239.0,-100.0,50.3,36.2
46,58,247.0,441.0,194.0,-100.0,80.4,36.2
12,66,308.0,441.0,133.0,-100.0,65.6,85.5
24,28,252.0,442.0,190.0,-100.0,52.5,96.0
13,35,278.0,442.0,164.0,-100.0,89.6,85.9
31,44,287.0,442.0,155.0,-100.0,52.5,72.6
29,41,360.0,442.0,82.0,-100.1,93.7,78.2
21,72,379.0,442.0,63.0,-100.1,45.8,35.7
2,5,0.0,443.0,443.0,-100.0,36.5,98.1
30,67,223.0,443.0,220.0,-100.0,63.2,64.0
31,47,366.0,443.0,77.0,-100.0,52.5,35.5
13,77,381.0,443.0,62.0,-100.0,89.6,52.9
8,14,394.0,443.0,49.0,-99.9,74.5,62.0
66,76,272.0,444.0,172.0,-100.0,85.5,76.5
7,75,405.0,444.0,39.0,-100.1,84.1,83.8
52,79,0.0,445.0,445.0,-100.0,71.1,82.9
75,79,77.0,445.0,368.0,-100.0,83.8,82.9
17,74,91.0,445.0,354.0,-100.0,48.2,58.9
12,75,144.0,445.0,301.0,-100.0,65.5,83.8
47,53,271.0,445.0,174.0,-100.0,35.5,84.3
11,48,287.0,445.0,158.0,-100.0,67.1,95.1
47,59,344.0,445.0,101.0,-100.0,35.5,72.7
31,58,89.0,446.0,357.0,-100.0,52.5,36.2
50,76,349.0,446.0,97.0,-100.0,96.7,76.5
19,24,353.0,446.0,93.0,-100.0,63.0,52.5
32,41,362.0,446.0,84.0,-100.0,67.0,78.2
55,59,400.0,446.0,46.0,-100.1,95.8,72.7
32,38,417.0,446.0,29.0,-100.0,67.0,49.7
25,37,0.0,447.0,447.0,-100.0,56.1,73.9
31,34,0.0,447.0,447.0,-100.0,52.5,75.2
40,74,259.0,447.0,188.0,-100.0,43.7,58.9
72,73,347.0,447.0,100.0,-100.0,35.7,75.6
4,69,387.0,447.0,60.0,-100.2,92.7,94.7
10,21,0.0,448.0,448.0,-100.0,39.0,45.8
17,46,0.0,448.0,448.0,-100.0,48.2,80.4
0,38,59.0,448.0,389.0,-99.9,33.2,49.7
69,78,302.0,448.0,146.0,-100.0,94.7,92.4
7,23,312.0,448.0,136.0,-99.9,84.1,55.2
5,7,349.0,448.0,99.0,-100.0,98.1,84.1
38,77,350.0,448.0,98.0,-100.0,49.7,52.9
14,60,392.0,448.0,56.0,-100.0,61.9,41.5
2,64,141.0,449.0,308.0,-100.0,36.5,66.1
35,38,353.0,449.0,96.0,-100.1,85.9,49.7
44,76,376.0,449.0,73.0,-100.0,72.6,76.5
3,65,0.0,450.0,450.0,-100.0,88.6,83.0
61,63,0.0,450.0,450.0,-100.0,69.1,62.2
13,61,136.0,450.0,314.0,-100.0,89.6,69.1
4,37,239.0,450.0,211.0,-100.1,92.7,73.9
16,45,252.0,450.0,198.0,-100.0,74.3,36.2
17,52,296.0,450.0,154.0,-100.0,48.2,71.1
38,72,351.0,450.0,99.0,-100.0,49.7,35.7
17,54,353.0,450.0,97.0,-100.0,48.2,85.2
19,32,386.0,450.0,64.0,-100.1,63.0,67.0
22,66,200.0,451.0,251.0,-100.0,55.3,85.5
58,64,233.0,451.0,218.0,-100.0,36.2,66.1
20,54,246.0,451.0,205.0,-100.1,58.7,85.2
53,55,343.0,451.0,108.0,-100.0,84.3,95.8
4,54,348.0,451.0,103.0,-100.1,92.7,85.2
20,59,416.0,451.0,35.0,-100.0,58.7,72.7
21,38,0.0,452.0,452.0,-100.0,45.8,49.7
7,16,326.0,452.0,126.0,-100.1,84.1,74.3
14,44,391.0,452.0,61.0,-100.1,61.9,72.6
34,51,89.0,453.0,364.0,-100.0,75.2,85.6
41,56,348.0,453.0,105.0,-100.1,78.2,47.3
41,59,397.0,453.0,56.0,-100.3,78.2,72.7
38,61,305.0,454.0,149.0,-100.0,49.7,69.1
7,34,314.0,454.0,140.0,-100.1,84.1,75.2
14,79,281.0,455.0,174.0,-100.1,61.9,82.9
32,74,300.0,455.0,155.0,-100.0,67.0,58.8
10,35,342.0,455.0,113.0,-100.0,39.0,85.9
16,33,0.0,456.0,456.0,-100.0,74.3,88.9
42,52,264.0,456.0,192.0,-100.0,89.8,71.1
4,40,245.0,457.0,212.0,-100.1,92.7,43.7
69,70,279.0,457.0,178.0,-100.1,94.7,37.9
20,37,311.0,457.0,146.0,-100.0,58.7,73.8
7,15,331.0,457.0,126.0,-100.0,84.1,56.5
72,77,352.0,457.0,105.0,-100.0,35.7,52.9
14,42,377.0,457.0,80.0,-100.0,61.9,89.8
14,17,380.0,457.0,77.0,-100.0,61.9,48.2
41,53,381.0,457.0,76.0,-100.2,78.2,84.3
6,62,394.0,457.0,63.0,-100.0,85.7,69.6
22,43,236.0,458.0,222.0,-100.0,55.3,38.8
70,74,323.0,458.0,135.0,-100.0,37.9,58.8
13,73,339.0,458.0,119.0,-100.0,89.6,75.6
11,24,346.0,458.0,112.0,-100.0,67.1,52.5
50,54,353.0,458.0,105.0,-100.0,96.7,85.2
42,55,400.0,458.0,58.0,-100.0,89.8,95.8
17,41,431.0,458.0,27.0,-100.0,48.2,78.2
22,52,51.0,459.0,408.0,-100.0,55.3,71.1
15,30,260.0,459.0,199.0,-100.0,56.5,63.2
63,73,260.0,459.0,199.0,-100.0,62.2,75.6
8,59,358.0,459.0,101.0,-100.0,74.5,72.7
32,48,377.0,459.0,82.0,-100.1,67.0,95.1
49,73,0.0,460.0,460.0,-100.0,39.2,75.6
29,69,259.0,460.0,201.0,-100.0,93.7,94.7
14,20,282.0,460.0,178.0,-100.1,61.9,58.7
14,22,352.0,460.0,108.0,-100.0,61.9,55.3
32,47,375.0,460.0,85.0,-100.0,67.0,35.5
48,72,377.0,460.0,83.0,-100.0,95.1,35.7
24,70,398.0,460.0,62.0,-100.0,52.5,37.9
13,32,421.0,460.0,39.0,-100.0,89.6,67.0
44,59,192.0,461.0,269.0,-100.0,72.5,72.7
51,57,310.0,461.0,151.0,-99.9,85.6,70.8
46,60,327.0,461.0,134.0,-100.0,80.3,41.5
52,75,328.0,461.0,133.0,-100.0,71.1,83.7
39,77,291.0,462.0,171.0,-100.0,81.0,52.9
0,58,344.0,462.0,118.0,-100.0,33.2,36.2
50,70,389.0,462.0,73.0,-100.0,96.7,37.9
48,59,391.0,462.0,71.0,-100.0,95.1,72.7
60,76,391.0,462.0,71.0,-100.0,41.5,76.5
12,50,228.0,463.0,235.0,-100.0,65.5,96.7
13,72,320.0,463.0,143.0,-100.0,89.6,35.7
14,75,357.0,463.0,106.0,-100.0,61.9,83.7
20,53,373.0,463.0,90.0,-100.0,58.7,84.3
37,50,374.0,463.0,89.0,-100.1,73.8,96.7
3,51,403.0,463.0,60.0,-100.0,88.6,85.6
24,59,410.0,463.0,53.0,-100.1,52.5,72.7
49,77,93.0,464.0,371.0,-100.0,39.2,52.9
12,20,167.0,464.0,297.0,-100.0,65.5,58.7
15,64,188.0,464.0,276.0,-99.9,56.5,66.1
43,46,288.0,464.0,176.0,-100.0,38.8,80.3
42,75,309.0,464.0,155.0,-100.0,89.8,83.7
47,72,320.0,464.0,144.0,-100.0,35.4,35.7
7,67,328.0,464.0,136.0,-100.0,84.1,64.0
24,32,381.0,464.0,83.0,-100.0,52.5,67.0
0,59,375.0,465.0,90.0,-100.0,33.2,72.7
0,41,376.0,465.0,89.0,-100.0,33.2,78.2
59,74,387.0,465.0,78.0,-100.2,72.7,58.8
15,27,76.0,466.0,390.0,-100.0,56.5,50.3
7,68,328.0,466.0,138.0,-100.1,84.1,71.5
51,65,372.0,466.0,94.0,-100.1,85.6,83.0
59,69,439.0,466.0,27.0,-100.1,72.7,94.7
62,66,454.0,466.0,12.0,-100.0,69.6,85.5
17,23,149.0,467.0,318.0,-100.0,48.2,55.2
67,68,207.0,467.0,260.0,-100.0,64.0,71.5
43,59,278.0,467.0,189.0,-100.0,38.8,72.7
53,69,426.0,467.0,41.0,-100.0,84.3,94.7
58,72,195.0,468.0,273.0,-100.1,36.2,35.7
5,74,211.0,468.0,257.0,-100.0,98.1,58.8
13,31,388.0,468.0,80.0,-100.0,89.6,52.5
51,52,404.0,468.0,64.0,-100.0,85.6,71.1
50,69,410.0,468.0,58.0,-100.0,96.7,94.7
50,59,422.0,468.0,46.0,-100.0,96.7,72.7
4,53,434.0,468.0,34.0,-100.0,92.7,84.3
51,67,82.0,469.0,387.0,-100.0,85.6,64.0
59,60,206.0,469.0,263.0,-100.0,72.7,41.5
35,58,219.0,469.0,250.0,-100.0,85.8,36.2
22,50,367.0,469.0,102.0,-100.0,55.3,96.7
2,34,0.0,470.0,470.0,-100.0,36.5,75.2
31,68,237.0,470.0,233.0,-100.0,52.5,71.5
3,35,254.0,470.0,216.0,-100.0,88.6,85.8
41,49,387.0,470.0,83.0,-99.9,78.2,39.1
56,69,396.0,470.0,74.0,-100.1,47.3,94.7
4,56,401.0,470.0,69.0,-100.0,92.7,47.3
20,40,38.0,471.0,433.0,-100.0,58.7,43.7
2,23,165.0,471.0,306.0,-100.0,36.5,55.2
12,22,243.0,471.0,228.0,-100.0,65.5,55.3
69,71,285.0,471.0,186.0,-100.0,94.7,37.7
5,67,0.0,472.0,472.0,-100.0,98.1,64.0
37,70,268.0,472.0,204.0,-100.0,73.8,37.9
24,29,382.0,472.0,90.0,-100.0,52.5,93.7
18,68,155.0,473.0,318.0,-100.0,39.3,71.5
30,31,253.0,473.0,220.0,-100.0,63.2,52.5
32,58,302.0,473.0,171.0,-100.0,67.0,36.2
44,46,342.0,473.0,131.0,-100.1,72.5,80.3
14,30,403.0,473.0,70.0,-100.1,61.9,63.2
11,19,254.0,474.0,220.0,-100.0,67.0,63.0
24,72,446.0,474.0,28.0,-100.0,52.4,35.7
31,52,0.0,475.0,475.0,-100.0,52.5,71.1
24,53,402.0,475.0,73.0,-100.1,52.4,84.3
14,64,411.0,475.0,64.0,-100.0,61.9,66.1
14,55,270.0,476.0,206.0,-100.0,61.9,95.7
18,60,271.0,476.0,205.0,-100.0,39.3,41.5
58,77,346.0,476.0,130.0,-100.0,36.2,52.9
50,71,353.0,476.0,123.0,-100.0,96.6,37.7
1,69,407.0,476.0,69.0,-100.0,94.3,94.7
15,45,416.0,476.0,60.0,-100.0,56.5,36.2
23,60,218.0,477.0,259.0,-100.0,55.2,41.5
8,53,276.0,477.0,201.0,-100.1,74.5,84.3
40,50,374.0,477.0,103.0,-100.1,43.7,96.6
29,48,437.0,477.0,40.0,-100.0,93.7,95.0
14,51,440.0,477.0,37.0,-100.1,61.9,85.6
14,76,344.0,478.0,134.0,-100.0,61.9,76.5
9,77,394.0,478.0,84.0,-100.0,84.1,52.9
29,37,205.0,479.0,274.0,-100.0,93.7,73.8
5,17,242.0,479.0,237.0,-100.0,98.1,48.2
13,46,395.0,479.0,84.0,-100.0,89.6,80.3
0,32,369.0,480.0,111.0,-100.1,33.2,67.0
17,50,398.0,480.0,82.0,-100.1,48.2,96.6
14,27,410.0,480.0,70.0,-100.0,61.9,50.3
27,31,0.0,481.0,481.0,-100.0,50.3,52.5
24,56,238.0,481.0,243.0,-100.1,52.4,47.3
16,34,291.0,481.0,190.0,-100.0,74.3,75.2
30,52,315.0,481.0,166.0,-100.0,63.2,71.1
15,68,260.0,482.0,222.0,-100.0,56.5,71.5
5,22,0.0,483.0,483.0,-100.0,98.1,55.2
37,78,0.0,483.0,483.0,-100.0,73.8,92.4
46,47,0.0,483.0,483.0,-100.0,80.3,35.4
75,76,129.0,483.0,354.0,-100.0,83.7,76.5
17,64,138.0,483.0,345.0,-100.0,48.2,66.1
53,74,254.0,483.0,229.0,-100.0,84.3,58.8
15,51,376.0,483.0,107.0,-100.1,56.5,85.6
41,60,414.0,483.0,69.0,-100.0,78.2,41.5
69,75,455.0,483.0,28.0,-100.0,94.7,83.7
5,60,294.0,484.0,190.0,-100.0,98.1,41.5
61,72,316.0,484.0,168.0,-100.0,69.1,35.7
48,53,396.0,484.0,88.0,-100.0,95.0,84.3
48,49,220.0,485.0,265.0,-100.0,95.0,39.1
1,62,253.0,485.0,232.0,-100.0,94.3,69.6
54,70,297.0,486.0,189.0,-100.0,85.2,37.9
14,68,394.0,486.0,92.0,-100.0,61.9,71.5
23,43,114.0,487.0,373.0,-100.0,55.2,38.8
23,67,134.0,487.0,353.0,-100.0,55.2,64.0
29,50,404.0,488.0,84.0,-100.0,93.7,96.6
50,53,407.0,488.0,81.0,-100.0,96.6,84.3
39,41,411.0,488.0,77.0,-100.0,81.0,78.1
12,36,41.0,489.0,448.0,-100.0,65.5,66.8
29,74,288.0,489.0,201.0,-100.0,93.7,58.8
22,44,326.0,489.0,163.0,-100.0,55.2,72.5
52,64,265.0,490.0,225.0,-100.0,71.1,66.1
20,42,390.0,490.0,100.0,-100.0,58.7,89.8
41,44,418.0,490.0,72.0,-100.0,78.1,72.5
72,74,462.0,490.0,28.0,-100.0,35.6,58.8
2,51,363.0,491.0,128.0,-100.0,36.4,85.6
41,43,405.0,491.0,86.0,-100.2,78.1,38.8
5,43,233.0,492.0,259.0,-100.0,98.1,38.8
9,61,341.0,492.0,151.0,-100.0,84.0,69.1
39,72,353.0,492.0,139.0,-100.0,80.9,35.6
8,40,0.0,493.0,493.0,-99.9,74.5,43.7
9,13,351.0,493.0,142.0,-100.0,84.0,89.5
6,69,477.0,493.0,16.0,-100.0,85.6,94.7
22,75,317.0,494.0,177.0,-100.0,55.2,83.7
27,74,365.0,494.0,129.0,-100.0,50.3,58.8
41,74,372.0,494.0,122.0,-100.0,78.1,58.8
14,45,443.0,494.0,51.0,-100.1,61.9,36.2
0,19,0.0,495.0,495.0,-100.0,33.1,63.0
17,43,214.0,495.0,281.0,-100.0,48.2,38.8
5,14,390.0,495.0,105.0,-100.0,98.1,61.9
41,50,429.0,495.0,66.0,-100.0,78.1,96.6
23,44,39.0,496.0,457.0,-100.0,55.2,72.5
49,72,345.0,496.0,151.0,-100.0,39.1,35.6
17,75,375.0,496.0,121.0,-100.0,48.2,83.7
1,36,225.0,497.0,272.0,-100.0,94.2,66.8
17,55,348.0,497.0,149.0,-100.0,48.2,95.7
14,23,407.0,497.0,90.0,-100.0,61.9,55.1
18,46,191.0,498.0,307.0,-100.0,39.3,80.3
29,54,270.0,498.0,228.0,-100.0,93.6,85.2
5,44,305.0,498.0,193.0,-100.0,98.1,72.5
19,28,349.0,498.0,149.0,-100.0,63.0,95.9
69,76,471.0,498.0,27.0,-100.0,94.7,76.5
24,46,497.0,498.0,1.0,-100.0,52.4,80.3
56,74,206.0,499.0,293.0,-100.0,47.2,58.8
49,50,483.0,499.0,16.0,-100.0,39.1,96.6
33,45,289.0,500.0,211.0,-100.0,88.9,36.2
4,78,389.0,500.0,111.0,-100.0,92.7,92.4
36,69,421.0,500.0,79.0,-100.0,66.8,94.7
50,58,482.0,500.0,18.0,-100.0,96.6,36.2
45,67,0.0,501.0,501.0,-100.0,36.2,63.9
46,75,412.0,501.0,89.0,-100.0,80.3,83.7
13,41,425.0,501.0,76.0,-100.0,89.5,78.1
8,56,0.0,503.0,503.0,-100.0,74.5,47.2
34,45,0.0,503.0,503.0,-100.0,75.2,36.2
8,46,203.0,503.0,300.0,-100.0,74.5,80.3
37,71,281.0,503.0,222.0,-100.0,73.8,37.7
55,60,369.0,503.0,134.0,-100.0,95.7,41.5
7,42,402.0,503.0,101.0,-100.0,84.1,89.7
32,72,410.0,503.0,93.0,-100.0,67.0,35.6
24,60,440.0,503.0,63.0,-100.0,52.4,41.5
17,79,395.0,504.0,109.0,-100.0,48.1,82.9
48,56,405.0,504.0,99.0,-100.0,95.0,47.2
23,50,447.0,504.0,57.0,-100.0,55.1,96.6
24,68,488.0,504.0,16.0,-99.9,52.4,71.5
29,78,151.0,505.0,354.0,-100.0,93.6,92.4
17,44,292.0,505.0,213.0,-100.0,48.1,72.5
60,74,379.0,505.0,126.0,-100.0,41.5,58.8
0,18,398.0,505.0,107.0,-100.0,33.1,39.3
41,47,402.0,505.0,103.0,-100.1,78.1,35.4
5,50,425.0,505.0,80.0,-100.1,98.1,96.6
26,59,466.0,505.0,39.0,-100.0,77.5,72.6
16,24,494.0,505.0,11.0,-100.0,74.3,52.4
0,48,232.0,506.0,274.0,-100.0,33.1,95.0
10,13,307.0,506.0,199.0,-100.0,38.9,89.5
37,53,388.0,507.0,119.0,-100.0,73.8,84.3
20,69,434.0,507.0,73.0,-100.1,58.7,94.7
31,67,0.0,508.0,508.0,-100.0,52.5,63.9
70,78,260.0,508.0,248.0,-100.0,37.9,92.4
31,64,175.0,509.0,334.0,-100.0,52.5,66.1
24,41,327.0,509.0,182.0,-100.0,52.4,78.1
51,68,397.0,509.0,112.0,-100.0,85.6,71.5
18,27,0.0,510.0,510.0,-100.0,39.3,50.3
26,28,194.0,510.0,316.0,-100.0,77.5,95.9
22,55,284.0,510.0,226.0,-100.0,55.2,95.7
18,44,307.0,510.0,203.0,-100.0,39.3,72.5
8,41,387.0,510.0,123.0,-100.0,74.5,78.1
18,31,35.0,511.0,476.0,-100.0,39.3,52.5
60,64,248.0,511.0,263.0,-100.0,41.5,66.1
12,17,410.0,512.0,102.0,-100.0,65.5,48.1
24,27,457.0,512.0,55.0,-100.0,52.4,50.3
56,75,485.0,512.0,27.0,-100.0,47.2,83.7
43,55,352.0,513.0,161.0,-100.0,38.7,95.7
44,55,372.0,513.0,141.0,-100.1,72.5,95.7
66,69,469.0,513.0,44.0,-100.0,85.4,94.7
0,28,470.0,513.0,43.0,-100.0,33.1,95.9
5,24,477.0,513.0,36.0,-100.0,98.1,52.4
60,68,83.0,514.0,431.0,-100.0,41.5,71.5
55,74,302.0,514.0,212.0,-100.0,95.7,58.8
50,55,362.0,514.0,152.0,-100.0,96.6,95.7
46,51,413.0,514.0,101.0,-100.1,80.3,85.5
18,50,452.0,514.0,62.0,-100.0,39.3,96.6
4,26,437.0,515.0,78.0,-100.1,92.7,77.5
23,24,479.0,515.0,36.0,-100.0,55.1,52.4
41,65,507.0,515.0,8.0,-100.0,78.1,83.0
42,68,54.0,516.0,462.0,-100.0,89.7,71.5
30,46,306.0,516.0,210.0,-100.0,63.1,80.3
21,58,430.0,516.0,86.0,-100.0,45.8,36.1
5,13,435.0,516.0,81.0,-100.0,98.1,89.5
43,68,0.0,517.0,517.0,-100.0,38.7,71.5
37,56,68.0,517.0,449.0,-100.0,73.8,47.2
39,48,219.0,517.0,298.0,-100.0,80.9,95.0
17,20,368.0,517.0,149.0,-100.1,48.1,58.7
31,51,388.0,517.0,129.0,-100.1,52.5,85.5
27,51,423.0,517.0,94.0,-100.0,50.3,85.5
27,50,427.0,517.0,90.0,-100.0,50.3,96.6
50,51,476.0,517.0,41.0,-100.0,96.6,85.5
48,69,505.0,517.0,12.0,-100.0,95.0,94.7
27,60,291.0,518.0,227.0,-100.0,50.3,41.5
31,65,408.0,518.0,110.0,-100.0,52.5,83.0
38,50,467.0,518.0,51.0,-100.0,49.7,96.6
41,57,506.0,518.0,12.0,-100.1,78.1,70.8
50,68,429.0,519.0,90.0,-100.0,96.6,71.5
4,59,441.0,519.0,78.0,-100.0,92.7,72.6
14,31,443.0,519.0,76.0,-100.0,61.9,52.5
41,67,500.0,519.0,19.0,-100.0,78.1,63.9
27,44,333.0,520.0,187.0,-100.0,50.3,72.5
16,65,379.0,520.0,141.0,-100.0,74.2,83.0
44,68,92.0,521.0,429.0,-100.0,72.5,71.4
40,70,236.0,521.0,285.0,-100.0,43.6,37.9
50,64,435.0,521.0,86.0,-100.1,96.6,66.1
26,29,469.0,521.0,52.0,-100.0,77.5,93.6
27,43,235.0,522.0,287.0,-100.0,50.3,38.7
10,73,299.0,522.0,223.0,-100.0,38.9,75.5
38,44,452.0,522.0,70.0,-100.0,49.6,72.5
42,69,461.0,522.0,61.0,-100.1,89.7,94.7
39,50,472.0,522.0,50.0,-100.1,80.9,96.6
10,24,479.0,522.0,43.0,-100.0,38.9,52.4
17,30,0.0,523.0,523.0,-100.0,48.1,63.1
9,21,82.0,523.0,441.0,-100.0,84.0,45.8
22,60,341.0,523.0,182.0,-100.0,55.2,41.5
48,74,399.0,523.0,124.0,-100.0,95.0,58.8
13,23,424.0,523.0,99.0,-100.0,89.5,55.1
4,28,434.0,523.0,89.0,-100.1,92.7,95.9
24,55,462.0,523.0,61.0,-100.1,52.4,95.7
52,68,262.0,524.0,262.0,-100.0,71.0,71.4
24,48,382.0,524.0,142.0,-100.1,52.4,95.0
20,60,387.0,524.0,137.0,-100.1,58.7,41.5
11,72,423.0,524.0,101.0,-100.0,67.0,35.6
8,74,146.0,525.0,379.0,-100.0,74.4,58.8
7,79,425.0,525.0,100.0,-100.0,84.0,82.9
23,31,199.0,526.0,327.0,-100.0,55.1,52.5
8,24,426.0,526.0,100.0,-100.0,74.4,52.4
2,14,466.0,526.0,60.0,-100.0,36.4,61.9
30,69,485.0,526.0,41.0,-100.0,63.1,94.7
18,43,178.0,527.0,349.0,-100.0,39.3,38.7
18,48,407.0,527.0,120.0,-100.0,39.3,95.0
24,50,445.0,527.0,82.0,-100.0,52.4,96.6
59,78,454.0,527.0,73.0,-100.1,72.6,92.4
44,64,290.0,528.0,238.0,-100.0,72.5,66.1
54,71,302.0,528.0,226.0,-100.0,85.1,37.7
20,50,331.0,528.0,197.0,-100.0,58.7,96.6
50,74,408.0,528.0,120.0,-100.1,96.6,58.8
59,70,421.0,528.0,107.0,-100.1,72.6,37.9
20,24,467.0,528.0,61.0,-100.0,58.7,52.4
16,57,90.0,529.0,439.0,-100.0,74.2,70.8
16,51,266.0,529.0,263.0,-100.0,74.2,85.5
60,75,385.0,529.0,144.0,-100.1,41.5,83.7
22,69,447.0,529.0,82.0,-100.1,55.2,94.7
48,51,468.0,529.0,61.0,-100.0,95.0,85.5
0,49,184.0,530.0,346.0,-100.0,33.1,39.1
16,67,289.0,530.0,241.0,-100.0,74.2,63.9
4,25,405.0,530.0,125.0,-100.0,92.7,56.0
31,38,412.0,530.0,118.0,-100.0,52.5,49.6
8,69,460.0,530.0,70.0,-100.0,74.4,94.7
15,31,0.0,531.0,531.0,-100.0,56.4,52.5
38,49,328.0,531.0,203.0,-100.0,49.6,39.1
5,51,417.0,531.0,114.0,-100.0,98.0,85.5
28,70,427.0,532.0,105.0,-100.1,95.9,37.8
25,59,436.0,532.0,96.0,-100.1,56.0,72.6
13,55,455.0,532.0,77.0,-100.0,89.5,95.7
20,44,388.0,533.0,145.0,-100.0,58.6,72.5
23,51,393.0,533.0,140.0,-100.0,55.1,85.5
48,50,442.0,533.0,91.0,-100.1,95.0,96.6
4,19,458.0,533.0,75.0,-100.0,92.7,62.9
46,48,474.0,533.0,59.0,-100.0,80.3,95.0
14,41,497.0,533.0,36.0,-100.0,61.9,78.1
3,10,324.0,534.0,210.0,-100.0,88.5,38.9
13,58,368.0,534.0,166.0,-100.0,89.5,36.1
48,60,432.0,534.0,102.0,-100.0,95.0,41.5
24,64,454.0,534.0,80.0,-100.1,52.4,66.0
9,24,485.0,534.0,49.0,-100.0,84.0,52.4
39,44,492.0,534.0,42.0,-100.0,80.9,72.5
0,59,524.0,534.0,10.0,-100.0,33.1,72.6
48,58,385.0,535.0,150.0,-100.0,95.0,36.1
13,49,386.0,535.0,149.0,-100.0,89.5,39.1
27,75,408.0,535.0,127.0,-100.0,50.2,83.7
8,18,198.0,536.0,338.0,-100.0,74.4,39.2
7,22,415.0,536.0,121.0,-100.0,84.0,55.2
44,48,432.0,536.0,104.0,-100.1,72.5,95.0
24,30,459.0,536.0,77.0,-100.0,52.4,63.1
16,75,464.0,536.0,72.0,-100.0,74.2,83.7
8,51,468.0,536.0,68.0,-100.0,74.4,85.5
4,53,473.0,536.0,63.0,-100.1,92.6,84.2
41,52,486.0,536.0,50.0,-100.0,78.1,71.0
5,31,0.0,537.0,537.0,-100.0,98.0,52.4
6,36,108.0,537.0,429.0,-100.0,85.6,66.8
58,61,350.0,537.0,187.0,-100.0,36.1,69.0
50,75,357.0,537.0,180.0,-100.1,96.6,83.7
2,65,371.0,537.0,166.0,-100.0,36.4,82.9
1,37,412.0,537.0,125.0,-100.0,94.2,73.8
27,52,380.0,538.0,158.0,-100.0,50.2,71.0
68,75,381.0,538.0,157.0,-100.0,71.4,83.7
13,27,384.0,538.0,154.0,-100.0,89.5,50.2
36,66,384.0,538.0,154.0,-100.0,66.8,85.4
44,74,391.0,538.0,147.0,-100.0,72.5,58.8
43,48,419.0,538.0,119.0,-100.0,38.7,95.0
4,60,514.0,538.0,24.0,-99.9,92.6,41.5
38,73,269.0,539.0,270.0,-100.0,49.6,75.5
20,43,379.0,539.0,160.0,-100.0,58.6,38.7
31,41,453.0,539.0,86.0,-100.1,52.4,78.1
1,59,468.0,539.0,71.0,-100.0,94.2,72.6
14,57,468.0,539.0,71.0,-100.1,61.9,70.8
15,41,488.0,539.0,51.0,-100.0,56.4,78.1
5,18,0.0,540.0,540.0,-100.0,98.0,39.2
53,59,317.0,540.0,223.0,-100.1,84.2,72.6
34,57,350.0,540.0,190.0,-100.0,75.1,70.8
5,75,386.0,540.0,154.0,-100.0,98.0,83.7
29,59,413.0,540.0,127.0,-100.0,93.6,72.6
10,51,423.0,540.0,117.0,-100.0,38.9,85.5
17,69,443.0,540.0,97.0,-100.1,48.1,94.6
9,49,450.0,540.0,90.0,-100.0,84.0,39.1
2,67,0.0,541.0,541.0,-100.0,36.4,63.9
8,17,274.0,541.0,267.0,-100.0,74.4,48.1
21,61,294.0,541.0,247.0,-100.0,45.7,69.0
0,11,299.0,541.0,242.0,-100.0,33.1,67.0
46,68,334.0,541.0,207.0,-100.0,80.3,71.4
17,76,366.0,541.0,175.0,-100.0,48.1,76.4
8,50,404.0,541.0,137.0,-100.0,74.4,96.6
14,34,441.0,541.0,100.0,-100.0,61.9,75.1
48,75,451.0,541.0,90.0,-100.1,95.0,83.7
51,55,454.0,541.0,87.0,-100.0,85.5,95.7
17,60,239.0,542.0,303.0,-100.0,48.1,41.4
20,22,297.0,542.0,245.0,-100.0,58.6,55.2
20,74,330.0,542.0,212.0,-100.0,58.6,58.8
38,43,440.0,542.0,102.0,-100.0,49.6,38.7
71,78,279.0,543.0,264.0,-100.0,37.7,92.3
24,44,442.0,543.0,101.0,-100.0,52.4,72.5
24,38,448.0,543.0,95.0,-100.1,52.4,49.6
7,67,477.0,543.0,66.0,-100.0,84.0,63.9
17,68,220.0,544.0,324.0,-100.0,48.1,71.4
30,76,420.0,544.0,124.0,-100.0,63.1,76.4
59,71,425.0,544.0,119.0,-100.0,72.6,37.7
28,29,426.0,544.0,118.0,-100.1,95.9,93.6
43,64,166.0,545.0,379.0,-100.0,38.7,66.0
23,75,407.0,546.0,139.0,-100.0,55.1,83.7
10,39,426.0,546.0,120.0,-100.0,38.9,80.9
24,58,443.0,546.0,103.0,-100.1,52.4,36.1
10,75,487.0,546.0,59.0,-100.0,38.9,83.7
15,34,0.0,547.0,547.0,-100.0,56.4,75.1
18,23,0.0,547.0,547.0,-100.0,39.2,55.1
27,46,165.0,547.0,382.0,-100.0,50.2,80.3
54,59,436.0,547.0,111.0,-100.0,85.1,72.6
2,41,486.0,547.0,61.0,-100.0,36.4,78.1
42,76,305.0,548.0,243.0,-100.0,89.7,76.4
30,50,426.0,548.0,122.0,-100.0,63.1,96.6
4,50,508.0,548.0,40.0,-100.1,92.6,96.6
17,27,190.0,549.0,359.0,-100.0,48.1,50.2
8,60,347.0,549.0,202.0,-100.0,74.4,41.4
13,48,414.0,549.0,135.0,-100.0,89.5,95.0
43,74,354.0,550.0,196.0,-100.0,38.7,58.8
64,74,379.0,550.0,171.0,-100.0,66.0,58.8
47,60,390.0,550.0,160.0,-100.0,35.4,41.4
30,74,396.0,550.0,154.0,-100.0,63.1,58.8
41,46,429.0,550.0,121.0,-100.0,78.1,80.2
28,71,440.0,550.0,110.0,-100.0,95.9,37.6
47,50,448.0,550.0,102.0,-100.1,35.4,96.6
25,28,403.0,551.0,148.0,-100.1,56.0,95.9
14,55,525.0,551.0,26.0,-99.9,61.8,95.7
46,64,125.0,552.0,427.0,-100.0,80.2,66.0
13,18,336.0,552.0,216.0,-100.0,89.5,39.2
55,75,362.0,552.0,190.0,-100.0,95.7,83.6
8,44,363.0,552.0,189.0,-100.0,74.4,72.5
39,43,470.0,552.0,82.0,-100.0,80.9,38.7
20,51,478.0,552.0,74.0,-100.0,58.6,85.5
17,48,494.0,552.0,58.0,-100.0,48.1,95.0
12,59,447.0,553.0,106.0,-100.2,65.4,72.6
9,51,453.0,553.0,100.0,-100.0,84.0,85.5
51,64,417.0,554.0,137.0,-100.1,85.5,66.0
24,43,429.0,554.0,125.0,-100.0,52.4,38.7
2,15,0.0,555.0,555.0,-100.0,36.4,56.4
43,53,55.0,555.0,500.0,-100.0,38.7,84.2
0,39,106.0,555.0,449.0,-100.0,33.1,80.9
12,37,377.0,555.0,178.0,-100.0,65.4,73.7
8,75,401.0,555.0,154.0,-100.0,74.4,83.6
14,16,426.0,555.0,129.0,-100.0,61.8,74.2
37,69,273.0,556.0,283.0,-100.1,73.7,94.6
14,67,420.0,556.0,136.0,-100.0,61.8,63.9
13,24,441.0,556.0,115.0,-100.0,89.5,52.4
28,78,442.0,556.0,114.0,-100.0,95.9,92.3
28,53,444.0,556.0,112.0,-100.1,95.9,84.2
44,75,380.0,557.0,177.0,-99.9,72.4,83.6
4,56,474.0,557.0,83.0,-100.1,92.6,47.2
60,70,479.0,557.0,78.0,-100.0,41.4,37.8
59,69,501.0,557.0,56.0,-100.3,72.6,94.6
38,46,416.0,558.0,142.0,-100.0,49.6,80.2
13,74,430.0,558.0,128.0,-100.1,89.5,58.7
28,43,490.0,558.0,68.0,-100.1,95.9,38.7
49,58,330.0,559.0,229.0,-100.0,39.1,36.1
0,74,395.0,559.0,164.0,-100.0,33.1,58.7
38,51,441.0,559.0,118.0,-100.1,49.6,85.5
26,70,442.0,559.0,117.0,-100.0,77.4,37.8
14,33,457.0,559.0,102.0,-100.1,61.8,88.8
7,45,326.0,560.0,234.0,-100.0,84.0,36.1
50,59,507.0,560.0,53.0,-100.1,96.6,72.6
30,51,413.0,561.0,148.0,-100.0,63.1,85.5
38,74,438.0,561.0,123.0,-100.0,49.6,58.7
51,58,459.0,561.0,102.0,-100.2,85.5,36.1
14,65,463.0,561.0,98.0,-100.1,61.8,82.9
1,28,482.0,561.0,79.0,-100.0,94.2,95.9
44,59,501.0,561.0,60.0,-100.1,72.4,72.6
41,74,538.0,561.0,23.0,-100.0,78.1,58.7
13,39,379.0,562.0,183.0,-100.0,89.5,80.9
56,59,402.0,562.0,160.0,-100.0,47.2,72.6
14,46,412.0,562.0,150.0,-100.1,61.8,80.2
41,76,526.0,562.0,36.0,-100.0,78.1,76.4
47,49,240.0,563.0,323.0,-100.0,35.4,39.1
24,47,427.0,563.0,136.0,-100.1,52.4,35.4
41,51,452.0,563.0,111.0,-100.0,78.1,85.5
28,44,491.0,563.0,72.0,-100.0,95.9,72.4
4,71,298.0,564.0,266.0,-100.1,92.6,37.6
0,53,374.0,564.0,190.0,-100.0,33.1,84.2
13,20,471.0,564.0,93.0,-100.0,89.5,58.6
43,59,503.0,564.0,61.0,-100.1,38.7,72.6
4,70,290.0,565.0,275.0,-100.0,92.6,37.8
8,43,310.0,565.0,255.0,-100.0,74.4,38.7
10,18,391.0,565.0,174.0,-100.0,38.9,39.2
11,32,394.0,565.0,171.0,-100.1,67.0,66.9
47,48,374.0,566.0,192.0,-100.0,35.3,94.9
7,14,408.0,566.0,158.0,-100.1,84.0,61.8
5,14,514.0,566.0,52.0,-100.0,98.0,61.8
59,60,496.0,567.0,71.0,-100.1,72.6,41.4
9,74,506.0,567.0,61.0,-100.0,84.0,58.7
4,44,507.0,567.0,60.0,-100.0,92.6,72.4
9,75,511.0,567.0,56.0,-100.0,84.0,83.6
13,28,547.0,567.0,20.0,-100.0,89.5,95.9
4,29,383.0,568.0,185.0,-100.1,92.6,93.6
53,72,537.0,568.0,31.0,-100.0,84.2,35.6
37,50,538.0,568.0,30.0,-100.0,73.7,96.6
50,70,499.0,569.0,70.0,-100.0,96.6,37.8
28,69,502.0,569.0,67.0,-100.2,95.9,94.6
29,40,75.0,570.0,495.0,-100.0,93.6,43.6
30,60,169.0,570.0,401.0,-100.0,63.1,41.4
13,38,328.0,570.0,242.0,-100.0,89.5,49.6
20,46,417.0,570.0,153.0,-100.0,58.6,80.2
38,75,467.0,570.0,103.0,-100.0,49.6,83.6
14,23,515.0,570.0,55.0,-100.0,61.8,55.1
20,76,208.0,571.0,363.0,-100.0,58.6,76.4
64,75,406.0,571.0,165.0,-100.0,66.0,83.6
13,75,460.0,571.0,111.0,-100.1,89.5,83.6
4,41,566.0,571.0,5.0,-100.0,92.6,78.1
55,76,245.0,572.0,327.0,-100.0,95.6,76.4
40,59,418.0,572.0,154.0,-100.0,43.6,72.6
13,51,442.0,572.0,130.0,-100.0,89.5,85.5
19,72,470.0,572.0,102.0,-100.0,62.9,35.6
4,13,515.0,572.0,57.0,-100.1,92.6,89.5
23,52,264.0,573.0,309.0,-100.0,55.1,71.0
43,75,391.0,573.0,182.0,-100.0,38.7,83.6
13,64,398.0,573.0,175.0,-99.9,89.5,66.0
10,31,399.0,573.0,174.0,-100.0,38.8,52.4
12,28,476.0,573.0,97.0,-100.1,65.4,95.8
58,75,490.0,573.0,83.0,-100.0,36.1,83.6
32,41,557.0,573.0,16.0,-100.0,66.9,78.1
30,55,381.0,574.0,193.0,-100.0,63.1,95.6
4,43,506.0,574.0,68.0,-100.0,92.6,38.7
42,48,549.0,574.0,25.0,-100.0,89.7,94.9
34,52,0.0,575.0,575.0,-100.0,75.1,71.0
58,74,240.0,575.0,335.0,-100.1,36.1,58.7
14,52,386.0,575.0,189.0,-100.1,61.8,71.0
41,55,416.0,575.0,159.0,-100.2,78.1,95.6
47,55,435.0,575.0,140.0,-100.0,35.3,95.6
13,59,522.0,575.0,53.0,-100.0,89.5,72.6
40,71,252.0,576.0,324.0,-100.0,43.6,37.6
16,31,324.0,576.0,252.0,-100.0,74.2,52.4
28,56,431.0,576.0,145.0,-100.0,95.8,47.2
9,41,470.0,576.0,106.0,-100.1,84.0,78.1
2,52,536.0,576.0,40.0,-100.0,36.4,71.0
16,52,344.0,577.0,233.0,-100.0,74.2,71.0
30,75,398.0,577.0,179.0,-100.1,63.1,83.6
15,57,409.0,577.0,168.0,-100.0,56.4,70.7
41,75,437.0,577.0,140.0,-100.1,78.1,83.6
48,55,443.0,577.0,134.0,-100.0,94.9,95.6
10,41,451.0,577.0,126.0,-100.0,38.8,78.1
10,47,17.0,578.0,561.0,-100.0,38.8,35.3
40,53,361.0,578.0,217.0,-100.0,43.6,84.2
53,70,389.0,578.0,189.0,-100.1,84.2,37.8
18,41,409.0,578.0,169.0,-100.1,39.2,78.1
37,59,433.0,578.0,145.0,-100.0,73.7,72.6
0,4,491.0,578.0,87.0,-100.0,33.1,92.6
7,41,508.0,578.0,70.0,-100.1,84.0,78.1
41,48,368.0,580.0,212.0,-100.1,78.1,94.9
54,69,395.0,580.0,185.0,-100.0,85.1,94.6
41,58,404.0,580.0,176.0,-100.0,78.1,36.1
1,54,409.0,580.0,171.0,-99.9,94.2,85.1
0,75,488.0,580.0,92.0,-100.0,33.1,83.6
53,54,349.0,582.0,233.0,-100.0,84.2,85.1
28,59,441.0,582.0,141.0,-100.0,95.8,72.5
20,48,452.0,582.0,130.0,-100.1,58.6,94.9
4,72,493.0,582.0,89.0,-100.0,92.6,35.6
24,32,509.0,582.0,73.0,-100.0,52.3,66.9
7,48,514.0,582.0,68.0,-100.1,84.0,94.9
39,41,528.0,582.0,54.0,-100.0,80.9,78.1
18,30,201.0,583.0,382.0,-100.0,39.2,63.1
7,52,362.0,583.0,221.0,-100.0,84.0,71.0
30,48,444.0,583.0,139.0,-100.1,63.1,94.9
28,50,504.0,583.0,79.0,-100.1,95.8,96.5
32,51,512.0,583.0,71.0,-100.2,66.9,85.5
26,29,540.0,583.0,43.0,-100.0,77.4,93.6
5,52,0.0,584.0,584.0,-100.0,98.0,71.0
27,55,379.0,584.0,205.0,-100.0,50.2,95.6
7,76,409.0,584.0,175.0,-100.0,84.0,76.4
21,35,373.0,585.0,212.0,-100.0,45.7,85.7
47,74,394.0,585.0,191.0,-100.0,35.3,58.7
25,54,456.0,585.0,129.0,-100.0,56.0,85.1
16,41,460.0,585.0,125.0,-100.1,74.2,78.0
7,15,489.0,585.0,96.0,-100.1,84.0,56.4
29,50,491.0,585.0,94.0,-100.0,93.6,96.5
16,48,496.0,585.0,89.0,-100.0,74.2,94.9
25,72,529.0,585.0,56.0,-100.0,56.0,35.6
18,38,378.0,586.0,208.0,-100.0,39.2,49.6
0,50,459.0,586.0,127.0,-100.1,33.1,96.5
9,47,488.0,586.0,98.0,-100.0,83.9,35.3
21,32,504.0,586.0,82.0,-100.0,45.7,66.9
7,30,515.0,586.0,71.0,-100.0,84.0,63.1
9,30,563.0,586.0,23.0,-100.0,83.9,63.1
15,16,332.0,587.0,255.0,-100.0,56.4,74.2
18,55,394.0,587.0,193.0,-100.0,39.2,95.6
5,41,431.0,587.0,156.0,-100.1,98.0,78.0
17,59,519.0,587.0,68.0,-100.1,48.1,72.5
14,68,540.0,587.0,47.0,-100.0,61.8,71.4
55,68,381.0,588.0,207.0,-100.0,95.6,71.4
19,70,451.0,588.0,137.0,-100.1,62.9,37.8
47,51,454.0,588.0,134.0,-100.0,35.3,85.5
10,30,476.0,588.0,112.0,-100.0,38.8,63.1
37,62,526.0,588.0,62.0,-100.0,73.7,69.5
47,59,537.0,588.0,51.0,-100.0,35.3,72.5
20,59,549.0,588.0,39.0,-100.0,58.6,72.5
1,72,568.0,588.0,20.0,-100.0,94.1,35.6
9,35,377.0,589.0,212.0,-100.0,83.9,85.7
17,40,412.0,589.0,177.0,-100.0,48.1,43.6
7,27,489.0,589.0,100.0,-100.1,84.0,50.2
15,55,509.0,589.0,80.0,-100.0,56.4,95.6
20,75,348.0,590.0,242.0,-100.0,58.6,83.6
32,61,431.0,590.0,159.0,-100.0,66.9,69.0
45,79,482.0,590.0,108.0,-100.0,36.1,82.8
38,39,0.0,591.0,591.0,-100.0,49.6,80.9
30,44,261.0,591.0,330.0,-99.9,63.1,72.4
19,29,453.0,591.0,138.0,-100.0,62.9,93.6
31,58,474.0,591.0,117.0,-100.0,52.4,36.1
28,60,486.0,591.0,105.0,-100.1,95.8,41.4
50,71,495.0,591.0,96.0,-100.0,96.5,37.6
41,59,549.0,591.0,42.0,-100.0,78.0,72.5
29,53,367.0,592.0,225.0,-100.0,93.6,84.2
8,13,436.0,592.0,156.0,-100.0,74.4,89.4
23,41,439.0,592.0,153.0,-100.0,55.1,78.0
46,65,479.0,592.0,113.0,-100.0,80.2,82.9
4,47,525.0,592.0,67.0,-100.1,92.6,35.3
9,68,576.0,592.0,16.0,-100.0,83.9,71.4
58,73,374.0,593.0,219.0,-100.0,36.1,75.5
42,59,535.0,593.0,58.0,-100.0,89.7,72.5
9,73,340.0,594.0,254.0,-100.0,83.9,75.5
35,58,493.0,594.0,101.0,-100.0,85.7,36.1
14,45,520.0,594.0,74.0,-100.0,61.8,36.1
40,69,386.0,595.0,209.0,-100.0,43.6,94.6
27,41,415.0,595.0,180.0,-100.1,50.2,78.0
20,41,430.0,595.0,165.0,-100.0,58.6,78.0
22,41,557.0,595.0,38.0,-100.0,55.1,78.0
48,64,436.0,596.0,160.0,-100.0,94.9,66.0
1,40,439.0,596.0,157.0,-100.0,94.1,43.6
7,68,473.0,596.0,123.0,-100.1,84.0,71.4
26,71,484.0,596.0,112.0,-100.0,77.4,37.6
30,58,506.0,596.0,90.0,-100.0,63.1,36.1
32,75,523.0,596.0,73.0,-100.1,66.9,83.6
69,72,559.0,596.0,37.0,-100.1,94.6,35.5
60,72,573.0,596.0,23.0,-100.0,41.4,35.5
53,71,398.0,597.0,199.0,-100.0,84.2,37.6
44,47,403.0,597.0,194.0,-100.0,72.4,35.3
20,27,407.0,597.0,190.0,-100.0,58.6,50.2
19,71,489.0,597.0,108.0,-100.0,62.9,37.6
30,59,527.0,597.0,70.0,-100.0,63.1,72.5
13,68,494.0,598.0,104.0,-100.0,89.4,71.4
7,47,564.0,598.0,34.0,-100.0,84.0,35.3
12,72,566.0,598.0,32.0,-100.0,65.4,35.5
12,54,258.0,599.0,341.0,-100.1,65.4,85.1
25,70,313.0,599.0,286.0,-100.0,56.0,37.8
18,58,176.0,600.0,424.0,-100.0,39.2,36.1
8,55,310.0,600.0,290.0,-100.0,74.4,95.6
47,75,453.0,600.0,147.0,-100.0,35.3,83.6
47,58,319.0,601.0,282.0,-100.0,35.3,36.1
53,56,335.0,601.0,266.0,-100.0,84.2,47.1
3,35,489.0,601.0,112.0,-99.9,88.4,85.7
32,63,544.0,601.0,57.0,-100.0,66.9,62.0
32,47,524.0,602.0,78.0,-100.0,66.9,35.3
13,69,527.0,602.0,75.0,-100.0,89.4,94.6
6,37,549.0,602.0,53.0,-100.0,85.5,73.7
14,15,416.0,603.0,187.0,-100.1,61.8,56.4
57,65,199.0,604.0,405.0,-100.0,70.7,82.9
21,77,389.0,604.0,215.0,-100.0,45.7,52.7
30,39,509.0,604.0,95.0,-100.0,63.1,80.8
41,71,591.0,604.0,13.0,-100.1,78.0,37.6
15,46,207.0,605.0,398.0,-100.1,56.4,80.2
29,41,590.0,605.0,15.0,-100.2,93.5,78.0
18,47,301.0,606.0,305.0,-100.0,39.2,35.3
41,61,587.0,606.0,19.0,-100.0,78.0,68.9
9,18,442.0,607.0,165.0,-100.0,83.9,39.2
7,8,514.0,607.0,93.0,-100.1,84.0,74.4
16,59,581.0,607.0,26.0,-100.0,74.2,72.5
22,30,383.0,608.0,225.0,-100.0,55.1,63.1
32,74,499.0,608.0,109.0,-100.0,66.9,58.7
14,76,522.0,608.0,86.0,-100.1,61.8,76.4
4,61,531.0,608.0,77.0,-100.0,92.6,68.9
5,15,41.0,609.0,568.0,-100.0,98.0,56.3
4,24,523.0,609.0,86.0,-100.2,92.6,52.3
13,70,523.0,609.0,86.0,-100.0,89.4,37.8
32,49,371.0,610.0,239.0,-100.1,66.9,39.0
1,50,531.0,610.0,79.0,-100.0,94.1,96.5
27,47,250.0,611.0,361.0,-100.0,50.2,35.3
2,57,372.0,611.0,239.0,-100.0,36.3,70.7
35,63,396.0,612.0,216.0,-100.0,85.7,62.0
37,60,457.0,612.0,155.0,-100.0,73.7,41.4
28,40,461.0,612.0,151.0,-100.1,95.8,43.6
41,44,566.0,612.0,46.0,-100.2,78.0,72.4
39,58,373.0,613.0,240.0,-100.0,80.8,36.0
50,69,507.0,613.0,106.0,-100.0,96.5,94.6
21,73,300.0,614.0,314.0,-100.0,45.7,75.4
7,38,527.0,614.0,87.0,-100.0,83.9,49.6
11,77,548.0,614.0,66.0,-100.0,66.9,52.7
50,53,493.0,615.0,122.0,-100.0,96.5,84.2
32,35,502.0,615.0,113.0,-100.0,66.9,85.7
4,75,527.0,615.0,88.0,-100.0,92.6,83.6
14,59,568.0,615.0,47.0,-100.1,61.8,72.5
38,55,465.0,616.0,151.0,-100.1,49.6,95.6
59,64,548.0,616.0,68.0,-100.1,72.5,66.0
41,60,577.0,616.0,39.0,-100.0,78.0,41.4
4,35,552.0,617.0,65.0,-100.0,92.6,85.7
29,60,453.0,618.0,165.0,-100.0,93.5,41.4
11,24,518.0,618.0,100.0,-100.0,66.9,52.3
39,47,0.0,619.0,619.0,-100.0,80.8,35.3
24,74,399.0,619.0,220.0,-100.1,52.3,58.7
17,66,479.0,619.0,140.0,-100.1,48.0,85.3
4,51,533.0,619.0,86.0,-100.0,92.6,85.4
55,77,587.0,619.0,32.0,-100.0,95.6,52.7
27,30,209.0,620.0,411.0,-100.0,50.2,63.0
4,32,538.0,620.0,82.0,-100.1,92.6,66.9
18,64,0.0,621.0,621.0,-100.0,39.2,66.0
12,70,430.0,621.0,191.0,-100.0,65.4,37.8
32,73,499.0,621.0,122.0,-100.1,66.9,75.4
4,11,521.0,621.0,100.0,-100.1,92.6,66.9
14,27,532.0,621.0,89.0,-100.0,61.8,50.2
24,44,591.0,621.0,30.0,-100.0,52.3,72.4
54,56,318.0,622.0,304.0,-99.9,85.0,47.1
16,27,396.0,622.0,226.0,-100.0,74.1,50.2
20,68,402.0,622.0,220.0,-100.0,58.6,71.3
44,50,413.0,622.0,209.0,-100.1,72.4,96.5
59,68,535.0,622.0,87.0,-100.2,72.5,71.3
44,72,547.0,622.0,75.0,-100.0,72.4,35.5
5,59,567.0,622.0,55.0,-100.0,97.9,72.5
7,10,519.0,623.0,104.0,-100.0,83.9,38.8
11,35,540.0,623.0,83.0,-100.0,66.9,85.7
41,43,550.0,623.0,73.0,-100.1,78.0,38.6
1,13,579.0,623.0,44.0,-100.0,94.1,89.4
15,58,599.0,623.0,24.0,-100.0,56.3,36.0
61,74,491.0,624.0,133.0,-100.0,68.9,58.7
12,50,511.0,624.0,113.0,-100.0,65.4,96.5
14,66,564.0,624.0,60.0,-100.0,61.8,85.3
28,62,598.0,624.0,26.0,-100.0,95.8,69.4
43,50,412.0,625.0,213.0,-100.0,38.6,96.5
43,51,497.0,625.0,128.0,-100.0,38.6,85.4
17,79,525.0,625.0,100.0,-100.0,48.0,82.8
22,59,529.0,625.0,96.0,-100.1,55.1,72.5
6,59,574.0,625.0,51.0,-100.0,85.5,72.5
51,71,579.0,625.0,46.0,-100.0,85.4,37.6
24,49,410.0,626.0,216.0,-100.0,52.3,39.0
18,32,509.0,626.0,117.0,-100.0,39.2,66.9
14,48,542.0,626.0,84.0,-100.0,61.8,94.9
4,77,557.0,626.0,69.0,-100.1,92.6,52.7
2,4,603.0,626.0,23.0,-100.0,36.3,92.6
71,75,617.0,626.0,9.0,-100.0,37.6,83.6
15,67,0.0,627.0,627.0,-100.0,56.3,63.8
72,75,574.0,627.0,53.0,-100.0,35.5,83.6
7,35,585.0,627.0,42.0,-100.0,83.9,85.7
9,39,428.0,628.0,200.0,-100.0,83.9,80.8
39,75,486.0,628.0,142.0,-100.0,80.8,83.6
35,74,523.0,628.0,105.0,-100.0,85.7,58.7
9,77,532.0,628.0,96.0,-100.0,83.9,52.7
75,77,545.0,628.0,83.0,-100.1,83.6,52.7
28,66,552.0,628.0,76.0,-100.0,95.8,85.3
58,59,596.0,628.0,32.0,-100.1,36.0,72.5
55,64,377.0,629.0,252.0,-100.0,95.6,66.0
0,51,520.0,629.0,109.0,-100.0,33.0,85.4
59,66,538.0,629.0,91.0,-100.0,72.5,85.3
0,41,566.0,629.0,63.0,-100.1,33.0,78.0
57,58,601.0,629.0,28.0,-100.0,70.7,36.0
29,72,496.0,630.0,134.0,-100.1,93.5,35.5
8,59,524.0,630.0,106.0,-100.0,74.3,72.5
25,50,526.0,630.0,104.0,-100.0,55.9,96.5
19,69,567.0,631.0,64.0,-100.0,62.8,94.6
29,51,571.0,631.0,60.0,-100.0,93.5,85.4
1,78,436.0,632.0,196.0,-100.0,94.1,92.3
24,75,458.0,632.0,174.0,-100.0,52.3,83.6
20,38,481.0,632.0,151.0,-100.0,58.5,49.5
13,72,558.0,632.0,74.0,-100.0,89.4,35.5
45,48,559.0,632.0,73.0,-100.0,36.0,94.9
63,75,578.0,632.0,54.0,-100.0,62.0,83.6
12,40,368.0,633.0,265.0,-100.0,65.4,43.5
70,72,492.0,633.0,141.0,-100.0,37.7,35.5
7,64,509.0,633.0,124.0,-100.0,83.9,66.0
23,59,557.0,633.0,76.0,-100.1,55.0,72.5
39,61,281.0,634.0,353.0,-100.0,80.8,68.9
40,44,450.0,634.0,184.0,-100.0,43.5,72.4
7,23,488.0,634.0,146.0,-100.0,83.9,55.0
10,20,497.0,634.0,137.0,-100.0,38.8,58.5
33,46,516.0,634.0,118.0,-100.0,88.8,80.2
18,24,437.0,635.0,198.0,-100.0,39.1,52.3
13,29,505.0,635.0,130.0,-99.9,89.4,93.5
50,78,546.0,635.0,89.0,-100.0,96.5,92.2
42,66,275.0,636.0,361.0,-100.0,89.6,85.3
54,78,425.0,636.0,211.0,-100.0,85.0,92.2
24,39,426.0,636.0,210.0,-100.0,52.3,80.8
71,72,515.0,636.0,121.0,-100.0,37.6,35.5
74,77,531.0,636.0,105.0,-100.1,58.7,52.7
23,41,625.0,636.0,11.0,-100.0,55.0,78.0
15,23,214.0,637.0,423.0,-100.0,56.3,55.0
49,61,342.0,637.0,295.0,-100.0,39.0,68.9
8,20,360.0,637.0,277.0,-100.0,74.3,58.5
38,59,554.0,637.0,83.0,-100.1,49.5,72.5
26,50,555.0,637.0,82.0,-100.1,77.4,96.5
27,58,558.0,637.0,79.0,-100.0,50.1,36.0
41,56,569.0,637.0,68.0,-100.0,78.0,47.1
20,30,405.0,638.0,233.0,-100.0,58.5,63.0
35,49,501.0,638.0,137.0,-100.0,85.7,39.0
32,77,502.0,638.0,136.0,-100.0,66.8,52.7
48,59,530.0,638.0,108.0,-100.2,94.9,72.5
35,75,537.0,638.0,101.0,-100.1,85.7,83.6
43,72,550.0,638.0,88.0,-100.1,38.6,35.5
59,79,564.0,638.0,74.0,-100.1,72.5,82.7
58,67,613.0,638.0,25.0,-99.9,36.0,63.8
32,39,391.0,639.0,248.0,-100.0,66.8,80.8
15,33,419.0,639.0,220.0,-100.0,56.3,88.8
11,61,460.0,639.0,179.0,-100.0,66.9,68.9
8,9,558.0,639.0,81.0,-100.0,74.3,83.9
0,50,591.0,639.0,48.0,-100.0,33.0,96.5
9,38,0.0,641.0,641.0,-100.0,83.9,49.5
22,76,163.0,641.0,478.0,-100.0,55.1,76.3
68,76,379.0,642.0,263.0,-100.0,71.3,76.3
74,75,432.0,642.0,210.0,-100.0,58.7,83.6
18,75,443.0,642.0,199.0,-100.0,39.1,83.6
13,41,534.0,642.0,108.0,-100.1,89.4,78.0
24,29,576.0,642.0,66.0,-100.0,52.3,93.5
23,35,624.0,642.0,18.0,-100.0,55.0,85.7
1,56,493.0,643.0,150.0,-100.0,94.1,47.1
20,47,460.0,644.0,184.0,-100.0,58.5,35.3
18,61,487.0,644.0,157.0,-100.0,39.1,68.9
27,45,559.0,644.0,85.0,-100.0,50.1,36.0
43,47,366.0,645.0,279.0,-100.0,38.6,35.3
27,59,538.0,645.0,107.0,-100.0,50.1,72.5
56,72,546.0,645.0,99.0,-100.0,47.1,35.5
7,32,569.0,645.0,76.0,-100.2,83.9,66.8
24,70,570.0,645.0,75.0,-100.0,52.3,37.7
20,24,598.0,645.0,47.0,-100.0,58.5,52.3
18,35,517.0,646.0,129.0,-100.0,39.1,85.7
69,78,532.0,646.0,114.0,-100.0,94.5,92.2
7,9,541.0,646.0,105.0,-100.1,83.9,83.9
23,46,143.0,647.0,504.0,-100.0,55.0,80.2
0,72,347.0,647.0,300.0,-100.0,33.0,35.5
50,60,410.0,647.0,237.0,-100.0,96.5,41.3
10,46,413.0,647.0,234.0,-100.0,38.8,80.2
10,55,475.0,647.0,172.0,-100.0,38.8,95.6
35,39,514.0,647.0,133.0,-100.1,85.7,80.8
41,72,581.0,647.0,66.0,-100.0,78.0,35.5
18,72,611.0,647.0,36.0,-100.0,39.1,35.5
56,70,307.0,648.0,341.0,-100.0,47.1,37.7
51,75,464.0,648.0,184.0,-100.0,85.4,83.6
28,54,474.0,648.0,174.0,-100.0,95.8,85.0
1,60,515.0,648.0,133.0,-100.0,94.1,41.3
7,77,583.0,648.0,65.0,-100.1,83.9,52.7
13,47,298.0,649.0,351.0,-100.0,89.4,35.3
6,42,443.0,649.0,206.0,-100.0,85.5,89.6
5,7,488.0,649.0,161.0,-100.0,97.9,83.9
6,17,492.0,649.0,157.0,-100.0,85.5,48.0
49,75,505.0,649.0,144.0,-100.0,39.0,83.6
1,70,532.0,649.0,117.0,-100.0,94.1,37.7
32,38,545.0,649.0,104.0,-100.0,66.8,49.5
3,32,550.0,650.0,100.0,-100.0,88.4,66.8
41,64,420.0,651.0,231.0,-100.0,78.0,65.9
54,60,480.0,651.0,171.0,-100.0,85.0,41.3
49,77,507.0,651.0,144.0,-100.0,39.0,52.7
1,26,512.0,651.0,139.0,-100.1,94.1,77.4
20,32,556.0,652.0,96.0,-100.0,58.5,66.8
20,35,567.0,652.0,85.0,-100.0,58.5,85.7
17,22,316.0,653.0,337.0,-100.0,48.0,55.1
30,41,424.0,653.0,229.0,-100.0,63.0,78.0
15,45,526.0,653.0,127.0,-100.1,56.3,36.0
0,1,567.0,653.0,86.0,-100.0,33.0,94.1
1,69,503.0,654.0,151.0,-99.9,94.1,94.5
5,27,0.0,655.0,655.0,-100.0,97.9,50.1
16,76,506.0,655.0,149.0,-100.0,74.1,76.3
8,32,601.0,655.0,54.0,-100.0,74.3,66.8
23,55,391.0,656.0,265.0,-100.0,55.0,95.6
44,70,485.0,656.0,171.0,-100.0,72.3,37.7
7,46,492.0,657.0,165.0,-100.0,83.9,80.1
40,41,574.0,657.0,83.0,-100.0,43.5,78.0
7,73,586.0,657.0,71.0,-100.0,83.9,75.4
2,35,619.0,657.0,38.0,-100.0,36.3,85.6
5,46,212.0,658.0,446.0,-100.0,97.9,80.1
3,9,383.0,658.0,275.0,-100.0,88.4,83.9
50,56,411.0,658.0,247.0,-100.0,96.5,47.1
9,20,525.0,658.0,133.0,-100.0,83.9,58.5
73,75,526.0,658.0,132.0,-100.1,75.4,83.5
24,43,579.0,658.0,79.0,-100.0,52.3,38.6
13,30,422.0,659.0,237.0,-100.0,89.4,63.0
51,74,475.0,659.0,184.0,-100.0,85.4,58.6
73,74,507.0,659.0,152.0,-100.0,75.4,58.6
15,48,549.0,659.0,110.0,-100.0,56.3,94.9
44,61,593.0,659.0,66.0,-100.0,72.3,68.9
13,24,601.0,659.0,58.0,-100.0,89.4,52.3
30,38,446.0,660.0,214.0,-100.0,63.0,49.5
48,76,509.0,660.0,151.0,-100.0,94.9,76.3
41,47,519.0,660.0,141.0,-100.0,78.0,35.3
11,51,533.0,660.0,127.0,-100.0,66.9,85.4
51,70,571.0,660.0,89.0,-100.0,85.4,37.7
53,69,510.0,661.0,151.0,-100.1,84.1,94.5
7,58,540.0,661.0,121.0,-100.0,83.9,36.0
4,21,581.0,661.0,80.0,-100.1,92.5,45.6
7,16,492.0,662.0,170.0,-100.0,83.9,74.1
4,74,521.0,662.0,141.0,-100.1,92.5,58.6
61,75,522.0,662.0,140.0,-100.0,68.9,83.5
18,77,527.0,662.0,135.0,-100.0,39.1,52.7
32,64,559.0,662.0,103.0,-100.0,66.8,65.9
61,72,563.0,663.0,100.0,-100.0,68.9,35.5
23,30,69.0,664.0,595.0,-100.0,55.0,63.0
5,55,326.0,664.0,338.0,-100.0,97.9,95.6
60,69,448.0,664.0,216.0,-100.0,41.3,94.5
9,64,496.0,664.0,168.0,-100.0,83.9,65.9
4,73,551.0,664.0,113.0,-100.0,92.5,75.4
25,29,233.0,665.0,432.0,-100.0,55.9,93.5
38,45,593.0,665.0,72.0,-100.0,49.5,36.0
15,66,616.0,665.0,49.0,-100.0,56.3,85.3
29,35,626.0,665.0,39.0,-100.0,93.5,85.6
42,79,317.0,666.0,349.0,-100.0,89.6,82.7
7,55,493.0,666.0,173.0,-100.0,83.9,95.6
3,77,517.0,666.0,149.0,-100.0,88.4,52.7
16,46,395.0,667.0,272.0,-100.0,74.1,80.1
16,55,451.0,667.0,216.0,-100.0,74.1,95.6
39,77,528.0,668.0,140.0,-100.1,80.8,52.7
2,7,540.0,668.0,128.0,-100.1,36.3,83.9
16,32,561.0,668.0,107.0,-100.0,74.1,66.8
2,32,564.0,668.0,104.0,-100.1,36.3,66.8
63,77,411.0,669.0,258.0,-100.0,61.9,52.7
13,44,434.0,669.0,235.0,-100.0,89.4,72.3
44,69,462.0,669.0,207.0,-100.1,72.3,94.5
39,55,527.0,669.0,142.0,-100.0,80.8,95.6
2,38,540.0,669.0,129.0,-100.0,36.3,49.5
69,70,540.0,669.0,129.0,-100.0,94.5,37.7
5,32,571.0,669.0,98.0,-100.0,97.9,66.8
76,79,90.0,670.0,580.0,-100.0,76.3,82.7
0,70,457.0,670.0,213.0,-100.0,33.0,37.7
58,76,588.0,670.0,82.0,-100.0,36.0,76.3
35,70,611.0,670.0,59.0,-100.1,85.6,37.7
2,10,387.0,671.0,284.0,-100.0,36.3,38.7
1,71,449.0,671.0,222.0,-100.0,94.1,37.5
2,55,528.0,671.0,143.0,-100.1,36.3,95.5
2,46,202.0,672.0,470.0,-100.0,36.3,80.1
32,58,511.0,672.0,161.0,-100.2,66.8,36.0
26,69,551.0,672.0,121.0,-100.1,77.3,94.5
36,50,626.0,672.0,46.0,-100.1,66.6,96.4
7,51,627.0,672.0,45.0,-100.0,83.9,85.4
13,53,629.0,672.0,43.0,-100.0,89.4,84.1
10,16,444.0,673.0,229.0,-100.0,38.7,74.1
20,77,573.0,673.0,100.0,-100.1,58.5,52.7
14,17,592.0,673.0,81.0,-100.0,61.7,48.0
39,72,605.0,673.0,68.0,-100.0,80.8,35.5
35,43,611.0,673.0,62.0,-100.0,85.6,38.6
24,58,652.0,673.0,21.0,-100.0,52.3,36.0
6,66,275.0,674.0,399.0,-100.0,85.5,85.3
20,23,423.0,674.0,251.0,-100.0,58.5,55.0
25,69,529.0,674.0,145.0,-100.0,55.9,94.5
4,49,534.0,674.0,140.0,-100.0,92.5,38.9
28,36,551.0,674.0,123.0,-100.0,95.7,66.6
17,50,625.0,674.0,49.0,-100.2,48.0,96.4
38,58,368.0,675.0,307.0,-100.0,49.5,36.0
16,38,468.0,675.0,207.0,-100.0,74.1,49.5
55,58,498.0,675.0,177.0,-100.0,95.5,36.0
0,60,482.0,676.0,194.0,-100.0,33.0,41.3
36,37,421.0,677.0,256.0,-100.0,66.6,73.6
33,45,530.0,677.0,147.0,-100.0,88.7,36.0
24,41,593.0,677.0,84.0,-100.0,52.2,78.0
4,7,594.0,677.0,83.0,-100.2,92.5,83.9
16,24,625.0,677.0,52.0,-100.0,74.1,52.2
15,52,131.0,678.0,547.0,-100.0,56.3,70.9
10,58,382.0,678.0,296.0,-100.0,38.7,36.0
2,9,457.0,678.0,221.0,-100.1,36.3,83.9
60,71,459.0,678.0,219.0,-100.0,41.3,37.5
10,48,483.0,678.0,195.0,-100.0,38.7,94.8
39,64,495.0,678.0,183.0,-100.0,80.8,65.9
24,73,503.0,678.0,175.0,-100.0,52.2,75.4
51,61,504.0,678.0,174.0,-100.1,85.4,68.9
29,69,518.0,678.0,160.0,-100.1,93.5,94.5
31,32,591.0,678.0,87.0,-100.0,52.3,66.8
2,24,648.0,678.0,30.0,-100.0,36.3,52.2
17,37,446.0,679.0,233.0,-100.0,48.0,73.6
24,51,473.0,679.0,206.0,-100.0,52.2,85.4
6,48,579.0,679.0,100.0,-100.0,85.5,94.8
52,58,601.0,679.0,78.0,-100.0,70.9,36.0
22,77,675.0,679.0,4.0,-100.0,55.0,52.7
20,55,0.0,680.0,680.0,-100.0,58.5,95.5
27,64,17.0,680.0,663.0,-100.0,50.1,65.9
9,16,492.0,680.0,188.0,-100.0,83.8,74.1
46,58,510.0,680.0,170.0,-100.0,80.1,36.0
23,32,573.0,680.0,107.0,-100.0,55.0,66.8
72,73,597.0,680.0,83.0,-100.1,35.5,75.4
15,65,415.0,681.0,266.0,-100.0,56.3,82.8
5,9,509.0,681.0,172.0,-100.0,97.9,83.8
3,55,565.0,681.0,116.0,-99.9,88.4,95.5
41,66,601.0,681.0,80.0,-100.1,78.0,85.3
20,72,611.0,681.0,70.0,-100.1,58.5,35.5
12,69,408.0,682.0,274.0,-100.0,65.3,94.5
9,58,413.0,682.0,269.0,-100.0,83.8,36.0
41,68,444.0,682.0,238.0,-100.0,78.0,71.3
24,71,580.0,682.0,102.0,-100.0,52.2,37.5
4,77,646.0,682.0,36.0,-100.0,92.5,52.7
8,30,334.0,683.0,349.0,-100.0,74.3,63.0
52,55,365.0,683.0,318.0,-100.0,70.9,95.5
20,64,413.0,683.0,270.0,-100.0,58.5,65.9
8,41,513.0,683.0,170.0,-100.0,74.3,78.0
30,72,585.0,683.0,98.0,-100.0,63.0,35.5
17,41,645.0,683.0,38.0,-100.0,48.0,78.0
70,71,0.0,684.0,684.0,-100.0,37.7,37.5
4,18,542.0,685.0,143.0,-100.0,92.5,39.1
5,76,401.0,686.0,285.0,-100.0,97.9,76.3
11,73,546.0,686.0,140.0,-100.0,66.8,75.4
14,42,584.0,686.0,102.0,-100.0,61.7,89.6
41,50,599.0,686.0,87.0,-100.0,77.9,96.4
40,43,427.0,687.0,260.0,-100.0,43.5,38.6
0,44,462.0,687.0,225.0,-100.0,32.9,72.3
32,55,560.0,687.0,127.0,-100.0,66.8,95.5
41,54,614.0,687.0,73.0,-100.0,77.9,85.0
41,48,619.0,687.0,68.0,-100.2,77.9,94.8
46,52,366.0,688.0,322.0,-100.0,80.1,70.9
43,70,473.0,688.0,215.0,-100.0,38.6,37.7
7,31,569.0,688.0,119.0,-99.9,83.9,52.3
41,42,616.0,688.0,72.0,-100.1,77.9,89.6
27,50,666.0,688.0,22.0,-100.0,50.1,96.4
43,69,492.0,689.0,197.0,-100.0,38.6,94.5
32,46,594.0,689.0,95.0,-100.1,66.8,80.1
13,43,424.0,690.0,266.0,-100.0,89.3,38.6
1,25,478.0,690.0,212.0,-100.0,94.0,55.9
11,75,545.0,690.0,145.0,-100.0,66.8,83.5
3,72,655.0,690.0,35.0,-100.0,88.4,35.4
44,56,443.0,691.0,248.0,-100.0,72.3,47.0
10,68,490.0,691.0,201.0,-100.0,38.7,71.3
8,45,607.0,691.0,84.0,-100.0,74.3,36.0
38,77,613.0,691.0,78.0,-100.1,49.5,52.7
5,24,628.0,691.0,63.0,-100.0,97.9,52.2
39,73,223.0,692.0,469.0,-100.0,80.7,75.4
66,76,518.0,692.0,174.0,-100.0,85.3,76.3
10,45,574.0,692.0,118.0,-100.1,38.7,36.0
4,63,578.0,692.0,114.0,-100.0,92.5,61.9
24,61,502.0,693.0,191.0,-100.1,52.2,68.9
24,72,557.0,693.0,136.0,-100.1,52.2,35.4
37,41,601.0,693.0,92.0,-100.1,73.6,77.9
48,72,642.0,693.0,51.0,-100.1,94.8,35.4
5,38,450.0,694.0,244.0,-100.0,97.9,49.5
26,44,578.0,694.0,116.0,-100.0,77.3,72.3
9,10,0.0,695.0,695.0,-100.0,83.8,38.7
17,28,530.0,695.0,165.0,-100.0,48.0,95.7
20,73,565.0,695.0,130.0,-100.0,58.5,75.4
63,74,565.0,695.0,130.0,-100.0,61.9,58.6
4,20,575.0,695.0,120.0,-100.0,92.5,58.5
7,63,610.0,695.0,85.0,-100.0,83.9,61.9
47,72,576.0,696.0,120.0,-100.0,35.2,35.4
9,23,507.0,697.0,190.0,-100.0,83.8,54.9
12,13,546.0,697.0,151.0,-100.0,65.3,89.3
72,77,600.0,697.0,97.0,-100.2,35.4,52.7
42,50,614.0,697.0,83.0,-100.0,89.6,96.4
5,10,447.0,698.0,251.0,-100.0,97.9,38.7
12,78,468.0,698.0,230.0,-100.0,65.3,92.2
49,51,487.0,698.0,211.0,-100.0,38.9,85.4
4,39,528.0,698.0,170.0,-100.1,92.5,80.7
24,56,601.0,698.0,97.0,-100.0,52.2,47.0
14,54,661.0,698.0,37.0,-100.0,61.7,85.0
27,48,433.0,699.0,266.0,-100.0,50.1,94.8
49,73,468.0,699.0,231.0,-100.0,38.9,75.4
44,78,606.0,699.0,93.0,-100.0,72.3,92.2
3,46,612.0,699.0,87.0,-100.0,88.4,80.1
33,59,621.0,699.0,78.0,-100.0,88.7,72.4
4,55,632.0,699.0,67.0,-100.0,92.5,95.5
35,40,655.0,699.0,44.0,-100.0,85.6,43.5
21,63,219.0,700.0,481.0,-100.0,45.6,61.9
0,29,443.0,700.0,257.0,-100.0,32.9,93.4
44,71,472.0,700.0,228.0,-100.1,72.3,37.5
3,74,576.0,700.0,124.0,-100.0,88.3,58.6
30,51,610.0,700.0,90.0,-100.0,63.0,85.4
8,15,611.0,700.0,89.0,-100.0,74.3,56.3
5,48,453.0,701.0,248.0,-100.0,97.9,94.8
53,78,470.0,701.0,231.0,-100.0,84.1,92.2
26,53,493.0,701.0,208.0,-100.0,77.3,84.1
15,59,582.0,701.0,119.0,-100.0,56.3,72.4
23,24,637.0,701.0,64.0,-100.0,54.9,52.2
0,24,392.0,702.0,310.0,-100.0,32.9,52.2
3,4,585.0,702.0,117.0,-100.0,88.3,92.5
34,59,637.0,702.0,65.0,-100.0,75.0,72.4
14,41,643.0,702.0,59.0,-100.0,61.7,77.9
23,48,461.0,703.0,242.0,-100.0,54.9,94.8
4,46,642.0,703.0,61.0,-100.1,92.5,80.1
28,50,654.0,703.0,49.0,-100.0,95.7,96.4
29,56,199.0,704.0,505.0,-100.0,93.4,47.0
61,70,573.0,704.0,131.0,-100.0,68.8,37.7
3,7,577.0,704.0,127.0,-100.0,88.3,83.9
22,42,270.0,705.0,435.0,-100.0,55.0,89.5
28,42,547.0,705.0,158.0,-100.0,95.7,89.5
10,67,610.0,705.0,95.0,-100.0,38.7,63.7
6,59,683.0,705.0,22.0,-100.0,85.4,72.4
1,19,547.0,706.0,159.0,-100.0,94.0,62.7
14,15,657.0,706.0,49.0,-100.0,61.7,56.2
38,47,241.0,707.0,466.0,-100.0,49.5,35.2
15,76,523.0,707.0,184.0,-100.0,56.2,76.3
68,72,612.0,707.0,95.0,-100.1,71.3,35.4
35,71,622.0,707.0,85.0,-100.0,85.6,37.5
10,64,431.0,708.0,277.0,-100.0,38.7,65.9
2,49,644.0,708.0,64.0,-100.0,36.2,38.9
24,30,591.0,709.0,118.0,-100.1,52.2,63.0
23,77,604.0,709.0,105.0,-100.0,54.9,52.6
8,77,617.0,709.0,92.0,-100.0,74.3,52.6
35,56,625.0,709.0,84.0,-100.0,85.6,47.0
38,48,401.0,710.0,309.0,-100.1,49.5,94.8
51,73,483.0,710.0,227.0,-100.0,85.4,75.3
51,77,528.0,710.0,182.0,-100.1,85.4,52.6
27,66,545.0,710.0,165.0,-100.0,50.1,85.2
0,53,636.0,710.0,74.0,-100.0,32.9,84.1
50,79,652.0,710.0,58.0,-100.0,96.4,82.7
31,72,699.0,710.0,11.0,-100.0,52.3,35.4
50,54,537.0,711.0,174.0,-100.0,96.4,84.9
7,18,576.0,711.0,135.0,-100.0,83.9,39.1
47,51,600.0,711.0,111.0,-100.0,35.2,85.3
24,64,610.0,711.0,101.0,-100.0,52.2,65.9
32,45,614.0,711.0,97.0,-100.0,66.8,35.9
13,78,615.0,711.0,96.0,-100.0,89.3,92.2
58,72,634.0,711.0,77.0,-100.0,35.9,35.4
38,50,666.0,711.0,45.0,-100.0,49.5,96.4
10,66,613.0,712.0,99.0,-100.0,38.7,85.2
29,71,0.0,713.0,713.0,-100.0,93.4,37.5
48,79,550.0,713.0,163.0,-100.1,94.8,82.7
4,58,641.0,713.0,72.0,-100.0,92.5,35.9
23,27,74.0,714.0,640.0,-100.0,54.9,50.1
24,77,533.0,714.0,181.0,-100.0,52.2,52.6
58,68,545.0,714.0,169.0,-100.0,35.9,71.3
13,25,579.0,714.0,135.0,-100.0,89.3,55.8
26,43,614.0,714.0,100.0,-100.0,77.3,38.5
4,31,625.0,714.0,89.0,-100.1,92.5,52.3
28,48,673.0,714.0,41.0,-100.0,95.7,94.8
29,44,465.0,715.0,250.0,-100.0,93.4,72.3
40,69,617.0,715.0,98.0,-100.1,43.5,94.5
2,72,631.0,715.0,84.0,-100.1,36.2,35.4
9,59,664.0,715.0,51.0,-100.1,83.8,72.4
5,20,375.0,716.0,341.0,-100.0,97.9,58.5
8,48,412.0,716.0,304.0,-100.1,74.3,94.8
31,57,429.0,716.0,287.0,-100.0,52.3,70.6
7,39,576.0,716.0,140.0,-100.0,83.8,80.7
20,51,612.0,716.0,104.0,-100.0,58.5,85.3
18,74,360.0,717.0,357.0,-100.0,39.1,58.6
54,62,572.0,717.0,145.0,-100.0,84.9,69.4
16,72,622.0,717.0,95.0,-100.0,74.1,35.4
51,68,665.0,717.0,52.0,-100.0,85.3,71.3
35,61,279.0,718.0,439.0,-100.0,85.6,68.8
39,74,430.0,718.0,288.0,-100.0,80.7,58.6
27,76,443.0,718.0,275.0,-100.0,50.1,76.3
8,58,527.0,718.0,191.0,-100.0,74.3,35.9
2,45,609.0,718.0,109.0,-100.0,36.2,35.9
32,57,618.0,718.0,100.0,-100.1,66.8,70.6
2,4,629.0,718.0,89.0,-100.1,36.2,92.5
4,57,680.0,718.0,38.0,-100.0,92.5,70.6
30,43,143.0,719.0,576.0,-100.0,62.9,38.5
56,69,498.0,719.0,221.0,-100.0,47.0,94.5
4,16,637.0,719.0,82.0,-100.0,92.5,74.0
69,71,509.0,720.0,211.0,-100.0,94.5,37.5
2,20,549.0,720.0,171.0,-100.0,36.2,58.5
0,35,602.0,720.0,118.0,-100.0,32.9,85.6
45,64,616.0,721.0,105.0,-100.0,35.9,65.9
66,72,634.0,721.0,87.0,-100.0,85.2,35.4
24,66,639.0,721.0,82.0,-100.0,52.2,85.2
4,45,657.0,721.0,64.0,-100.0,92.5,35.9
27,59,663.0,721.0,58.0,-100.0,50.1,72.4
9,31,448.0,722.0,274.0,-100.0,83.8,52.3
45,76,481.0,722.0,241.0,-100.0,35.9,76.3
11,63,586.0,722.0,136.0,-99.9,66.8,61.9
27,37,667.0,722.0,55.0,-100.0,50.1,73.6
12,26,536.0,723.0,187.0,-100.0,65.3,77.3
6,14,569.0,723.0,154.0,-100.1,85.4,61.7
29,61,574.0,723.0,149.0,-100.0,93.4,68.8
35,72,587.0,723.0,136.0,-100.0,85.6,35.4
38,66,588.0,723.0,135.0,-100.0,49.4,85.2
38,64,415.0,724.0,309.0,-100.0,49.4,65.9
64,76,485.0,724.0,239.0,-100.0,65.9,76.3
38,76,552.0,724.0,172.0,-100.0,49.4,76.3
61,69,628.0,724.0,96.0,-100.0,68.8,94.5
24,50,654.0,725.0,71.0,-100.1,52.2,96.4
18,73,479.0,726.0,247.0,-100.0,39.1,75.3
16,77,582.0,726.0,144.0,-100.0,74.0,52.6
48,64,612.0,726.0,114.0,-100.0,94.8,65.9
38,72,623.0,726.0,103.0,-100.0,49.4,35.4
44,60,0.0,727.0,727.0,-100.0,72.3,41.3
0,69,537.0,727.0,190.0,-100.0,32.9,94.5
5,77,595.0,727.0,132.0,-99.9,97.8,52.6
5,72,622.0,727.0,105.0,-100.1,97.8,35.4
22,50,633.0,727.0,94.0,-100.0,55.0,96.4
45,72,661.0,727.0,66.0,-100.0,35.9,35.4
16,68,0.0,728.0,728.0,-100.0,74.0,71.2
12,44,481.0,728.0,247.0,-100.1,65.3,72.3
53,71,624.0,728.0,104.0,-100.0,84.1,37.5
38,52,658.0,728.0,70.0,-100.0,49.4,70.8
38,59,667.0,728.0,61.0,-100.1,49.4,72.4
4,66,679.0,728.0,49.0,-100.1,92.5,85.2
53,61,704.0,728.0,24.0,-100.0,84.1,68.8
9,32,534.0,729.0,195.0,-100.0,83.8,66.8
10,59,577.0,729.0,152.0,-100.1,38.7,72.4
13,69,606.0,729.0,123.0,-100.0,89.3,94.5
24,40,640.0,729.0,89.0,-100.0,52.2,43.4
4,5,645.0,729.0,84.0,-100.0,92.5,97.8
14,24,673.0,729.0,56.0,-100.1,61.7,52.2
14,32,719.0,729.0,10.0,-100.0,61.7,66.8
22,66,469.0,730.0,261.0,-100.0,55.0,85.2
64,72,610.0,730.0,120.0,-100.1,65.9,35.4
24,48,646.0,730.0,84.0,-100.0,52.2,94.8
66,79,258.0,731.0,473.0,-100.0,85.2,82.6
35,73,356.0,731.0,375.0,-100.0,85.6,75.3
45,58,593.0,731.0,138.0,-100.0,35.9,35.9
59,65,618.0,731.0,113.0,-100.0,72.4,82.7
24,69,634.0,731.0,97.0,-100.0,52.2,94.5
4,9,646.0,731.0,85.0,-100.0,92.5,83.8
32,59,657.0,731.0,74.0,-100.1,66.7,72.4
14,72,685.0,731.0,46.0,-100.1,61.7,35.4
27,68,319.0,732.0,413.0,-100.0,50.0,71.2
22,48,499.0,732.0,233.0,-100.0,55.0,94.8
64,77,587.0,732.0,145.0,-100.0,65.9,52.6
48,54,669.0,732.0,63.0,-100.0,94.8,84.9
10,14,675.0,732.0,57.0,-100.0,38.7,61.7
9,51,725.0,732.0,7.0,-100.0,83.8,85.3
1,44,542.0,733.0,191.0,-100.1,94.0,72.3
23,45,576.0,733.0,157.0,-100.0,54.9,35.9
14,27,644.0,733.0,89.0,-100.1,61.7,50.0
35,77,394.0,734.0,340.0,-100.0,85.6,52.6
59,76,558.0,734.0,176.0,-100.1,72.4,76.3
32,67,624.0,734.0,110.0,-100.1,66.7,63.7
47,58,636.0,734.0,98.0,-100.0,35.2,35.9
27,72,661.0,734.0,73.0,-100.0,50.0,35.4
59,72,678.0,734.0,56.0,-100.2,72.4,35.4
59,79,684.0,734.0,50.0,-100.0,72.4,82.6
45,65,539.0,735.0,196.0,-100.0,35.9,82.7
8,24,625.0,735.0,110.0,-100.0,74.2,52.2
8,50,677.0,735.0,58.0,-100.0,74.2,96.4
45,59,583.0,736.0,153.0,-100.0,35.9,72.4
30,35,584.0,736.0,152.0,-100.0,62.9,85.6
14,38,657.0,736.0,79.0,-100.2,61.7,49.4
69,77,658.0,736.0,78.0,-100.2,94.4,52.6
47,79,678.0,736.0,58.0,-100.0,35.2,82.6
4,59,683.0,736.0,53.0,-100.1,92.4,72.4
34,51,729.0,736.0,7.0,-100.0,74.9,85.3
23,38,444.0,737.0,293.0,-100.0,54.9,49.4
14,48,645.0,737.0,92.0,-100.1,61.7,94.8
4,64,656.0,737.0,81.0,-100.0,92.4,65.8
69,73,661.0,737.0,76.0,-100.1,94.4,75.3
72,79,674.0,737.0,63.0,-100.0,35.4,82.6
14,77,689.0,737.0,48.0,-100.1,61.7,52.6
9,46,494.0,738.0,244.0,-100.0,83.8,80.1
58,77,527.0,738.0,211.0,-100.0,35.9,52.6
24,47,577.0,738.0,161.0,-100.0,52.2,35.2
6,41,635.0,738.0,103.0,-100.1,85.4,77.9
30,69,636.0,738.0,102.0,-100.0,62.9,94.4
35,48,658.0,738.0,80.0,-100.0,85.6,94.8
35,58,666.0,738.0,72.0,-100.0,85.6,35.9
48,69,669.0,738.0,69.0,-100.2,94.8,94.4
4,67,671.0,738.0,67.0,-100.0,92.4,63.7
32,51,713.0,738.0,25.0,-100.0,66.7,85.3
53,60,83.0,739.0,656.0,-100.0,84.0,41.3
3,21,410.0,739.0,329.0,-100.0,88.3,45.5
0,43,438.0,739.0,301.0,-100.0,32.9,38.5
16,47,534.0,739.0,205.0,-100.0,74.0,35.2
14,22,554.0,739.0,185.0,-100.0,61.7,55.0
9,45,596.0,739.0,143.0,-100.1,83.8,35.9
20,63,615.0,739.0,124.0,-100.0,58.4,61.9
41,79,623.0,739.0,116.0,-100.0,77.9,82.6
4,14,701.0,739.0,38.0,-100.2,92.4,61.7
40,50,502.0,740.0,238.0,-100.1,43.4,96.4
33,67,379.0,741.0,362.0,-100.0,88.7,63.7
27,41,606.0,741.0,135.0,-100.1,50.0,77.9
59,67,623.0,741.0,118.0,-100.0,72.4,63.7
32,33,648.0,741.0,93.0,-100.0,66.7,88.7
15,41,659.0,741.0,82.0,-100.0,56.2,77.9
24,35,524.0,742.0,218.0,-100.0,52.2,85.6
53,56,628.0,742.0,114.0,-100.0,84.0,47.0
4,51,637.0,742.0,105.0,-100.1,92.4,85.3
14,37,641.0,742.0,101.0,-100.0,61.7,73.6
28,41,643.0,742.0,99.0,-100.0,95.7,77.9
28,54,653.0,742.0,89.0,-100.0,95.7,84.9
13,50,458.0,743.0,285.0,-100.0,89.3,96.4
28,59,725.0,743.0,18.0,-100.0,95.7,72.4
45,52,416.0,744.0,328.0,-100.0,35.9,70.8
5,45,576.0,744.0,168.0,-100.0,97.8,35.9
33,52,445.0,745.0,300.0,-100.0,88.7,70.8
16,20,479.0,745.0,266.0,-100.0,74.0,58.4
14,79,542.0,745.0,203.0,-100.1,61.6,82.6
32,34,660.0,745.0,85.0,-100.1,66.7,74.9
29,73,671.0,746.0,75.0,-100.0,93.4,75.3
58,69,690.0,746.0,56.0,-100.0,35.9,94.4
13,60,452.0,747.0,295.0,-100.0,89.3,41.2
24,68,621.0,747.0,126.0,-100.1,52.2,71.2
43,71,464.0,748.0,284.0,-100.0,38.5,37.4
38,68,483.0,748.0,265.0,-99.9,49.4,71.2
8,16,489.0,748.0,259.0,-100.0,74.2,74.0
70,73,627.0,749.0,122.0,-100.0,37.6,75.3
30,64,102.0,750.0,648.0,-100.0,62.9,65.8
37,42,497.0,750.0,253.0,-100.0,73.6,89.5
37,50,593.0,750.0,157.0,-100.0,73.6,96.4
4,34,705.0,750.0,45.0,-100.1,92.4,74.9
49,63,548.0,751.0,203.0,-100.1,38.9,61.9
35,50,673.0,751.0,78.0,-100.0,85.6,96.4
4,23,655.0,752.0,97.0,-100.0,92.4,54.9
63,70,678.0,752.0,74.0,-100.0,61.9,37.6
24,42,693.0,752.0,59.0,-100.0,52.2,89.5
5,30,263.0,753.0,490.0,-99.9,97.8,62.9
23,58,499.0,753.0,254.0,-99.9,54.9,35.9
45,57,597.0,753.0,156.0,-100.0,35.9,70.6
9,52,602.0,753.0,151.0,-100.0,83.8,70.8
50,69,669.0,753.0,84.0,-100.0,96.4,94.4
63,77,678.0,753.0,75.0,-100.0,61.9,52.6
15,28,679.0,753.0,74.0,-100.0,56.2,95.7
4,22,737.0,753.0,16.0,-100.0,92.4,55.0
70,75,594.0,754.0,160.0,-100.0,37.6,83.4
2,8,604.0,754.0,150.0,-100.0,36.2,74.2
14,30,709.0,754.0,45.0,-100.0,61.6,62.9
48,66,544.0,755.0,211.0,-100.0,94.8,85.2
51,76,704.0,755.0,51.0,-100.0,85.3,76.2
4,33,714.0,755.0,41.0,-100.0,92.4,88.6
17,54,571.0,756.0,185.0,-100.0,47.9,84.9
16,35,587.0,756.0,169.0,-100.0,74.0,85.6
52,59,607.0,756.0,149.0,-100.0,70.8,72.4
37,69,666.0,756.0,90.0,-100.0,73.5,94.4
8,59,671.0,756.0,85.0,-100.0,74.2,72.4
24,28,686.0,756.0,70.0,-100.1,52.2,95.7
10,23,429.0,757.0,328.0,-100.0,38.7,54.9
20,58,512.0,757.0,245.0,-100.0,58.4,35.9
32,65,648.0,758.0,110.0,-100.0,66.7,82.7
50,61,686.0,758.0,72.0,-100.1,96.4,68.8
50,71,687.0,758.0,71.0,-100.0,96.4,37.4
4,65,691.0,758.0,67.0,-100.0,92.4,82.7
66,77,643.0,759.0,116.0,-100.0,85.2,52.6
45,51,676.0,759.0,83.0,-100.0,35.9,85.3
23,32,682.0,759.0,77.0,-100.0,54.9,66.7
13,77,694.0,759.0,65.0,-100.0,89.3,52.6
35,59,701.0,759.0,58.0,-100.2,85.5,72.4
17,41,713.0,759.0,46.0,-100.0,47.9,77.9
19,44,606.0,760.0,154.0,-100.0,62.7,72.2
35,63,694.0,760.0,66.0,-100.0,85.5,61.9
25,44,534.0,761.0,227.0,-99.9,55.8,72.2
10,65,645.0,761.0,116.0,-100.0,38.7,82.7
4,52,671.0,761.0,90.0,-100.1,92.4,70.8
14,47,682.0,761.0,79.0,-100.0,61.6,35.2
59,69,707.0,761.0,54.0,-100.1,72.4,94.4
19,53,484.0,762.0,278.0,-100.0,62.7,84.0
16,45,594.0,762.0,168.0,-100.0,74.0,35.9
14,28,602.0,762.0,160.0,-100.0,61.6,95.7
47,69,643.0,762.0,119.0,-100.1,35.2,94.4
24,37,653.0,762.0,109.0,-100.1,52.2,73.5
4,72,656.0,762.0,106.0,-100.1,92.4,35.4
2,35,664.0,762.0,98.0,-100.0,36.2,85.5
37,77,682.0,762.0,80.0,-100.0,73.5,52.6
32,72,684.0,762.0,78.0,-100.2,66.7,35.4
32,76,624.0,763.0,139.0,-100.1,66.7,76.2
48,50,647.0,763.0,116.0,-100.1,94.8,96.4
13,30,669.0,763.0,94.0,-100.0,89.3,62.9
3,45,674.0,763.0,89.0,-100.0,88.3,35.9
2,69,686.0,763.0,77.0,-100.0,36.2,94.4
14,73,726.0,763.0,37.0,-100.0,61.6,75.3
52,57,495.0,764.0,269.0,-100.0,70.8,70.5
14,68,663.0,764.0,101.0,-100.1,61.6,71.2
24,79,666.0,764.0,98.0,-100.0,52.2,82.6
50,56,670.0,764.0,94.0,-100.1,96.4,47.0
0,50,677.0,764.0,87.0,-100.1,32.9,96.4
4,76,679.0,764.0,85.0,-100.0,92.4,76.2
14,35,687.0,764.0,77.0,-100.0,61.6,85.5
23,50,711.0,764.0,53.0,-100.0,54.9,96.4
7,18,740.0,764.0,24.0,-100.0,83.8,39.0
16,69,689.0,765.0,76.0,-100.0,74.0,94.4
6,24,696.0,765.0,69.0,-100.0,85.4,52.2
63,69,704.0,765.0,61.0,-100.0,61.9,94.4
46,57,485.0,766.0,281.0,-100.0,80.0,70.5
43,61,564.0,766.0,202.0,-100.0,38.5,68.8
8,14,666.0,766.0,100.0,-100.0,74.2,61.6
37,38,668.0,766.0,98.0,-100.0,73.5,49.4
41,42,723.0,766.0,43.0,-100.1,77.9,89.5
8,66,558.0,767.0,209.0,-100.0,74.2,85.2
32,52,621.0,767.0,146.0,-100.0,66.7,70.8
10,72,650.0,767.0,117.0,-100.0,38.7,35.4
35,66,651.0,767.0,116.0,-100.1,85.5,85.2
50,77,674.0,767.0,93.0,-100.0,96.4,52.6
38,69,705.0,767.0,62.0,-100.0,49.4,94.4
4,69,716.0,767.0,51.0,-100.0,92.4,94.4
51,55,729.0,767.0,38.0,-100.0,85.3,95.5
17,42,384.0,768.0,384.0,-100.0,47.9,89.5
50,68,642.0,768.0,126.0,-100.1,96.4,71.2
24,36,753.0,768.0,15.0,-100.0,52.2,66.5
9,55,509.0,769.0,260.0,-100.0,83.8,95.5
64,73,593.0,769.0,176.0,-100.0,65.8,75.3
68,69,663.0,769.0,106.0,-100.0,71.2,94.4
47,50,665.0,769.0,104.0,-100.1,35.1,96.4
36,41,727.0,769.0,42.0,-100.0,66.5,77.9
8,47,351.0,770.0,419.0,-99.9,74.2,35.1
68,77,624.0,770.0,146.0,-100.0,71.2,52.6
12,40,685.0,770.0,85.0,-100.0,65.2,43.4
4,28,720.0,770.0,50.0,-100.0,92.4,95.6
12,25,484.0,771.0,287.0,-99.9,65.2,55.8
12,19,571.0,771.0,200.0,-100.0,65.2,62.7
3,20,584.0,771.0,187.0,-100.0,88.3,58.4
13,24,667.0,771.0,104.0,-100.0,89.3,52.2
23,59,671.0,771.0,100.0,-100.1,54.9,72.4
13,48,680.0,771.0,91.0,-100.0,89.3,94.7
22,69,695.0,771.0,76.0,-100.0,55.0,94.4
24,27,670.0,772.0,102.0,-100.0,52.2,50.0
44,53,315.0,773.0,458.0,-100.0,72.2,84.0
1,43,561.0,773.0,212.0,-100.0,94.0,38.5
5,35,602.0,773.0,171.0,-100.0,97.8,85.5
4,8,675.0,773.0,98.0,-100.0,92.4,74.2
59,68,700.0,773.0,73.0,-100.0,72.4,71.2
35,47,560.0,774.0,214.0,-100.0,85.5,35.1
9,67,609.0,774.0,165.0,-100.0,83.8,63.7
20,31,638.0,774.0,136.0,-100.0,58.4,52.2
13,42,669.0,774.0,105.0,-100.0,89.3,89.5
47,59,714.0,774.0,60.0,-100.1,35.1,72.4
32,69,735.0,774.0,39.0,-100.0,66.7,94.4
40,54,242.0,775.0,533.0,-100.0,43.4,84.9
13,56,495.0,775.0,280.0,-100.0,89.3,47.0
0,66,726.0,775.0,49.0,-100.0,32.9,85.2
1,77,749.0,775.0,26.0,-100.0,94.0,52.6
37,66,493.0,776.0,283.0,-100.0,73.5,85.2
9,72,676.0,776.0,100.0,-100.1,83.8,35.4
13,28,738.0,776.0,38.0,-100.0,89.3,95.6
68,79,574.0,777.0,203.0,-100.0,71.2,82.6
35,51,516.0,778.0,262.0,-100.0,85.5,85.3
2,77,580.0,778.0,198.0,-100.0,36.2,52.6
37,48,633.0,778.0,145.0,-100.0,73.5,94.7
33,72,711.0,778.0,67.0,-100.1,88.6,35.4
28,66,722.0,778.0,56.0,-100.0,95.6,85.2
50,75,744.0,778.0,34.0,-100.1,96.3,83.4
47,77,581.0,779.0,198.0,-100.0,35.1,52.6
51,65,716.0,779.0,63.0,-100.0,85.3,82.7
16,30,266.0,780.0,514.0,-99.9,74.0,62.9
14,45,764.0,780.0,16.0,-100.1,61.6,35.9
43,56,410.0,781.0,371.0,-100.0,38.5,47.0
49,74,419.0,781.0,362.0,-100.0,38.8,58.5
12,43,487.0,781.0,294.0,-100.1,65.2,38.5
35,68,620.0,781.0,161.0,-100.0,85.5,71.2
28,38,677.0,782.0,105.0,-100.1,95.6,49.4
48,68,466.0,783.0,317.0,-100.0,94.7,71.2
7,74,606.0,783.0,177.0,-100.1,83.8,58.5
28,47,718.0,783.0,65.0,-100.0,95.6,35.1
72,79,745.0,783.0,38.0,-100.0,35.4,82.6
23,47,392.0,784.0,392.0,-99.9,54.9,35.1
35,37,674.0,784.0,110.0,-100.0,85.5,73.5
28,32,722.0,784.0,62.0,-100.0,95.6,66.7
10,69,732.0,784.0,52.0,-100.0,38.6,94.4
27,69,727.0,785.0,58.0,-100.0,50.0,94.4
6,69,743.0,785.0,42.0,-100.0,85.4,94.4
58,64,477.0,786.0,309.0,-100.0,35.9,65.8
13,61,674.0,787.0,113.0,-100.0,89.2,68.8
13,35,699.0,787.0,88.0,-100.0,89.2,85.5
2,48,706.0,787.0,81.0,-100.0,36.1,94.7
31,59,712.0,787.0,75.0,-100.0,52.2,72.3
14,49,763.0,787.0,24.0,-100.1,61.6,38.8
37,79,624.0,788.0,164.0,-100.0,73.5,82.6
50,64,689.0,788.0,99.0,-100.1,96.3,65.8
20,70,747.0,788.0,41.0,-100.0,58.4,37.6
20,39,522.0,789.0,267.0,-100.0,58.4,80.7
29,75,607.0,789.0,182.0,-100.1,93.4,83.4
8,51,664.0,789.0,125.0,-100.1,74.2,85.3
51,67,700.0,789.0,89.0,-100.0,85.3,63.7
18,59,728.0,789.0,61.0,-100.1,39.0,72.3
2,18,566.0,790.0,224.0,-100.0,36.1,39.0
47,48,633.0,790.0,157.0,-100.0,35.1,94.7
8,67,738.0,790.0,52.0,-100.0,74.2,63.7
41,47,783.0,790.0,7.0,-100.0,77.8,35.1
5,47,389.0,791.0,402.0,-100.0,97.8,35.1
3,11,680.0,791.0,111.0,-100.0,88.3,66.7
28,68,690.0,791.0,101.0,-100.0,95.6,71.2
52,66,699.0,791.0,92.0,-100.0,70.8,85.2
50,73,700.0,791.0,91.0,-100.0,96.3,75.3
54,68,714.0,791.0,77.0,-100.0,84.9,71.2
46,51,715.0,791.0,76.0,-100.0,80.0,85.3
5,8,80.0,792.0,712.0,-100.0,97.8,74.2
8,68,381.0,792.0,411.0,-100.0,74.2,71.2
33,65,413.0,792.0,379.0,-100.0,88.6,82.7
28,37,487.0,792.0,305.0,-100.0,95.6,73.5
30,50,670.0,792.0,122.0,-100.1,62.9,96.3
1,73,738.0,792.0,54.0,-100.0,93.9,75.3
41,68,774.0,792.0,18.0,-100.0,77.8,71.2
29,43,444.0,793.0,349.0,-100.0,93.4,38.5
43,60,102.0,794.0,692.0,-100.0,38.5,41.2
21,39,575.0,794.0,219.0,-100.0,45.5,80.6
23,27,718.0,794.0,76.0,-99.9,54.9,50.0
17,24,763.0,794.0,31.0,-100.0,47.9,52.1
11,39,349.0,795.0,446.0,-100.0,66.7,80.6
22,28,552.0,795.0,243.0,-100.0,54.9,95.6
47,66,609.0,795.0,186.0,-100.0,35.1,85.2
1,75,678.0,795.0,117.0,-100.0,93.9,83.4
39,59,726.0,795.0,69.0,-100.0,80.6,72.3
26,77,737.0,795.0,58.0,-100.0,77.2,52.6
35,72,747.0,795.0,48.0,-100.1,85.5,35.3
21,70,760.0,795.0,35.0,-100.0,45.5,37.6
18,20,471.0,796.0,325.0,-100.0,39.0,58.4
10,76,555.0,797.0,242.0,-100.0,38.6,76.2
42,54,581.0,797.0,216.0,-100.0,89.5,84.9
12,61,664.0,797.0,133.0,-100.1,65.2,68.7
59,64,685.0,797.0,112.0,-100.0,72.3,65.8
13,26,607.0,798.0,191.0,-100.0,89.2,77.2
8,32,692.0,798.0,106.0,-100.0,74.2,66.7
34,35,783.0,798.0,15.0,-100.0,74.9,85.5
12,71,358.0,799.0,441.0,-100.0,65.2,37.4
50,63,717.0,799.0,82.0,-100.1,96.3,61.8
35,69,640.0,801.0,161.0,-100.1,85.5,94.4
69,79,706.0,801.0,95.0,-100.0,94.4,82.6
2,23,534.0,802.0,268.0,-100.0,36.1,54.8
57,72,708.0,802.0,94.0,-100.1,70.5,35.3
18,63,569.0,803.0,234.0,-100.0,39.0,61.8
35,64,583.0,803.0,220.0,-100.0,85.5,65.8
12,29,434.0,804.0,370.0,-100.0,65.2,93.3
8,38,456.0,804.0,348.0,-100.0,74.2,49.4
31,45,647.0,804.0,157.0,-100.0,52.2,35.9
26,48,716.0,804.0,88.0,-100.0,77.2,94.7
66,68,546.0,805.0,259.0,-100.0,85.1,71.2
11,18,572.0,805.0,233.0,-100.0,66.7,39.0
20,46,576.0,806.0,230.0,-100.0,58.4,80.0
50,59,717.0,806.0,89.0,-100.1,96.3,72.3
14,46,756.0,806.0,50.0,-100.0,61.6,80.0
49,58,678.0,807.0,129.0,-100.0,38.8,35.8
39,45,682.0,807.0,125.0,-100.0,80.6,35.8
14,58,713.0,807.0,94.0,-100.0,61.6,35.8
28,51,742.0,807.0,65.0,-100.0,95.6,85.3
0,25,547.0,809.0,262.0,-100.0,32.8,55.8
27,28,663.0,809.0,146.0,-100.0,50.0,95.6
71,77,682.0,809.0,127.0,-100.0,37.4,52.5
18,70,697.0,809.0,112.0,-100.0,39.0,37.6
12,77,708.0,809.0,101.0,-100.1,65.2,52.5
14,67,747.0,809.0,62.0,-100.0,61.6,63.6
60,78,550.0,810.0,260.0,-100.0,41.2,92.1
14,50,651.0,810.0,159.0,-100.0,61.6,96.3
58,63,655.0,810.0,155.0,-100.1,35.8,61.8
0,77,669.0,810.0,141.0,-100.0,32.8,52.5
23,66,599.0,811.0,212.0,-100.0,54.8,85.1
58,73,646.0,811.0,165.0,-100.0,35.8,75.2
4,32,652.0,811.0,159.0,-100.2,92.4,66.7
10,28,700.0,811.0,111.0,-100.0,38.6,95.6
32,35,729.0,811.0,82.0,-100.1,66.7,85.5
59,70,760.0,811.0,51.0,-100.0,72.3,37.6
45,55,594.0,812.0,218.0,-100.1,35.8,95.4
8,72,616.0,812.0,196.0,-100.1,74.2,35.3
5,59,686.0,812.0,126.0,-100.0,97.8,72.3
7,20,498.0,813.0,315.0,-100.1,83.7,58.4
13,40,532.0,813.0,281.0,-100.0,89.2,43.4
45,67,533.0,813.0,280.0,-100.0,35.8,63.6
3,49,577.0,813.0,236.0,-100.0,88.2,38.8
16,59,694.0,813.0,119.0,-100.0,74.0,72.3
24,41,707.0,813.0,106.0,-100.0,52.1,77.8
63,72,794.0,813.0,19.0,-99.9,61.8,35.3
25,71,342.0,814.0,472.0,-99.9,55.7,37.4
48,71,691.0,814.0,123.0,-100.0,94.7,37.4
6,32,710.0,814.0,104.0,-100.1,85.3,66.7
32,79,712.0,814.0,102.0,-100.0,66.7,82.6
12,48,720.0,814.0,94.0,-100.0,65.2,94.7
27,52,729.0,814.0,85.0,-100.0,50.0,70.7
35,65,746.0,814.0,68.0,-100.0,85.5,82.7
14,55,763.0,814.0,51.0,-100.0,61.6,95.4
18,58,657.0,815.0,158.0,-99.9,39.0,35.8
40,77,689.0,815.0,126.0,-100.0,43.4,52.5
14,18,741.0,815.0,74.0,-100.1,61.6,39.0
1,59,771.0,815.0,44.0,-100.1,93.9,72.3
14,30,811.0,815.0,4.0,-100.0,61.6,62.8
33,34,354.0,816.0,462.0,-100.0,88.6,74.9
0,48,681.0,816.0,135.0,-100.0,32.8,94.7
37,41,720.0,816.0,96.0,-100.0,73.5,77.8
63,69,772.0,816.0,44.0,-100.0,61.8,94.4
25,26,18.0,817.0,799.0,-100.0,55.7,77.2
73,77,115.0,817.0,702.0,-100.0,75.2,52.5
1,53,485.0,817.0,332.0,-100.0,93.9,84.0
14,59,689.0,817.0,128.0,-100.0,61.6,72.3
37,61,713.0,817.0,104.0,-100.0,73.5,68.7
8,69,687.0,818.0,131.0,-100.1,74.2,94.4
1,30,752.0,818.0,66.0,-99.9,93.9,62.8
3,23,685.0,819.0,134.0,-100.0,88.2,54.8
22,35,688.0,819.0,131.0,-100.0,54.9,85.5
51,52,694.0,819.0,125.0,-100.0,85.2,70.7
4,38,699.0,819.0,120.0,-100.0,92.4,49.4
28,63,767.0,819.0,52.0,-100.0,95.6,61.8
0,12,543.0,820.0,277.0,-100.0,32.8,65.2
23,51,650.0,820.0,170.0,-100.0,54.8,85.2
28,35,711.0,820.0,109.0,-100.0,95.6,85.5
14,65,787.0,820.0,33.0,-100.0,61.6,82.7
6,28,582.0,821.0,239.0,-100.0,85.3,95.6
58,59,698.0,821.0,123.0,-100.0,35.8,72.3
16,73,587.0,822.0,235.0,-99.9,73.9,75.2
40,42,592.0,822.0,230.0,-100.0,43.3,89.4
51,69,684.0,822.0,138.0,-100.0,85.2,94.4
41,54,710.0,822.0,112.0,-100.0,77.8,84.8
72,76,666.0,823.0,157.0,-100.1,35.3,76.2
40,48,667.0,823.0,156.0,-100.0,43.3,94.7
23,35,668.0,823.0,155.0,-100.0,54.8,85.5
59,66,681.0,823.0,142.0,-99.9,72.3,85.1
43,75,695.0,823.0,128.0,-100.0,38.4,83.4
27,32,707.0,823.0,116.0,-100.0,50.0,66.7
4,15,731.0,823.0,92.0,-100.0,92.4,56.1
32,41,764.0,823.0,59.0,-100.0,66.7,77.8
65,79,775.0,823.0,48.0,-100.0,82.7,82.6
1,2,799.0,823.0,24.0,-100.0,93.9,36.1
49,70,690.0,824.0,134.0,-100.0,38.8,37.6
3,59,718.0,824.0,106.0,-100.1,88.2,72.3
35,52,719.0,824.0,105.0,-100.1,85.5,70.7
37,54,318.0,825.0,507.0,-100.0,73.5,84.8
18,51,433.0,825.0,392.0,-100.0,39.0,85.2
14,69,692.0,825.0,133.0,-100.2,61.6,94.4
48,73,700.0,825.0,125.0,-100.0,94.7,75.2
14,72,768.0,825.0,57.0,-100.1,61.6,35.3
37,59,801.0,825.0,24.0,-100.0,73.5,72.3
30,37,670.0,826.0,156.0,-100.0,62.8,73.5
2,50,703.0,826.0,123.0,-100.0,36.1,96.3
23,68,0.0,827.0,827.0,-99.9,54.8,71.1
47,51,756.0,827.0,71.0,-100.0,35.1,85.2
14,28,780.0,827.0,47.0,-100.1,61.6,95.6
14,66,657.0,828.0,171.0,-100.0,61.6,85.1
4,22,801.0,828.0,27.0,-100.0,92.4,54.9
10,32,566.0,829.0,263.0,-100.0,38.6,66.7
18,45,709.0,830.0,121.0,-100.0,39.0,35.8
7,21,626.0,831.0,205.0,-100.0,83.7,45.4
14,39,739.0,831.0,92.0,-100.0,61.6,80.6
69,76,743.0,831.0,88.0,-100.0,94.4,76.2
6,22,482.0,832.0,350.0,-100.0,85.3,54.9
28,79,600.0,832.0,232.0,-100.0,95.6,82.5
19,43,662.0,832.0,170.0,-100.0,62.6,38.4
66,73,692.0,832.0,140.0,-100.1,85.1,75.2
59,63,717.0,832.0,115.0,-100.0,72.3,61.8
61,77,357.0,833.0,476.0,-100.0,68.7,52.5
57,67,390.0,833.0,443.0,-100.0,70.5,63.6
12,75,701.0,833.0,132.0,-100.0,65.2,83.4
14,16,709.0,833.0,124.0,-100.1,61.6,73.9
12,14,796.0,833.0,37.0,-100.0,65.2,61.6
55,57,571.0,834.0,263.0,-100.0,95.4,70.5
30,61,585.0,834.0,249.0,-100.0,62.8,68.7
5,73,627.0,834.0,207.0,-100.0,97.7,75.2
24,38,637.0,834.0,197.0,-100.0,52.1,49.3
48,61,686.0,834.0,148.0,-100.1,94.7,68.7
60,77,731.0,834.0,103.0,-100.1,41.2,52.5
30,47,338.0,835.0,497.0,-100.0,62.8,35.1
31,58,637.0,835.0,198.0,-100.0,52.1,35.8
63,66,703.0,835.0,132.0,-100.0,61.8,85.1
14,31,737.0,835.0,98.0,-100.0,61.6,52.1
64,79,710.0,836.0,126.0,-100.0,65.7,82.5
26,37,736.0,836.0,100.0,-100.0,77.2,73.5
16,28,784.0,836.0,52.0,-100.0,73.9,95.6
12,68,802.0,836.0,34.0,-100.0,65.2,71.1
51,72,563.0,837.0,274.0,-100.0,85.2,35.3
26,60,569.0,837.0,268.0,-100.0,77.2,41.2
3,14,730.0,837.0,107.0,-100.0,88.2,61.6
12,59,759.0,837.0,78.0,-100.0,65.2,72.3
4,14,831.0,837.0,6.0,-100.0,92.3,61.6
18,21,556.0,838.0,282.0,-100.0,38.9,45.4
30,71,628.0,838.0,210.0,-100.0,62.8,37.4
9,65,651.0,839.0,188.0,-100.0,83.7,82.6
14,51,704.0,839.0,135.0,-100.0,61.6,85.2
50,58,713.0,839.0,126.0,-100.0,96.3,35.8
4,33,805.0,839.0,34.0,-100.0,92.3,88.6
36,54,360.0,840.0,480.0,-100.0,66.4,84.8
48,60,726.0,840.0,114.0,-100.0,94.7,41.1
75,77,729.0,840.0,111.0,-100.0,83.4,52.5
11,58,742.0,840.0,98.0,-100.0,66.7,35.8
47,59,787.0,840.0,53.0,-100.0,35.1,72.3
42,71,820.0,840.0,20.0,-100.0,89.4,37.4
0,13,418.0,841.0,423.0,-100.0,32.8,89.2
45,46,557.0,841.0,284.0,-100.0,35.8,80.0
39,58,622.0,841.0,219.0,-100.0,80.6,35.8
22,32,735.0,841.0,106.0,-100.1,54.9,66.6
0,51,804.0,841.0,37.0,-100.0,32.8,85.2
4,13,818.0,841.0,23.0,-100.0,92.3,89.2
22,41,602.0,842.0,240.0,-100.0,54.9,77.8
64,66,603.0,842.0,239.0,-100.0,65.7,85.1
51,64,630.0,842.0,212.0,-100.0,85.2,65.7
50,51,737.0,842.0,105.0,-100.0,96.3,85.2
15,35,782.0,842.0,60.0,-100.1,56.1,85.5
5,68,246.0,843.0,597.0,-100.0,97.7,71.1
47,64,318.0,843.0,525.0,-100.0,35.1,65.7
13,71,515.0,843.0,328.0,-100.0,89.2,37.4
30,77,597.0,843.0,246.0,-100.0,62.8,52.5
7,49,608.0,843.0,235.0,-100.0,83.7,38.8
6,52,743.0,843.0,100.0,-100.0,85.3,70.7
48,75,746.0,843.0,97.0,-100.0,94.7,83.4
24,32,759.0,843.0,84.0,-100.0,52.1,66.6
13,32,783.0,843.0,60.0,-100.0,89.2,66.6
23,72,625.0,844.0,219.0,-100.0,54.8,35.3
31,49,695.0,844.0,149.0,-100.0,52.1,38.8
21,50,795.0,844.0,49.0,-100.0,45.4,96.3
5,14,697.0,845.0,148.0,-100.0,97.7,61.5
35,76,744.0,845.0,101.0,-100.0,85.5,76.1
51,75,808.0,845.0,37.0,-100.0,85.2,83.4
2,39,578.0,846.0,268.0,-100.0,36.1,80.6
57,65,622.0,846.0,224.0,-99.9,70.5,82.6
56,77,672.0,846.0,174.0,-100.0,46.9,52.5
64,69,677.0,846.0,169.0,-100.1,65.7,94.3
23,69,693.0,846.0,153.0,-100.1,54.8,94.3
16,49,669.0,847.0,178.0,-99.9,73.9,38.8
4,35,700.0,847.0,147.0,-100.2,92.3,85.5
15,41,756.0,847.0,91.0,-100.1,56.1,77.8
2,64,555.0,848.0,293.0,-100.0,36.1,65.7
52,69,724.0,848.0,124.0,-100.1,70.7,94.3
14,56,836.0,848.0,12.0,-100.0,61.5,46.9
16,63,642.0,849.0,207.0,-100.0,73.9,61.8
61,68,687.0,849.0,162.0,-100.0,68.7,71.1
8,28,696.0,849.0,153.0,-100.0,74.1,95.6
8,14,791.0,849.0,58.0,-100.0,74.1,61.5
38,41,427.0,850.0,423.0,-100.0,49.3,77.8
26,78,443.0,850.0,407.0,-100.0,77.2,92.0
52,72,672.0,850.0,178.0,-100.0,70.7,35.3
1,50,767.0,850.0,83.0,-100.0,93.9,96.3
1,29,508.0,851.0,343.0,-100.0,93.9,93.3
25,60,528.0,851.0,323.0,-100.0,55.7,41.1
39,63,574.0,851.0,277.0,-100.0,80.6,61.8
16,23,274.0,852.0,578.0,-100.0,73.9,54.8
29,53,645.0,852.0,207.0,-100.0,93.3,83.9
60,61,710.0,852.0,142.0,-100.0,41.1,68.7
50,70,752.0,852.0,100.0,-100.1,96.3,37.5
5,28,753.0,852.0,99.0,-100.0,97.7,95.6
64,72,757.0,852.0,95.0,-100.0,65.7,35.3
41,52,807.0,852.0,45.0,-100.0,77.8,70.7
8,37,719.0,853.0,134.0,-100.0,74.1,73.5
19,48,745.0,853.0,108.0,-100.0,62.6,94.7
19,77,745.0,853.0,108.0,-100.1,62.6,52.5
3,69,789.0,853.0,64.0,-100.1,88.2,94.3
7,69,836.0,853.0,17.0,-100.0,83.7,94.3
48,56,681.0,854.0,173.0,-100.0,94.7,46.9
4,27,710.0,854.0,144.0,-100.0,92.3,49.9
39,49,252.0,855.0,603.0,-100.0,80.6,38.8
5,58,501.0,855.0,354.0,-100.0,97.7,35.8
6,15,624.0,855.0,231.0,-100.0,85.3,56.1
2,14,704.0,855.0,151.0,-100.1,36.1,61.5
13,41,736.0,855.0,119.0,-100.0,89.2,77.8
64,73,799.0,855.0,56.0,-100.0,65.7,75.2
14,23,685.0,856.0,171.0,-100.0,61.5,54.8
30,63,697.0,856.0,159.0,-100.0,62.8,61.8
28,72,749.0,857.0,108.0,-100.1,95.6,35.3
53,77,752.0,857.0,105.0,-100.1,83.9,52.5
11,50,776.0,857.0,81.0,-100.0,66.7,96.3
22,27,421.0,858.0,437.0,-100.0,54.9,49.9
12,56,437.0,858.0,421.0,-100.0,65.1,46.9
47,54,752.0,858.0,106.0,-100.0,35.1,84.8
2,71,762.0,858.0,96.0,-100.0,36.1,37.3
8,34,763.0,858.0,95.0,-100.0,74.1,74.8
4,10,679.0,859.0,180.0,-100.0,92.3,38.6
14,64,687.0,859.0,172.0,-100.0,61.5,65.7
14,52,708.0,859.0,151.0,-100.0,61.5,70.7
15,32,710.0,859.0,149.0,-100.0,56.1,66.6
10,35,721.0,859.0,138.0,-100.0,38.6,85.4
59,77,787.0,859.0,72.0,-100.2,72.3,52.5
7,11,661.0,860.0,199.0,-100.0,83.7,66.7
32,38,703.0,860.0,157.0,-100.1,66.6,49.3
3,18,547.0,861.0,314.0,-100.0,88.2,38.9
34,72,706.0,862.0,156.0,-100.0,74.8,35.3
12,63,759.0,862.0,103.0,-100.0,65.1,61.8
7,50,781.0,862.0,81.0,-100.1,83.7,96.3
48,59,787.0,862.0,75.0,-100.0,94.7,72.3
14,60,824.0,862.0,38.0,-100.0,61.5,41.1
30,48,641.0,863.0,222.0,-100.0,62.8,94.7
48,78,764.0,863.0,99.0,-100.0,94.7,92.0
23,46,808.0,863.0,55.0,-100.0,54.8,79.9
5,63,666.0,864.0,198.0,-100.0,97.7,61.8
12,73,707.0,864.0,157.0,-100.0,65.1,75.2
3,50,731.0,864.0,133.0,-100.1,88.2,96.3
9,28,824.0,864.0,40.0,-100.0,83.7,95.6
3,63,546.0,865.0,319.0,-100.0,88.2,61.8
26,56,574.0,865.0,291.0,-100.0,77.1,46.9
9,34,668.0,865.0,197.0,-100.0,83.7,74.8
4,6,717.0,865.0,148.0,-100.1,92.3,85.3
7,18,788.0,865.0,77.0,-100.0,83.7,38.9
22,79,130.0,866.0,736.0,-100.0,54.9,82.5
50,66,648.0,866.0,218.0,-100.0,96.3,85.1
24,54,676.0,866.0,190.0,-100.1,52.1,84.8
28,64,728.0,866.0,138.0,-100.0,95.6,65.7
10,41,776.0,866.0,90.0,-100.1,38.6,77.8
28,31,781.0,866.0,85.0,-100.1,95.6,52.1
23,41,809.0,866.0,57.0,-100.0,54.8,77.8
15,79,581.0,867.0,286.0,-100.0,56.1,82.5
65,72,692.0,867.0,175.0,-100.0,82.6,35.3
48,53,773.0,867.0,94.0,-100.0,94.6,83.9
27,76,792.0,867.0,75.0,-100.0,49.9,76.1
31,63,678.0,868.0,190.0,-100.0,52.1,61.7
8,65,710.0,868.0,158.0,-99.9,74.1,82.6
15,24,725.0,868.0,143.0,-100.0,56.1,52.1
28,52,733.0,868.0,135.0,-100.0,95.6,70.7
55,72,750.0,868.0,118.0,-100.1,95.4,35.3
4,41,784.0,868.0,84.0,-100.1,92.3,77.8
6,13,817.0,868.0,51.0,-100.0,85.3,89.2
0,30,542.0,869.0,327.0,-100.0,32.8,62.8
55,69,773.0,869.0,96.0,-100.1,95.4,94.3
4,57,846.0,869.0,23.0,-100.0,92.3,70.4
33,76,633.0,870.0,237.0,-100.0,88.5,76.1
4,79,708.0,870.0,162.0,-100.0,92.3,82.5
31,69,770.0,870.0,100.0,-99.9,52.1,94.3
44,59,837.0,870.0,33.0,-100.1,72.1,72.3
47,61,518.0,871.0,353.0,-100.0,35.0,68.7
30,66,591.0,871.0,280.0,-100.0,62.8,85.1
5,69,687.0,871.0,184.0,-100.0,97.7,94.3
30,75,724.0,871.0,147.0,-99.9,62.8,83.3
24,42,831.0,871.0,40.0,-100.0,52.1,89.4
11,70,608.0,872.0,264.0,-100.0,66.7,37.5
23,28,723.0,872.0,149.0,-100.1,54.8,95.5
1,51,805.0,872.0,67.0,-100.0,93.9,85.2
37,75,807.0,872.0,65.0,-100.0,73.4,83.3
50,72,808.0,872.0,64.0,-100.2,96.2,35.3
43,59,818.0,872.0,54.0,-99.9,38.4,72.3
60,71,686.0,873.0,187.0,-100.0,41.1,37.3
12,50,724.0,873.0,149.0,-100.0,65.1,96.2
58,72,857.0,873.0,16.0,-100.0,35.8,35.3
65,69,743.0,874.0,131.0,-100.0,82.6,94.3
39,69,781.0,874.0,93.0,-100.0,80.6,94.3
28,39,794.0,874.0,80.0,-100.0,95.5,80.6
4,9,822.0,874.0,52.0,-100.0,92.3,83.7
35,38,684.0,875.0,191.0,-100.0,85.4,49.3
52,79,719.0,875.0,156.0,-100.0,70.7,82.5
49,50,770.0,875.0,105.0,-100.0,38.7,96.2
23,63,707.0,876.0,169.0,-100.0,54.8,61.7
13,24,789.0,876.0,87.0,-100.0,89.2,52.0
59,78,831.0,876.0,45.0,-100.0,72.3,92.0
15,27,537.0,877.0,340.0,-100.0,56.1,49.9
8,35,622.0,877.0,255.0,-100.0,74.1,85.4
53,75,708.0,877.0,169.0,-100.0,83.9,83.3
50,69,810.0,877.0,67.0,-100.1,96.2,94.3
51,72,851.0,877.0,26.0,-100.0,85.2,35.3
34,57,636.0,878.0,242.0,-99.9,74.8,70.4
66,69,676.0,878.0,202.0,-100.0,85.1,94.3
16,50,712.0,878.0,166.0,-100.0,73.9,96.2
16,69,774.0,878.0,104.0,-100.0,73.9,94.3
13,27,796.0,878.0,82.0,-100.0,89.2,49.9
11,20,672.0,879.0,207.0,-100.1,66.6,58.3
60,75,751.0,879.0,128.0,-100.0,41.1,83.3
12,30,692.0,880.0,188.0,-100.0,65.1,62.8
18,72,781.0,880.0,99.0,-100.0,38.9,35.3
1,58,767.0,881.0,114.0,-100.0,93.9,35.8
24,36,788.0,881.0,93.0,-100.0,52.0,66.4
7,72,824.0,881.0,57.0,-100.1,83.7,35.3
20,49,593.0,882.0,289.0,-100.0,58.3,38.7
56,61,606.0,882.0,276.0,-100.0,46.9,68.7
28,69,715.0,882.0,167.0,-100.0,95.5,94.3
13,79,770.0,882.0,112.0,-100.0,89.1,82.5
1,7,786.0,882.0,96.0,-100.1,93.9,83.7
51,58,643.0,883.0,240.0,-100.1,85.2,35.8
43,77,731.0,883.0,152.0,-100.0,38.4,52.5
34,69,758.0,883.0,125.0,-100.0,74.8,94.3
4,8,784.0,883.0,99.0,-100.0,92.3,74.1
1,3,788.0,883.0,95.0,-100.0,93.9,88.2
12,53,442.0,884.0,442.0,-100.0,65.1,83.9
22,24,656.0,885.0,229.0,-100.1,54.8,52.0
2,75,765.0,885.0,120.0,-100.0,36.1,83.3
39,72,776.0,885.0,109.0,-100.0,80.6,35.3
3,72,793.0,885.0,92.0,-100.0,88.2,35.3
2,16,307.0,886.0,579.0,-100.0,36.1,73.9
67,72,684.0,886.0,202.0,-100.0,63.6,35.3
5,50,707.0,886.0,179.0,-100.0,97.7,96.2
25,75,754.0,886.0,132.0,-100.0,55.7,83.3
14,37,796.0,886.0,90.0,-100.1,61.5,73.4
28,46,803.0,886.0,83.0,-100.0,95.5,79.9
31,72,760.0,887.0,127.0,-100.0,52.1,35.3
18,69,787.0,887.0,100.0,-100.1,38.9,94.3
31,50,758.0,888.0,130.0,-100.1,52.1,96.2
77,78,775.0,888.0,113.0,-100.0,52.5,92.0
28,55,787.0,888.0,101.0,-100.1,95.5,95.3
25,59,811.0,888.0,77.0,-100.1,55.7,72.2
2,12,752.0,889.0,137.0,-100.0,36.0,65.1
2,5,527.0,890.0,363.0,-100.0,36.0,97.7
2,47,639.0,890.0,251.0,-99.9,36.0,35.0
30,51,775.0,890.0,115.0,-100.0,62.8,85.2
8,15,819.0,890.0,71.0,-100.0,74.1,56.1
12,58,759.0,891.0,132.0,-100.0,65.1,35.8
46,50,793.0,892.0,99.0,-100.1,79.9,96.2
51,56,806.0,892.0,86.0,-100.0,85.2,46.8
24,37,821.0,892.0,71.0,-100.0,52.0,73.4
58,60,855.0,892.0,37.0,-100.0,35.8,41.1
14,19,872.0,892.0,20.0,-100.0,61.5,62.6
2,63,631.0,893.0,262.0,-100.0,36.0,61.7
2,66,655.0,893.0,238.0,-100.0,36.0,85.1
4,28,799.0,893.0,94.0,-100.1,92.3,95.5
56,71,333.0,894.0,561.0,-100.0,46.8,37.3
5,72,765.0,894.0,129.0,-100.0,97.7,35.2
1,39,830.0,894.0,64.0,-100.0,93.8,80.5
6,10,667.0,895.0,228.0,-100.0,85.2,38.5
1,70,715.0,895.0,180.0,-100.0,93.8,37.5
51,59,694.0,896.0,202.0,-100.0,85.2,72.2
30,59,734.0,896.0,162.0,-100.2,62.8,72.2
33,35,812.0,896.0,84.0,-100.0,88.5,85.4
58,66,638.0,897.0,259.0,-100.1,35.8,85.0
67,69,747.0,897.0,150.0,-100.0,63.6,94.3
8,55,821.0,897.0,76.0,-100.0,74.1,95.3
10,14,828.0,897.0,69.0,-100.0,38.5,61.5
1,31,837.0,897.0,60.0,-100.0,93.8,52.1
14,24,838.0,897.0,59.0,-100.1,61.5,52.0
64,68,122.0,898.0,776.0,-100.0,65.7,71.1
30,73,603.0,898.0,295.0,-100.0,62.8,75.2
39,50,748.0,898.0,150.0,-100.0,80.5,96.2
8,13,785.0,898.0,113.0,-100.0,74.1,89.1
70,72,829.0,898.0,69.0,-100.1,37.5,35.2
3,59,873.0,898.0,25.0,-100.0,88.2,72.2
51,63,609.0,899.0,290.0,-100.0,85.2,61.7
2,37,755.0,899.0,144.0,-100.0,36.0,73.4
14,68,789.0,899.0,110.0,-100.1,61.5,71.1
14,40,833.0,899.0,66.0,-100.0,61.5,43.3
2,51,633.0,900.0,267.0,-100.0,36.0,85.2
37,71,705.0,900.0,195.0,-100.0,73.4,37.3
51,73,768.0,900.0,132.0,-100.0,85.2,75.1
7,58,776.0,901.0,125.0,-100.0,83.7,35.8
20,45,686.0,902.0,216.0,-100.0,58.3,35.8
46,69,784.0,902.0,118.0,-100.1,79.9,94.3
8,52,659.0,903.0,244.0,-100.0,74.1,70.7
47,60,768.0,903.0,135.0,-100.0,35.0,41.1
66,72,794.0,903.0,109.0,-100.1,85.0,35.2
50,52,829.0,903.0,74.0,-100.1,96.2,70.7
37,40,133.0,904.0,771.0,-100.0,73.4,43.3
10,27,452.0,904.0,452.0,-100.0,38.5,49.9
14,73,792.0,904.0,112.0,-100.0,61.5,75.1
12,72,833.0,904.0,71.0,-100.0,65.1,35.2
63,64,675.0,905.0,230.0,-100.0,61.7,65.7
4,50,847.0,905.0,58.0,-100.1,92.3,96.2
41,57,860.0,905.0,45.0,-100.1,77.7,70.4
56,75,730.0,906.0,176.0,-100.0,46.8,83.3
13,23,836.0,906.0,70.0,-99.9,89.1,54.7
19,60,636.0,907.0,271.0,-100.0,62.5,41.1
2,59,696.0,908.0,212.0,-100.2,36.0,72.2
24,60,867.0,908.0,41.0,-100.0,52.0,41.1
16,58,501.0,909.0,408.0,-100.0,73.9,35.7
25,61,691.0,909.0,218.0,-100.0,55.7,68.6
75,78,813.0,909.0,96.0,-100.0,83.3,92.0
7,46,819.0,909.0,90.0,-100.0,83.7,79.9
50,55,817.0,911.0,94.0,-100.0,96.2,95.3
50,67,818.0,911.0,93.0,-100.0,96.2,63.5
50,64,819.0,911.0,92.0,-100.0,96.2,65.7
1,5,839.0,911.0,72.0,-100.0,93.8,97.7
40,60,428.0,912.0,484.0,-100.0,43.3,41.1
37,56,655.0,912.0,257.0,-100.0,73.4,46.8
52,63,765.0,912.0,147.0,-100.0,70.6,61.7
0,2,745.0,913.0,168.0,-100.0,32.7,36.0
1,18,884.0,913.0,29.0,-100.0,93.8,38.9
30,68,72.0,914.0,842.0,-100.0,62.7,71.1
8,22,366.0,914.0,548.0,-100.0,74.1,54.8
3,58,507.0,914.0,407.0,-100.0,88.1,35.7
10,79,632.0,914.0,282.0,-100.0,38.5,82.5
19,30,774.0,914.0,140.0,-100.0,62.5,62.7
16,72,779.0,914.0,135.0,-100.0,73.9,35.2
59,60,790.0,914.0,124.0,-99.9,72.2,41.1
60,63,802.0,914.0,112.0,-100.0,41.1,61.7
13,14,811.0,914.0,103.0,-100.1,89.1,61.5
51,53,823.0,914.0,91.0,-100.0,85.1,83.9
0,60,690.0,915.0,225.0,-100.0,32.7,41.1
14,22,814.0,915.0,101.0,-100.1,61.5,54.8
24,26,817.0,915.0,98.0,-100.1,52.0,77.1
56,59,781.0,916.0,135.0,-100.0,46.8,72.2
53,58,820.0,916.0,96.0,-100.0,83.9,35.7
50,65,828.0,916.0,88.0,-100.1,96.2,82.6
24,59,862.0,916.0,54.0,-100.1,52.0,72.2
14,63,722.0,917.0,195.0,-100.0,61.5,61.7
46,72,765.0,917.0,152.0,-100.0,79.9,35.2
1,66,792.0,917.0,125.0,-100.0,93.8,85.0
0,14,808.0,917.0,109.0,-100.0,32.7,61.5
24,71,820.0,917.0,97.0,-100.1,52.0,37.3
14,15,844.0,917.0,73.0,-100.0,61.5,56.0
16,18,465.0,918.0,453.0,-100.0,73.9,38.9
53,59,792.0,918.0,126.0,-100.0,83.9,72.2
42,78,818.0,918.0,100.0,-100.0,89.3,92.0
34,50,833.0,918.0,85.0,-100.0,74.8,96.2
14,59,873.0,918.0,45.0,-100.0,61.5,72.2
51,68,745.0,919.0,174.0,-100.0,85.1,71.1
7,12,810.0,919.0,109.0,-100.0,83.6,65.1
33,41,839.0,919.0,80.0,-100.0,88.5,77.7
14,54,845.0,919.0,74.0,-100.0,61.5,84.7
30,40,569.0,920.0,351.0,-100.0,62.7,43.2
13,54,592.0,920.0,328.0,-100.0,89.1,84.7
24,63,844.0,920.0,76.0,-100.0,52.0,61.7
23,67,678.0,921.0,243.0,-100.0,54.7,63.5
28,57,816.0,921.0,105.0,-100.0,95.5,70.4
9,35,830.0,921.0,91.0,-100.0,83.6,85.4
24,75,843.0,921.0,78.0,-100.0,52.0,83.3
14,61,897.0,921.0,24.0,-100.0,61.5,68.6
52,59,901.0,921.0,20.0,-100.0,70.6,72.2
4,76,797.0,922.0,125.0,-100.1,92.3,76.1
16,53,905.0,922.0,17.0,-100.0,73.8,83.9
18,31,678.0,923.0,245.0,-100.0,38.9,52.1
14,47,794.0,923.0,129.0,-100.1,61.5,35.0
56,63,784.0,924.0,140.0,-100.0,46.8,61.7
24,47,818.0,924.0,106.0,-100.1,52.0,35.0
4,18,845.0,925.0,80.0,-100.0,92.3,38.9
30,60,738.0,926.0,188.0,-100.0,62.7,41.1
7,16,797.0,926.0,129.0,-100.0,83.6,73.8
59,61,802.0,926.0,124.0,-100.0,72.2,68.6
60,73,754.0,927.0,173.0,-100.0,41.1,75.1
21,46,771.0,927.0,156.0,-100.0,45.4,79.9
0,24,828.0,927.0,99.0,-100.0,32.7,52.0
6,23,789.0,928.0,139.0,-100.0,85.2,54.7
68,75,794.0,928.0,134.0,-100.0,71.0,83.3
13,38,765.0,929.0,164.0,-100.0,89.1,49.2
23,50,832.0,929.0,97.0,-100.0,54.7,96.2
41,50,887.0,929.0,42.0,-100.0,77.7,96.2
2,73,594.0,930.0,336.0,-100.0,36.0,75.1
6,35,731.0,930.0,199.0,-100.1,85.2,85.4
28,50,828.0,930.0,102.0,-100.0,95.5,96.2
3,65,899.0,930.0,31.0,-100.0,88.1,82.5
19,25,441.0,931.0,490.0,-100.0,62.5,55.6
19,78,581.0,931.0,350.0,-100.0,62.5,92.0
2,60,788.0,931.0,143.0,-100.1,36.0,41.1
51,70,796.0,931.0,135.0,-100.0,85.1,37.4
15,75,915.0,931.0,16.0,-100.0,56.0,83.3
3,73,409.0,933.0,524.0,-100.0,88.1,75.1
40,59,804.0,933.0,129.0,-100.1,43.2,72.2
10,54,817.0,933.0,116.0,-100.0,38.5,84.7
4,67,835.0,933.0,98.0,-100.1,92.3,63.5
8,64,235.0,934.0,699.0,-100.0,74.0,65.6
69,72,745.0,934.0,189.0,-100.0,94.3,35.2
59,75,766.0,934.0,168.0,-100.0,72.2,83.3
7,51,811.0,934.0,123.0,-100.0,83.6,85.1
4,23,805.0,935.0,130.0,-100.0,92.2,54.7
4,34,817.0,935.0,118.0,-100.0,92.2,74.7
25,53,426.0,936.0,510.0,-100.0,55.6,83.8
9,57,593.0,936.0,343.0,-100.0,83.6,70.4
16,51,630.0,936.0,306.0,-100.1,73.8,85.1
18,50,744.0,936.0,192.0,-100.0,38.8,96.2
5,7,818.0,936.0,118.0,-100.0,97.6,83.6
24,73,845.0,936.0,91.0,-100.1,52.0,75.1
49,66,868.0,936.0,68.0,-99.9,38.7,85.0
35,79,695.0,937.0,242.0,-100.0,85.4,82.4
5,18,684.0,939.0,255.0,-100.0,97.6,38.8
18,46,727.0,939.0,212.0,-100.0,38.8,79.9
7,59,875.0,939.0,64.0,-100.0,83.6,72.2
16,64,355.0,940.0,585.0,-100.0,73.8,65.6
37,63,768.0,940.0,172.0,-100.0,73.4,61.7
46,51,860.0,940.0,80.0,-100.1,79.9,85.1
8,10,512.0,941.0,429.0,-100.0,74.0,38.5
23,31,706.0,941.0,235.0,-100.0,54.7,52.0
35,41,772.0,941.0,169.0,-100.0,85.4,77.7
19,59,807.0,941.0,134.0,-100.0,62.5,72.2
24,61,837.0,941.0,104.0,-100.0,52.0,68.6
7,30,841.0,941.0,100.0,-100.0,83.6,62.7
37,59,864.0,941.0,77.0,-100.1,73.4,72.2
13,75,898.0,941.0,43.0,-100.0,89.1,83.3
57,76,685.0,942.0,257.0,-100.0,70.4,76.0
32,54,777.0,942.0,165.0,-100.0,66.5,84.7
59,68,785.0,942.0,157.0,-100.1,72.2,71.0
12,70,787.0,942.0,155.0,-100.0,65.1,37.4
4,51,878.0,942.0,64.0,-100.1,92.2,85.1
58,70,722.0,943.0,221.0,-100.0,35.7,37.4
15,54,778.0,943.0,165.0,-100.0,56.0,84.7
7,66,800.0,943.0,143.0,-100.0,83.6,85.0
4,65,812.0,943.0,131.0,-100.0,92.2,82.5
20,69,874.0,943.0,69.0,-100.0,58.2,94.2
3,51,630.0,944.0,314.0,-100.1,88.1,85.1
3,12,777.0,944.0,167.0,-100.0,88.1,65.1
2,31,0.0,945.0,945.0,-100.0,36.0,52.0
4,12,874.0,945.0,71.0,-100.1,92.2,65.0
13,64,876.0,945.0,69.0,-100.0,89.1,65.6
56,60,430.0,946.0,516.0,-100.0,46.8,41.0
37,47,651.0,946.0,295.0,-100.0,73.4,35.0
46,64,807.0,946.0,139.0,-100.0,79.9,65.6
50,76,850.0,946.0,96.0,-100.1,96.2,76.0
6,41,766.0,947.0,181.0,-100.1,85.2,77.7
24,68,828.0,947.0,119.0,-100.0,52.0,71.0
7,24,899.0,947.0,48.0,-100.0,83.6,52.0
27,41,760.0,948.0,188.0,-100.0,49.8,77.7
19,24,849.0,948.0,99.0,-100.1,62.5,52.0
7,64,854.0,948.0,94.0,-100.0,83.6,65.6
40,75,774.0,949.0,175.0,-100.0,43.2,83.3
5,23,141.0,950.0,809.0,-100.0,97.6,54.7
4,64,820.0,950.0,130.0,-100.1,92.2,65.6
31,51,679.0,951.0,272.0,-100.0,52.0,85.1
41,79,762.0,951.0,189.0,-100.0,77.7,82.4
37,73,757.0,952.0,195.0,-100.0,73.4,75.1
60,68,783.0,952.0,169.0,-100.0,41.0,71.0
51,67,881.0,952.0,71.0,-100.0,85.1,63.5
46,69,921.0,952.0,31.0,-100.0,79.8,94.2
5,51,638.0,953.0,315.0,-100.0,97.6,85.1
25,48,736.0,953.0,217.0,-100.0,55.6,94.6
31,67,646.0,954.0,308.0,-100.0,52.0,63.5
41,76,817.0,954.0,137.0,-100.0,77.7,76.0
8,35,886.0,954.0,68.0,-100.0,74.0,85.4
61,78,752.0,955.0,203.0,-100.0,68.6,91.9
2,19,833.0,955.0,122.0,-100.0,36.0,62.5
7,60,848.0,955.0,107.0,-100.1,83.6,41.0
24,53,882.0,955.0,73.0,-100.1,52.0,83.8
55,67,611.0,956.0,345.0,-100.0,95.3,63.5
18,52,792.0,956.0,164.0,-100.0,38.8,70.6
13,59,885.0,956.0,71.0,-100.1,89.1,72.2
59,73,730.0,957.0,227.0,-100.0,72.2,75.1
76,79,774.0,957.0,183.0,-100.0,76.0,82.4
44,78,851.0,957.0,106.0,-100.0,72.0,91.9
25,43,562.0,958.0,396.0,-100.0,55.6,38.3
18,55,756.0,958.0,202.0,-100.0,38.8,95.3
9,50,879.0,958.0,79.0,-100.0,83.6,96.2
43,53,630.0,959.0,329.0,-100.0,38.3,83.8
23,65,708.0,959.0,251.0,-100.0,54.7,82.5
24,70,931.0,959.0,28.0,-100.0,52.0,37.4
47,56,516.0,960.0,444.0,-100.0,35.0,46.8
15,38,592.0,960.0,368.0,-100.0,56.0,49.2
6,76,734.0,960.0,226.0,-100.0,85.2,76.0
19,75,759.0,960.0,201.0,-100.0,62.5,83.2
24,40,827.0,960.0,133.0,-100.0,52.0,43.2
4,66,879.0,960.0,81.0,-100.1,92.2,85.0
21,34,925.0,960.0,35.0,-100.0,45.3,74.7
32,59,922.0,961.0,39.0,-100.0,66.5,72.2
12,31,816.0,962.0,146.0,-100.0,65.0,52.0
47,59,852.0,962.0,110.0,-100.1,35.0,72.2
4,37,883.0,962.0,79.0,-100.1,92.2,73.3
52,67,19.0,963.0,944.0,-100.0,70.6,63.5
0,75,746.0,963.0,217.0,-100.0,32.7,83.2
2,7,828.0,963.0,135.0,-100.0,36.0,83.6
51,65,874.0,963.0,89.0,-100.1,85.1,82.5
68,71,707.0,964.0,257.0,-100.0,71.0,37.2
30,53,776.0,964.0,188.0,-100.0,62.7,83.8
0,59,785.0,964.0,179.0,-100.0,32.7,72.2
7,39,794.0,964.0,170.0,-100.0,83.6,80.5
10,51,907.0,964.0,57.0,-100.0,38.5,85.1
0,37,682.0,965.0,283.0,-99.9,32.7,73.3
27,35,714.0,965.0,251.0,-100.1,49.8,85.3
64,67,733.0,965.0,232.0,-100.0,65.6,63.5
1,20,930.0,965.0,35.0,-100.0,93.8,58.2
21,72,834.0,966.0,132.0,-100.0,45.3,35.2
4,60,892.0,966.0,74.0,-100.1,92.2,41.0
0,56,414.0,967.0,553.0,-100.0,32.7,46.8
8,41,779.0,967.0,188.0,-100.1,74.0,77.7
59,63,857.0,967.0,110.0,-100.1,72.2,61.7
15,59,892.0,967.0,75.0,-100.1,56.0,72.2
32,62,892.0,967.0,75.0,-100.0,66.5,69.1
7,31,811.0,968.0,157.0,-100.0,83.6,52.0
10,59,895.0,968.0,73.0,-100.2,38.4,72.2
12,55,857.0,969.0,112.0,-100.0,65.0,95.3
7,37,868.0,969.0,101.0,-100.0,83.6,73.3
8,50,883.0,969.0,86.0,-100.0,74.0,96.2
4,7,887.0,969.0,82.0,-100.1,92.2,83.6
41,51,922.0,969.0,47.0,-100.1,77.7,85.1
26,59,834.0,970.0,136.0,-100.0,77.0,72.2
4,39,845.0,970.0,125.0,-100.0,92.2,80.5
9,33,649.0,971.0,322.0,-100.0,83.6,88.4
4,46,854.0,971.0,117.0,-100.0,92.2,79.8
7,52,865.0,971.0,106.0,-100.0,83.6,70.6
18,39,408.0,972.0,564.0,-100.0,38.8,80.5
4,16,868.0,972.0,104.0,-100.0,92.2,73.8
8,76,465.0,973.0,508.0,-100.0,74.0,76.0
11,66,828.0,973.0,145.0,-100.0,66.6,85.0
4,5,849.0,973.0,124.0,-100.0,92.2,97.6
51,52,859.0,973.0,114.0,-99.9,85.1,70.6
35,38,884.0,973.0,89.0,-100.0,85.3,49.2
2,53,813.0,974.0,161.0,-100.0,36.0,83.8
51,55,866.0,974.0,108.0,-100.1,85.1,95.2
44,58,892.0,974.0,82.0,-100.0,72.0,35.7
5,53,895.0,974.0,79.0,-100.0,97.6,83.8
56,73,683.0,975.0,292.0,-100.0,46.8,75.1
12,51,783.0,975.0,192.0,-100.0,65.0,85.1
26,68,788.0,975.0,187.0,-100.0,77.0,71.0
4,55,827.0,975.0,148.0,-100.0,92.2,95.2
26,62,860.0,975.0,115.0,-100.0,77.0,69.1
77,78,892.0,975.0,83.0,-100.0,52.4,91.9
40,71,639.0,976.0,337.0,-100.0,43.2,37.2
4,52,803.0,976.0,173.0,-100.1,92.2,70.6
26,40,605.0,977.0,372.0,-100.0,77.0,43.2
23,79,661.0,977.0,316.0,-100.0,54.7,82.4
39,67,740.0,977.0,237.0,-100.0,80.5,63.5
12,52,852.0,977.0,125.0,-100.0,65.0,70.6
23,41,890.0,977.0,87.0,-100.0,54.7,77.7
21,69,838.0,978.0,140.0,-100.1,45.3,94.2
1,69,852.0,978.0,126.0,-100.1,93.8,94.2
24,78,882.0,978.0,96.0,-100.0,51.9,91.9
53,63,898.0,978.0,80.0,-100.0,83.8,61.6
39,51,476.0,979.0,503.0,-100.1,80.5,85.1
16,66,642.0,979.0,337.0,-100.0,73.8,85.0
18,49,377.0,980.0,603.0,-100.0,38.8,38.6
46,66,800.0,981.0,181.0,-100.0,79.8,85.0
55,65,738.0,982.0,244.0,-100.0,95.2,82.5
12,39,812.0,982.0,170.0,-100.1,65.0,80.5
9,41,837.0,982.0,145.0,-100.0,83.5,77.7
7,55,868.0,982.0,114.0,-100.0,83.6,95.2
41,52,931.0,982.0,51.0,-100.0,77.7,70.6
51,60,810.0,983.0,173.0,-100.0,85.1,41.0
64,70,930.0,983.0,53.0,-100.0,65.6,37.4
10,38,0.0,984.0,984.0,-100.0,38.4,49.2
44,48,806.0,984.0,178.0,-100.0,72.0,94.5
13,71,860.0,984.0,124.0,-100.0,89.0,37.2
14,62,896.0,984.0,88.0,-100.0,61.4,69.1
4,53,911.0,984.0,73.0,-100.1,92.2,83.8
2,48,920.0,984.0,64.0,-100.0,36.0,94.5
22,37,479.0,985.0,506.0,-100.0,54.7,73.3
12,46,843.0,985.0,142.0,-100.0,65.0,79.8
24,56,859.0,985.0,126.0,-100.0,51.9,46.8
66,67,868.0,985.0,117.0,-100.0,85.0,63.5
38,41,895.0,985.0,90.0,-100.0,49.2,77.6
34,51,886.0,986.0,100.0,-100.0,74.7,85.1
41,64,908.0,986.0,78.0,-100.0,77.6,65.6
7,44,923.0,986.0,63.0,-100.0,83.6,72.0
13,37,599.0,987.0,388.0,-100.0,89.0,73.3
7,70,743.0,987.0,244.0,-100.0,83.6,37.4
12,16,782.0,987.0,205.0,-100.0,65.0,73.8
37,68,619.0,988.0,369.0,-100.0,73.3,71.0
24,44,900.0,988.0,88.0,-100.0,51.9,72.0
28,51,924.0,988.0,64.0,-100.1,95.4,85.1
4,13,941.0,989.0,48.0,-99.9,92.2,89.0
63,68,739.0,990.0,251.0,-100.0,61.6,71.0
31,65,748.0,990.0,242.0,-100.0,52.0,82.5
14,71,820.0,990.0,170.0,-100.0,61.4,37.2
10,71,892.0,990.0,98.0,-100.0,38.4,37.2
9,76,596.0,991.0,395.0,-100.0,83.5,76.0
66,70,782.0,991.0,209.0,-99.9,85.0,37.4
13,26,878.0,991.0,113.0,-100.0,89.0,77.0
37,41,923.0,991.0,68.0,-100.1,73.3,77.6
18,67,757.0,992.0,235.0,-100.0,38.8,63.5
12,23,894.0,992.0,98.0,-100.0,65.0,54.7
18,65,793.0,993.0,200.0,-100.0,38.8,82.5
59,71,795.0,993.0,198.0,-100.0,72.1,37.2
14,26,844.0,993.0,149.0,-100.0,61.4,77.0
3,7,788.0,994.0,206.0,-100.0,88.1,83.6
4,40,945.0,994.0,49.0,-100.0,92.2,43.2
3,16,573.0,995.0,422.0,-100.0,88.1,73.8
65,66,874.0,995.0,121.0,-100.0,82.5,85.0
14,36,877.0,995.0,118.0,-100.1,61.4,66.3
32,36,883.0,995.0,112.0,-100.0,66.5,66.3
4,68,913.0,995.0,82.0,-100.0,92.2,71.0
65,69,928.0,995.0,67.0,-100.1,82.5,94.2
2,3,157.0,996.0,839.0,-99.9,35.9,88.1
67,69,915.0,996.0,81.0,-100.0,63.5,94.2
64,65,747.0,997.0,250.0,-100.0,65.6,82.5
37,51,781.0,997.0,216.0,-100.0,73.3,85.1
12,37,847.0,997.0,150.0,-100.0,65.0,73.3
7,56,867.0,997.0,130.0,-99.9,83.6,46.7
22,68,287.0,998.0,711.0,-99.9,54.7,71.0
31,66,741.0,998.0,257.0,-100.0,52.0,84.9
21,45,754.0,998.0,244.0,-100.0,45.3,35.7
53,60,783.0,998.0,215.0,-100.0,83.8,41.0
6,9,832.0,998.0,166.0,-100.0,85.1,83.5
3,4,884.0,998.0,114.0,-100.1,88.1,92.2
16,70,775.0,999.0,224.0,-100.0,73.8,37.4
5,12,794.0,999.0,205.0,-100.0,97.6,65.0
13,63,795.0,999.0,204.0,-100.1,89.0,61.6
49,69,819.0,999.0,180.0,-100.0,38.6,94.2
41,54,941.0,999.0,58.0,-100.0,77.6,84.7
13,22,709.0,1000.0,291.0,-100.0,89.0,54.7
55,76,760.0,1000.0,240.0,-100.0,95.2,76.0
16,55,785.0,1000.0,215.0,-100.0,73.8,95.2
4,31,844.0,1000.0,156.0,-100.0,92.2,52.0
39,41,955.0,1000.0,45.0,-100.0,80.4,77.6
4,48,957.0,1000.0,43.0,-100.1,92.2,94.5
12,66,762.0,1002.0,240.0,-100.0,65.0,84.9
39,65,791.0,1002.0,211.0,-100.0,80.4,82.5
10,63,852.0,1002.0,150.0,-100.0,38.4,61.6
15,71,865.0,1002.0,137.0,-100.0,56.0,37.2
45,46,903.0,1002.0,99.0,-100.0,35.7,79.8
28,69,923.0,1002.0,79.0,-100.0,95.4,94.2
60,69,974.0,1002.0,28.0,-100.0,41.0,94.2
3,30,771.0,1003.0,232.0,-100.0,88.0,62.7
2,43,858.0,1003.0,145.0,-100.1,35.9,38.2
43,58,859.0,1003.0,144.0,-100.0,38.2,35.6
14,63,927.0,1003.0,76.0,-100.0,61.4,61.6
12,64,822.0,1004.0,182.0,-100.0,65.0,65.6
4,70,895.0,1004.0,109.0,-100.0,92.2,37.4
32,71,907.0,1004.0,97.0,-100.1,66.5,37.2
35,59,943.0,1004.0,61.0,-100.0,85.3,72.1
26,59,974.0,1005.0,31.0,-100.0,77.0,72.1
1,12,377.0,1006.0,629.0,-100.0,93.7,65.0
11,69,835.0,1006.0,171.0,-100.0,66.5,94.2
5,66,616.0,1007.0,391.0,-99.9,97.6,84.9
31,64,713.0,1007.0,294.0,-100.0,52.0,65.6
4,43,934.0,1007.0,73.0,-100.0,92.2,38.2
12,72,936.0,1007.0,71.0,-100.0,65.0,35.1
3,66,711.0,1008.0,297.0,-100.0,88.0,84.9
41,59,928.0,1008.0,80.0,-100.0,77.6,72.1
16,39,557.0,1009.0,452.0,-100.0,73.8,80.4
69,74,859.0,1009.0,150.0,-100.0,94.2,58.3
14,42,898.0,1009.0,111.0,-100.1,61.4,89.2
26,32,902.0,1009.0,107.0,-100.1,77.0,66.5
3,46,733.0,1010.0,277.0,-100.0,88.0,79.8
18,28,801.0,1010.0,209.0,-100.1,38.8,95.4
51,64,851.0,1010.0,159.0,-100.1,85.1,65.6
12,28,915.0,1010.0,95.0,-100.0,65.0,95.4
4,44,937.0,1010.0,73.0,-100.2,92.2,72.0
15,26,882.0,1011.0,129.0,-100.0,55.9,77.0
48,58,907.0,1011.0,104.0,-100.0,94.5,35.6
22,32,924.0,1011.0,87.0,-100.0,54.7,66.5
58,77,931.0,1011.0,80.0,-100.0,35.6,52.3
2,68,651.0,1012.0,361.0,-100.0,35.9,71.0
39,46,672.0,1012.0,340.0,-100.0,80.4,79.8
56,61,897.0,1012.0,115.0,-100.0,46.7,68.5
32,63,923.0,1012.0,89.0,-100.2,66.5,61.6
40,63,812.0,1013.0,201.0,-100.0,43.2,61.6
9,79,839.0,1013.0,174.0,-100.0,83.5,82.4
46,70,839.0,1013.0,174.0,-100.0,79.8,37.4
9,27,850.0,1013.0,163.0,-100.0,83.5,49.8
15,63,860.0,1013.0,153.0,-100.0,55.9,61.6
10,26,919.0,1013.0,94.0,-100.0,38.4,77.0
32,42,921.0,1013.0,92.0,-100.0,66.5,89.2
18,60,942.0,1013.0,71.0,-100.0,38.8,41.0
23,55,767.0,1014.0,247.0,-100.0,54.6,95.2
60,70,849.0,1014.0,165.0,-100.0,41.0,37.4
19,59,1001.0,1014.0,13.0,-100.0,62.4,72.1
10,23,793.0,1015.0,222.0,-100.0,38.4,54.6
2,40,809.0,1016.0,207.0,-100.0,35.9,43.2
14,17,888.0,1016.0,128.0,-100.1,61.4,47.6
49,72,811.0,1017.0,206.0,-100.0,38.6,35.1
1,21,844.0,1017.0,173.0,-100.0,93.7,45.3
51,76,899.0,1017.0,118.0,-100.0,85.0,76.0
46,55,347.0,1018.0,671.0,-100.0,79.8,95.2
2,70,801.0,1018.0,217.0,-100.0,35.9,37.4
14,73,935.0,1018.0,83.0,-100.0,61.4,75.0
7,53,852.0,1019.0,167.0,-100.0,83.5,83.8
28,49,868.0,1019.0,151.0,-100.0,95.4,38.6
2,44,876.0,1019.0,143.0,-100.0,35.9,72.0
4,56,923.0,1019.0,96.0,-100.0,92.2,46.7
67,72,938.0,1020.0,82.0,-100.1,63.4,35.1
7,14,955.0,1020.0,65.0,-100.1,83.5,61.4
4,77,956.0,1020.0,64.0,-100.2,92.2,52.3
5,70,805.0,1021.0,216.0,-100.0,97.5,37.4
0,14,931.0,1021.0,90.0,-100.0,32.6,61.4
25,44,792.0,1022.0,230.0,-100.0,55.5,72.0
7,13,909.0,1022.0,113.0,-100.1,83.5,89.0
4,29,944.0,1022.0,78.0,-100.1,92.2,93.1
5,64,101.0,1023.0,922.0,-100.0,97.5,65.6
30,70,822.0,1023.0,201.0,-100.0,62.6,37.4
1,72,837.0,1023.0,186.0,-100.0,93.7,35.1
13,73,874.0,1023.0,149.0,-100.1,89.0,75.0
62,75,902.0,1023.0,121.0,-100.0,69.0,83.2
7,10,919.0,1023.0,104.0,-99.9,83.5,38.4
34,69,920.0,1023.0,103.0,-100.1,74.7,94.2
22,35,965.0,1023.0,58.0,-100.0,54.7,85.3
51,66,668.0,1024.0,356.0,-100.0,85.0,84.9
38,54,738.0,1024.0,286.0,-100.0,49.1,84.6
3,60,831.0,1024.0,193.0,-100.0,88.0,41.0
17,32,839.0,1024.0,185.0,-100.0,47.6,66.5
37,70,898.0,1024.0,126.0,-100.0,73.3,37.4
16,45,951.0,1024.0,73.0,-100.0,73.7,35.6
12,60,446.0,1025.0,579.0,-100.0,65.0,41.0
22,38,576.0,1025.0,449.0,-100.0,54.7,49.1
28,67,773.0,1025.0,252.0,-100.0,95.4,63.4
9,51,932.0,1025.0,93.0,-100.0,83.5,85.0
7,32,951.0,1025.0,74.0,-100.2,83.5,66.5
30,44,854.0,1026.0,172.0,-100.0,62.6,72.0
7,68,875.0,1026.0,151.0,-100.0,83.5,70.9
30,48,902.0,1026.0,124.0,-100.0,62.6,94.5
23,60,913.0,1026.0,113.0,-100.0,54.6,41.0
32,73,933.0,1026.0,93.0,-100.0,66.5,75.0
41,44,1007.0,1026.0,19.0,-100.0,77.6,72.0
23,52,624.0,1027.0,403.0,-100.0,54.6,70.5
34,46,768.0,1027.0,259.0,-100.0,74.7,79.8
11,46,812.0,1027.0,215.0,-100.0,66.5,79.8
31,37,847.0,1027.0,180.0,-100.0,52.0,73.3
0,13,861.0,1027.0,166.0,-100.0,32.6,89.0
12,34,879.0,1027.0,148.0,-100.0,65.0,74.7
46,74,900.0,1027.0,127.0,-100.0,79.8,58.3
46,72,920.0,1027.0,107.0,-100.1,79.8,35.1
16,72,922.0,1027.0,105.0,-100.0,73.7,35.1
7,15,923.0,1027.0,104.0,-100.1,83.5,55.9
41,55,928.0,1027.0,99.0,-100.0,77.6,95.2
7,22,929.0,1027.0,98.0,-99.9,83.5,54.7
3,5,620.0,1028.0,408.0,-100.0,88.0,97.5
3,64,653.0,1028.0,375.0,-100.0,88.0,65.6
60,66,860.0,1028.0,168.0,-100.1,41.0,84.9
14,47,925.0,1028.0,103.0,-100.1,61.4,34.9
8,59,975.0,1028.0,53.0,-100.1,73.9,72.1
15,37,857.0,1029.0,172.0,-100.0,55.9,73.3
55,66,868.0,1029.0,161.0,-100.1,95.2,84.9
1,45,883.0,1029.0,146.0,-100.0,93.7,35.6
37,69,995.0,1029.0,34.0,-100.0,73.3,94.2
67,76,614.0,1030.0,416.0,-99.9,63.4,76.0
2,77,923.0,1030.0,107.0,-100.0,35.9,52.3
46,49,741.0,1031.0,290.0,-100.0,79.8,38.6
11,72,830.0,1031.0,201.0,-100.0,66.5,35.1
14,75,837.0,1031.0,194.0,-100.0,61.4,83.2
36,61,856.0,1031.0,175.0,-100.0,66.3,68.5
23,51,873.0,1031.0,158.0,-100.0,54.6,85.0
22,41,917.0,1031.0,114.0,-100.1,54.7,77.6
0,32,927.0,1031.0,104.0,-100.1,32.6,66.4
15,64,945.0,1031.0,86.0,-100.0,55.9,65.6
21,65,946.0,1031.0,85.0,-100.0,45.2,82.4
14,78,963.0,1031.0,68.0,-100.0,61.4,91.9
43,72,964.0,1031.0,67.0,-100.0,38.2,35.1
0,55,969.0,1031.0,62.0,-100.0,32.6,95.2
27,38,410.0,1032.0,622.0,-100.0,49.7,49.1
14,61,925.0,1032.0,107.0,-100.1,61.4,68.5
56,72,1026.0,1032.0,6.0,-100.0,46.7,35.1
25,77,737.0,1033.0,296.0,-100.1,55.5,52.3
11,28,916.0,1033.0,117.0,-100.0,66.5,95.4
29,58,801.0,1034.0,233.0,-100.0,93.1,35.6
52,66,873.0,1034.0,161.0,-100.1,70.5,84.9
24,25,885.0,1034.0,149.0,-100.0,51.9,55.5
59,76,1016.0,1034.0,18.0,-100.0,72.1,76.0
34,67,0.0,1035.0,1035.0,-100.1,74.6,63.4
45,69,850.0,1035.0,185.0,-100.1,35.6,94.2
64,69,984.0,1035.0,51.0,-100.0,65.5,94.2
2,24,876.0,1036.0,160.0,-100.0,35.9,51.9
31,53,889.0,1036.0,147.0,-100.1,51.9,83.7
32,47,922.0,1036.0,114.0,-100.0,66.4,34.9
12,69,927.0,1036.0,109.0,-100.0,65.0,94.1
23,28,928.0,1036.0,108.0,-100.0,54.6,95.4
68,73,699.0,1037.0,338.0,-100.0,70.9,75.0
7,40,896.0,1037.0,141.0,-100.0,83.5,43.1
1,34,898.0,1037.0,139.0,-100.0,93.7,74.6
27,50,932.0,1037.0,105.0,-100.0,49.7,96.1
13,47,675.0,1038.0,363.0,-100.0,89.0,34.9
3,37,844.0,1038.0,194.0,-100.0,88.0,73.3
16,34,868.0,1038.0,170.0,-100.0,73.7,74.6
28,66,927.0,1038.0,111.0,-100.0,95.4,84.9
24,58,941.0,1038.0,97.0,-100.1,51.9,35.6
10,66,951.0,1038.0,87.0,-100.0,38.4,84.9
14,41,989.0,1038.0,49.0,-100.0,61.4,77.6
53,56,778.0,1039.0,261.0,-100.0,83.7,46.7
12,67,865.0,1039.0,174.0,-100.0,65.0,63.4
13,61,924.0,1039.0,115.0,-100.0,89.0,68.5
32,61,930.0,1039.0,109.0,-100.1,66.4,68.5
13,53,920.0,1040.0,120.0,-100.1,89.0,83.7
24,44,992.0,1040.0,48.0,-100.0,51.9,72.0
32,72,1032.0,1040.0,8.0,-100.0,66.4,35.1
72,74,866.0,1041.0,175.0,-100.0,35.1,58.3
55,60,887.0,1041.0,154.0,-100.0,95.2,40.9
14,53,988.0,1041.0,53.0,-100.0,61.4,83.7
44,46,993.0,1041.0,48.0,-100.0,72.0,79.8
8,23,344.0,1042.0,698.0,-100.0,73.9,54.6
22,63,808.0,1042.0,234.0,-100.0,54.7,61.6
43,70,887.0,1042.0,155.0,-100.0,38.2,37.3
18,34,805.0,1043.0,238.0,-100.0,38.7,74.6
45,67,888.0,1043.0,155.0,-100.0,35.6,63.4
28,74,927.0,1043.0,116.0,-100.0,95.4,58.3
14,19,938.0,1043.0,105.0,-100.1,61.4,62.4
4,24,946.0,1043.0,97.0,-100.0,92.1,51.9
32,53,967.0,1043.0,76.0,-100.0,66.4,83.7
35,54,915.0,1044.0,129.0,-100.0,85.3,84.6
38,59,919.0,1044.0,125.0,-100.2,49.1,72.1
5,72,936.0,1044.0,108.0,-100.0,97.5,35.1
69,76,957.0,1044.0,87.0,-100.1,94.1,75.9
10,37,830.0,1045.0,215.0,-100.0,38.4,73.3
2,14,989.0,1045.0,56.0,-100.0,35.9,61.3
55,64,788.0,1047.0,259.0,-100.0,95.2,65.5
17,26,890.0,1047.0,157.0,-100.0,47.6,77.0
3,43,912.0,1047.0,135.0,-100.0,88.0,38.2
32,41,964.0,1047.0,83.0,-100.0,66.4,77.6
5,55,776.0,1048.0,272.0,-100.0,97.5,95.2
37,55,864.0,1048.0,184.0,-100.0,73.3,95.2
31,72,952.0,1048.0,96.0,-100.0,51.9,35.1
60,72,954.0,1048.0,94.0,-100.0,40.9,35.1
4,58,957.0,1048.0,91.0,-100.2,92.1,35.6
32,78,1014.0,1048.0,34.0,-100.0,66.4,91.8
7,61,931.0,1049.0,118.0,-100.0,83.5,68.5
28,76,751.0,1050.0,299.0,-100.0,95.4,75.9
32,75,913.0,1050.0,137.0,-100.0,66.4,83.2
41,56,1003.0,1050.0,47.0,-100.0,77.6,46.7
34,49,873.0,1051.0,178.0,-100.0,74.6,38.6
2,29,920.0,1051.0,131.0,-100.0,35.9,93.1
21,74,559.0,1052.0,493.0,-100.0,45.2,58.2
14,72,1030.0,1052.0,22.0,-100.1,61.3,35.1
36,75,878.0,1053.0,175.0,-100.0,66.2,83.1
52,53,912.0,1053.0,141.0,-100.1,70.5,83.7
30,77,917.0,1053.0,136.0,-100.0,62.6,52.3
65,72,943.0,1053.0,110.0,-100.0,82.4,35.1
62,71,965.0,1053.0,88.0,-100.0,69.0,37.1
29,48,907.0,1054.0,147.0,-100.0,93.1,94.5
13,41,934.0,1054.0,120.0,-100.1,89.0,77.6
19,32,939.0,1054.0,115.0,-100.1,62.4,66.4
8,50,999.0,1054.0,55.0,-100.0,73.9,96.1
37,59,1004.0,1054.0,50.0,-100.1,73.2,72.1
46,65,765.0,1055.0,290.0,-100.0,79.7,82.4
30,43,818.0,1055.0,237.0,-100.0,62.6,38.2
7,75,974.0,1055.0,81.0,-100.0,83.5,83.1
72,77,1013.0,1055.0,42.0,-100.0,35.1,52.3
1,11,814.0,1056.0,242.0,-100.0,93.7,66.5
10,64,848.0,1056.0,208.0,-100.0,38.4,65.5
23,59,995.0,1056.0,61.0,-100.0,54.6,72.1
16,31,652.0,1057.0,405.0,-100.0,73.7,51.9
5,39,590.0,1058.0,468.0,-100.0,97.5,80.4
17,61,926.0,1058.0,132.0,-100.0,47.6,68.5
31,60,858.0,1059.0,201.0,-100.0,51.9,40.9
37,53,889.0,1059.0,170.0,-100.0,73.2,83.7
0,7,893.0,1059.0,166.0,-100.0,32.6,83.5
13,39,947.0,1059.0,112.0,-100.0,89.0,80.4
23,69,977.0,1059.0,82.0,-100.0,54.6,94.1
15,22,633.0,1060.0,427.0,-100.0,55.9,54.7
8,9,837.0,1060.0,223.0,-100.0,73.9,83.5
1,74,870.0,1060.0,190.0,-100.0,93.7,58.2
17,71,908.0,1060.0,152.0,-100.0,47.6,37.1
7,41,954.0,1060.0,106.0,-100.0,83.5,77.6
9,64,939.0,1061.0,122.0,-100.0,83.5,65.5
16,28,948.0,1061.0,113.0,-100.0,73.7,95.4
13,77,994.0,1061.0,67.0,-100.0,89.0,52.3
59,66,999.0,1061.0,62.0,-100.1,72.1,84.9
19,26,376.0,1062.0,686.0,-100.0,62.4,76.9
48,77,651.0,1062.0,411.0,-100.0,94.5,52.3
0,68,682.0,1062.0,380.0,-100.0,32.6,70.9
0,15,875.0,1062.0,187.0,-100.0,32.6,55.9
59,64,1001.0,1062.0,61.0,-100.1,72.1,65.5
0,35,1027.0,1062.0,35.0,-100.0,32.6,85.2
2,56,757.0,1063.0,306.0,-100.0,35.9,46.7
39,60,865.0,1063.0,198.0,-100.0,80.4,40.9
29,44,901.0,1063.0,162.0,-100.0,93.1,71.9
9,38,904.0,1063.0,159.0,-100.0,83.5,49.1
27,51,985.0,1063.0,78.0,-100.1,49.7,85.0
28,53,993.0,1063.0,70.0,-100.0,95.4,83.7
35,63,1009.0,1063.0,54.0,-100.0,85.2,61.6
34,38,1042.0,1063.0,21.0,-100.0,74.6,49.1
14,16,1050.0,1063.0,13.0,-100.0,61.3,73.7
31,34,779.0,1064.0,285.0,-100.0,51.9,74.6
13,75,996.0,1064.0,68.0,-100.0,89.0,83.1
14,60,1049.0,1064.0,15.0,-100.0,61.3,40.9
60,64,861.0,1065.0,204.0,-100.0,40.9,65.5
33,50,904.0,1065.0,161.0,-100.0,88.3,96.1
28,37,950.0,1065.0,115.0,-100.0,95.4,73.2
15,47,853.0,1066.0,213.0,-100.0,55.9,34.8
55,61,1000.0,1066.0,66.0,-100.0,95.2,68.5
39,43,1016.0,1066.0,50.0,-100.0,80.4,38.2
7,19,899.0,1067.0,168.0,-100.0,83.5,62.4
28,64,928.0,1067.0,139.0,-100.0,95.4,65.5
52,72,965.0,1067.0,102.0,-100.1,70.5,35.1
0,3,966.0,1067.0,101.0,-100.0,32.6,88.0
72,76,986.0,1067.0,81.0,-100.1,35.1,75.9
68,77,987.0,1067.0,80.0,-100.0,70.9,52.3
24,56,992.0,1067.0,75.0,-100.0,51.9,46.7
36,41,1003.0,1067.0,64.0,-100.1,66.2,77.6
44,60,1013.0,1067.0,54.0,-100.0,71.9,40.9
45,49,735.0,1068.0,333.0,-100.0,35.6,38.5
26,75,801.0,1068.0,267.0,-100.0,76.9,83.1
54,59,919.0,1068.0,149.0,-100.0,84.6,72.1
43,55,991.0,1068.0,77.0,-100.0,38.2,95.2
68,72,1021.0,1068.0,47.0,-100.0,70.9,35.1
29,70,0.0,1069.0,1069.0,-100.0,93.1,37.3
28,65,753.0,1069.0,316.0,-100.0,95.4,82.4
53,68,860.0,1069.0,209.0,-100.0,83.7,70.9
24,30,891.0,1069.0,178.0,-100.0,51.9,62.6
28,72,961.0,1069.0,108.0,-100.1,95.4,35.1
35,73,1021.0,1069.0,48.0,-100.0,85.2,75.0
0,40,560.0,1070.0,510.0,-100.0,32.6,43.1
39,66,738.0,1070.0,332.0,-100.0,80.4,84.9
11,16,838.0,1070.0,232.0,-100.0,66.5,73.7
53,55,924.0,1070.0,146.0,-100.1,83.7,95.2
13,44,961.0,1071.0,110.0,-100.1,89.0,71.9
70,77,965.0,1071.0,106.0,-100.0,37.3,52.3
33,38,1055.0,1071.0,16.0,-100.0,88.3,49.1
52,76,0.0,1072.0,1072.0,-100.0,70.5,75.9
19,44,933.0,1072.0,139.0,-100.0,62.4,71.9
55,72,969.0,1072.0,103.0,-100.0,95.1,35.1
38,72,1035.0,1072.0,37.0,-100.0,49.1,35.1
5,14,1041.0,1072.0,31.0,-100.0,97.5,61.3
14,34,1045.0,1072.0,27.0,-100.0,61.3,74.6
5,31,682.0,1073.0,391.0,-100.0,97.5,51.9
26,63,857.0,1073.0,216.0,-100.0,76.9,61.5
61,63,905.0,1073.0,168.0,-100.0,68.5,61.5
61,68,906.0,1073.0,167.0,-100.0,68.5,70.9
12,45,917.0,1073.0,156.0,-100.0,64.9,35.6
28,60,943.0,1073.0,130.0,-100.0,95.3,40.9
0,17,969.0,1073.0,104.0,-100.0,32.6,47.6
41,55,1034.0,1073.0,39.0,-100.0,77.6,95.1
1,49,839.0,1074.0,235.0,-100.0,93.7,38.5
40,53,853.0,1074.0,221.0,-100.0,43.1,83.7
7,73,869.0,1074.0,205.0,-100.0,83.5,75.0
28,45,884.0,1074.0,190.0,-100.0,95.3,35.6
16,74,943.0,1074.0,131.0,-100.0,73.7,58.2
5,45,952.0,1074.0,122.0,-100.0,97.5,35.6
46,67,314.0,1075.0,761.0,-100.0,79.7,63.4
17,41,995.0,1075.0,80.0,-100.0,47.6,77.6
32,39,1007.0,1075.0,68.0,-100.0,66.4,80.4
14,24,1028.0,1075.0,47.0,-100.1,61.3,51.8
71,75,742.0,1076.0,334.0,-100.0,37.1,83.1
66,76,920.0,1076.0,156.0,-100.0,84.9,75.9
45,60,960.0,1076.0,116.0,-100.0,35.6,40.9
5,44,988.0,1076.0,88.0,-100.0,97.5,71.9
2,32,1014.0,1076.0,62.0,-100.0,35.9,66.4
42,75,866.0,1077.0,211.0,-100.0,89.2,83.1
1,65,896.0,1077.0,181.0,-100.0,93.7,82.4
5,28,938.0,1077.0,139.0,-100.0,97.5,95.3
15,72,1013.0,1077.0,64.0,-100.0,55.9,35.1
15,61,934.0,1078.0,144.0,-100.0,55.9,68.5
15,53,939.0,1078.0,139.0,-100.1,55.9,83.7
7,26,941.0,1078.0,137.0,-100.0,83.5,76.9
37,72,976.0,1078.0,102.0,-100.1,73.2,35.1
32,44,988.0,1078.0,90.0,-100.1,66.4,71.9
52,59,1029.0,1078.0,49.0,-100.0,70.5,72.1
43,56,824.0,1079.0,255.0,-100.0,38.2,46.7
4,30,929.0,1079.0,150.0,-100.1,92.1,62.6
9,59,958.0,1079.0,121.0,-100.0,83.4,72.1
41,68,962.0,1079.0,117.0,-100.1,77.6,70.9
7,17,974.0,1079.0,105.0,-100.0,83.5,47.6
14,43,1028.0,1079.0,51.0,-100.0,61.3,38.2
63,75,793.0,1080.0,287.0,-100.1,61.5,83.1
0,10,881.0,1080.0,199.0,-100.0,32.6,38.3
15,41,923.0,1080.0,157.0,-100.0,55.9,77.6
2,4,926.0,1080.0,154.0,-100.2,35.9,92.1
41,63,946.0,1080.0,134.0,-100.0,77.6,61.5
32,40,949.0,1080.0,131.0,-100.1,66.4,43.1
24,28,1037.0,1080.0,43.0,-100.0,51.8,95.3
18,45,902.0,1081.0,179.0,-100.0,38.7,35.6
13,19,903.0,1081.0,178.0,-100.0,88.9,62.4
34,60,925.0,1081.0,156.0,-100.0,74.6,40.9
3,77,975.0,1081.0,106.0,-100.0,88.0,52.3
14,77,1005.0,1081.0,76.0,-100.0,61.3,52.3
52,64,679.0,1082.0,403.0,-100.0,70.5,65.5
19,53,782.0,1082.0,300.0,-100.0,62.4,83.7
9,23,872.0,1082.0,210.0,-100.0,83.4,54.6
70,72,963.0,1082.0,119.0,-100.0,37.3,35.1
24,31,1007.0,1082.0,75.0,-100.0,51.8,51.9
14,46,1039.0,1082.0,43.0,-100.1,61.3,79.7
28,46,924.0,1083.0,159.0,-100.0,95.3,79.7
33,51,984.0,1083.0,99.0,-100.1,88.3,85.0
50,69,1015.0,1083.0,68.0,-100.1,96.0,94.1
34,59,1019.0,1083.0,64.0,-100.0,74.6,72.0
1,14,1049.0,1083.0,34.0,-100.0,93.7,61.3
10,22,658.0,1084.0,426.0,-100.0,38.3,54.6
15,73,888.0,1084.0,196.0,-100.0,55.9,75.0
32,70,989.0,1084.0,95.0,-100.0,66.4,37.3
26,36,779.0,1085.0,306.0,-100.0,76.9,66.2
16,65,819.0,1085.0,266.0,-100.0,73.7,82.4
43,44,118.0,1086.0,968.0,-100.0,38.2,71.9
40,61,668.0,1086.0,418.0,-100.0,43.1,68.5
37,52,807.0,1086.0,279.0,-100.0,73.2,70.5
39,76,865.0,1086.0,221.0,-100.0,80.4,75.9
40,41,974.0,1086.0,112.0,-100.0,43.1,77.5
55,77,999.0,1086.0,87.0,-100.1,95.1,52.3
53,70,837.0,1087.0,250.0,-100.0,83.7,37.3
3,72,970.0,1087.0,117.0,-100.0,88.0,35.1
14,44,989.0,1087.0,98.0,-100.1,61.3,71.9
5,34,838.0,1088.0,250.0,-100.0,97.5,74.6
10,47,853.0,1088.0,235.0,-100.0,38.3,34.8
11,34,893.0,1088.0,195.0,-100.0,66.4,74.6
6,50,895.0,1088.0,193.0,-100.0,85.1,96.0
10,41,904.0,1088.0,184.0,-100.1,38.3,77.5
10,53,938.0,1088.0,150.0,-100.0,38.3,83.7
31,77,978.0,1088.0,110.0,-100.1,51.9,52.3
3,32,985.0,1088.0,103.0,-100.0,88.0,66.4
10,72,1007.0,1088.0,81.0,-100.1,38.3,35.1
59,72,1018.0,1088.0,70.0,-100.0,72.0,35.1
37,66,890.0,1089.0,199.0,-100.0,73.2,84.9
17,75,905.0,1089.0,184.0,-100.0,47.6,83.1
19,22,929.0,1089.0,160.0,-100.0,62.4,54.6
56,77,937.0,1089.0,152.0,-100.0,46.6,52.3
53,59,1000.0,1089.0,89.0,-100.2,83.7,72.0
32,77,1011.0,1089.0,78.0,-100.0,66.4,52.3
0,63,771.0,1090.0,319.0,-100.0,32.5,61.5
3,53,843.0,1090.0,247.0,-100.0,88.0,83.7
22,59,886.0,1090.0,204.0,-100.0,54.6,72.0
8,51,931.0,1090.0,159.0,-100.0,73.9,85.0
19,41,960.0,1090.0,130.0,-100.0,62.4,77.5
18,74,984.0,1090.0,106.0,-100.0,38.7,58.2
41,70,995.0,1090.0,95.0,-100.0,77.5,37.3
28,43,1005.0,1090.0,85.0,-100.0,95.3,38.2
41,59,1040.0,1090.0,50.0,-100.1,77.5,72.0
7,71,935.0,1091.0,156.0,-100.1,83.5,37.1
10,61,957.0,1091.0,134.0,-100.0,38.3,68.5
3,41,982.0,1091.0,109.0,-100.1,88.0,77.5
41,42,997.0,1091.0,94.0,-100.0,77.5,89.2
28,77,1016.0,1091.0,75.0,-100.1,95.3,52.3
10,77,1029.0,1091.0,62.0,-100.0,38.3,52.3
19,61,725.0,1092.0,367.0,-100.0,62.4,68.5
7,47,901.0,1092.0,191.0,-100.0,83.5,34.8
31,44,946.0,1092.0,146.0,-100.1,51.9,71.9
32,68,952.0,1092.0,140.0,-100.0,66.4,70.9
59,61,1010.0,1092.0,82.0,-100.2,72.0,68.5
14,75,1069.0,1092.0,23.0,-100.0,61.3,83.1
42,61,803.0,1093.0,290.0,-100.0,89.2,68.5
34,66,884.0,1093.0,209.0,-100.0,74.6,84.9
31,43,938.0,1093.0,155.0,-100.0,51.9,38.2
0,59,979.0,1093.0,114.0,-100.0,32.5,72.0
46,77,996.0,1093.0,97.0,-100.0,79.7,52.3
4,32,1035.0,1093.0,58.0,-100.1,92.1,66.4
42,59,1064.0,1093.0,29.0,-100.1,89.2,72.0
11,18,840.0,1094.0,254.0,-99.9,66.4,38.7
4,78,987.0,1094.0,107.0,-100.1,92.1,91.8
15,77,1024.0,1094.0,70.0,-100.0,55.9,52.3
37,60,786.0,1095.0,309.0,-100.0,73.2,40.9
50,79,894.0,1095.0,201.0,-100.0,96.0,82.3
29,77,943.0,1095.0,152.0,-100.0,93.0,52.3
10,32,948.0,1095.0,147.0,-100.0,38.3,66.4
64,72,980.0,1095.0,115.0,-100.0,65.5,35.0
57,69,985.0,1095.0,110.0,-100.1,70.2,94.1
24,32,1038.0,1095.0,57.0,-100.1,51.8,66.4
7,63,881.0,1096.0,215.0,-100.0,83.5,61.5
1,67,876.0,1097.0,221.0,-100.0,93.6,63.4
24,29,951.0,1097.0,146.0,-100.1,51.8,93.0
61,70,997.0,1097.0,100.0,-100.0,68.4,37.3
17,62,604.0,1098.0,494.0,-100.0,47.6,69.0
23,72,996.0,1098.0,102.0,-100.0,54.5,35.0
14,39,1018.0,1098.0,80.0,-100.0,61.3,80.3
30,56,540.0,1099.0,559.0,-100.0,62.6,46.6
47,75,790.0,1099.0,309.0,-100.0,34.8,83.1
3,61,989.0,1099.0,110.0,-100.0,88.0,68.4
0,70,1040.0,1099.0,59.0,-100.0,32.5,37.3
41,47,950.0,1100.0,150.0,-100.0,77.5,34.8
1,77,1023.0,1100.0,77.0,-100.0,93.6,52.3
34,43,1033.0,1100.0,67.0,-100.0,74.6,38.1
31,46,236.0,1101.0,865.0,-100.0,51.9,79.7
50,57,875.0,1101.0,226.0,-100.1,96.0,70.2
4,25,958.0,1101.0,143.0,-100.0,92.1,55.5
28,44,1004.0,1101.0,97.0,-100.0,95.3,71.9
23,39,753.0,1102.0,349.0,-99.9,54.5,80.3
5,37,809.0,1102.0,293.0,-100.0,97.5,73.2
44,59,1031.0,1102.0,71.0,-100.1,71.9,72.0
11,21,624.0,1103.0,479.0,-99.9,66.4,45.2
11,45,800.0,1103.0,303.0,-100.0,66.4,35.6
14,32,890.0,1103.0,213.0,-100.1,61.3,66.4
18,76,840.0,1104.0,264.0,-100.0,38.7,75.9
19,75,973.0,1104.0,131.0,-100.0,62.3,83.1
32,55,992.0,1104.0,112.0,-100.0,66.4,95.1
1,48,1002.0,1104.0,102.0,-100.0,93.6,94.4
4,13,1033.0,1104.0,71.0,-100.0,92.1,88.9
47,68,474.0,1105.0,631.0,-100.0,34.8,70.9
28,34,774.0,1105.0,331.0,-100.0,95.3,74.6
47,59,1032.0,1105.0,73.0,-100.1,34.8,72.0
34,72,942.0,1106.0,164.0,-100.1,74.6,35.0
39,72,963.0,1106.0,143.0,-100.1,80.3,35.0
44,55,970.0,1106.0,136.0,-100.1,71.9,95.1
35,71,988.0,1106.0,118.0,-100.0,85.2,37.1
14,30,1018.0,1106.0,88.0,-100.0,61.3,62.6
4,29,1029.0,1106.0,77.0,-100.1,92.1,93.0
38,45,1030.0,1106.0,76.0,-100.0,49.1,35.5
8,38,848.0,1107.0,259.0,-100.0,73.9,49.1
47,53,899.0,1107.0,208.0,-100.0,34.8,83.7
14,52,1015.0,1107.0,92.0,-100.1,61.3,70.4
27,69,1042.0,1107.0,65.0,-100.0,49.7,94.1
34,59,1086.0,1107.0,21.0,-100.0,74.6,72.0
51,57,973.0,1108.0,135.0,-100.0,85.0,70.2
29,60,1054.0,1108.0,54.0,-100.0,93.0,40.9
26,54,967.0,1109.0,142.0,-100.0,76.9,84.5
59,73,1039.0,1109.0,70.0,-100.0,72.0,74.9
40,44,917.0,1110.0,193.0,-100.0,43.1,71.9
44,68,932.0,1110.0,178.0,-100.0,71.9,70.9
44,72,994.0,1110.0,116.0,-100.0,71.9,35.0
35,47,1045.0,1110.0,65.0,-100.0,85.2,34.8
39,41,1048.0,1110.0,62.0,-100.0,80.3,77.5
28,75,1056.0,1110.0,54.0,-100.0,95.3,83.1
0,19,726.0,1111.0,385.0,-100.0,32.5,62.3
63,71,791.0,1111.0,320.0,-100.0,61.5,37.1
15,32,921.0,1111.0,190.0,-100.0,55.8,66.4
13,70,950.0,1111.0,161.0,-100.1,88.9,37.3
36,73,954.0,1111.0,157.0,-100.0,66.2,74.9
0,75,970.0,1111.0,141.0,-100.0,32.5,83.1
51,69,975.0,1111.0,136.0,-100.1,84.9,94.1
26,35,988.0,1111.0,123.0,-100.0,76.9,85.2
16,77,1004.0,1111.0,107.0,-100.0,73.7,52.2
25,32,1007.0,1111.0,104.0,-100.0,55.5,66.4
1,24,1030.0,1111.0,81.0,-100.1,93.6,51.8
24,52,1032.0,1111.0,79.0,-100.0,51.8,70.4
72,75,1045.0,1111.0,66.0,-100.0,35.0,83.1
44,56,863.0,1112.0,249.0,-100.0,71.9,46.6
13,52,866.0,1112.0,246.0,-100.0,88.9,70.4
47,61,893.0,1112.0,219.0,-100.0,34.8,68.4
52,70,893.0,1112.0,219.0,-100.0,70.4,37.3
39,77,1015.0,1112.0,97.0,-100.0,80.3,52.2
51,66,1036.0,1112.0,76.0,-100.0,84.9,84.8
18,66,735.0,1113.0,378.0,-100.0,38.7,84.8
44,70,917.0,1113.0,196.0,-100.0,71.9,37.3
26,41,962.0,1113.0,151.0,-100.0,76.9,77.5
59,75,1032.0,1113.0,81.0,-100.0,72.0,83.1
4,14,1034.0,1113.0,79.0,-100.2,92.1,61.3
15,19,916.0,1114.0,198.0,-100.0,55.8,62.3
53,64,943.0,1114.0,171.0,-100.0,83.7,65.5
33,69,1022.0,1114.0,92.0,-100.1,88.3,94.1
28,32,1027.0,1114.0,87.0,-100.1,95.3,66.4
4,63,1088.0,1114.0,26.0,-100.1,92.1,61.5
26,73,819.0,1115.0,296.0,-100.0,76.9,74.9
60,65,906.0,1115.0,209.0,-100.0,40.9,82.4
3,13,933.0,1115.0,182.0,-100.0,87.9,88.9
60,74,975.0,1115.0,140.0,-100.0,40.9,58.2
23,53,1002.0,1115.0,113.0,-100.0,54.5,83.7
4,31,1040.0,1115.0,75.0,-100.0,92.1,51.9
17,42,881.0,1116.0,235.0,-100.0,47.5,89.1
18,69,937.0,1116.0,179.0,-100.0,38.7,94.1
12,21,939.0,1116.0,177.0,-100.0,64.9,45.2
32,56,980.0,1116.0,136.0,-100.0,66.4,46.6
41,75,987.0,1116.0,129.0,-100.0,77.5,83.1
32,43,1039.0,1116.0,77.0,-100.0,66.4,38.1
34,41,1078.0,1116.0,38.0,-100.0,74.6,77.5
32,60,1091.0,1116.0,25.0,-100.0,66.4,40.9
27,79,548.0,1117.0,569.0,-100.0,49.7,82.3
45,72,947.0,1117.0,170.0,-100.0,35.5,35.0
23,50,1053.0,1117.0,64.0,-100.0,54.5,96.0
63,73,488.0,1118.0,630.0,-100.0,61.5,74.9
37,39,855.0,1118.0,263.0,-100.0,73.2,80.3
64,66,871.0,1119.0,248.0,-100.0,65.5,84.8
38,69,1006.0,1119.0,113.0,-100.0,49.1,94.1
24,46,1014.0,1119.0,105.0,-100.1,51.8,79.7
4,28,1057.0,1119.0,62.0,-100.2,92.1,95.3
13,40,898.0,1120.0,222.0,-100.0,88.9,43.0
25,70,1007.0,1120.0,113.0,-100.0,55.4,37.3
5,65,789.0,1121.0,332.0,-100.0,97.4,82.4
46,48,980.0,1121.0,141.0,-100.0,79.7,94.4
55,75,1033.0,1121.0,88.0,-100.0,95.1,83.1
4,59,1067.0,1121.0,54.0,-100.1,92.1,72.0
46,52,790.0,1122.0,332.0,-100.0,79.7,70.4
41,71,959.0,1122.0,163.0,-100.0,77.5,37.1
38,66,981.0,1122.0,141.0,-100.1,49.0,84.8
18,50,1020.0,1122.0,102.0,-100.0,38.7,96.0
13,17,1046.0,1122.0,76.0,-100.0,88.9,47.5
50,64,1078.0,1122.0,44.0,-100.0,96.0,65.5
13,32,931.0,1123.0,192.0,-100.0,88.9,66.4
69,79,1010.0,1123.0,113.0,-100.1,94.1,82.3
59,63,1061.0,1123.0,62.0,-100.0,72.0,61.5
41,64,1094.0,1123.0,29.0,-100.0,77.5,65.5
32,52,1008.0,1124.0,116.0,-100.1,66.4,70.4
9,75,1048.0,1124.0,76.0,-100.0,83.4,83.1
26,61,706.0,1125.0,419.0,-100.0,76.9,68.4
12,18,847.0,1125.0,278.0,-100.0,64.9,38.7
1,60,968.0,1125.0,157.0,-100.0,93.6,40.9
10,44,988.0,1125.0,137.0,-100.1,38.3,71.9
39,59,1008.0,1125.0,117.0,-100.0,80.3,72.0
53,75,1009.0,1125.0,116.0,-100.0,83.7,83.1
34,76,668.0,1126.0,458.0,-100.0,74.6,75.9
3,44,926.0,1126.0,200.0,-100.0,87.9,71.9
41,73,951.0,1126.0,175.0,-100.0,77.5,74.9
45,76,951.0,1126.0,175.0,-100.0,35.5,75.9
9,66,982.0,1126.0,144.0,-100.0,83.4,84.8
4,52,1061.0,1126.0,65.0,-100.1,92.1,70.4
13,15,796.0,1127.0,331.0,-100.0,88.9,55.8
39,53,911.0,1127.0,216.0,-100.0,80.3,83.7
28,39,930.0,1127.0,197.0,-100.0,95.3,80.3
31,32,1003.0,1127.0,124.0,-100.1,51.9,66.4
34,77,1032.0,1127.0,95.0,-100.0,74.6,52.2
45,77,1049.0,1127.0,78.0,-100.0,35.5,52.2
24,65,1062.0,1127.0,65.0,-100.1,51.8,82.3
45,51,1066.0,1127.0,61.0,-100.0,35.5,84.9
6,27,592.0,1128.0,536.0,-100.0,85.0,49.7
19,56,701.0,1128.0,427.0,-100.0,62.3,46.6
42,63,947.0,1128.0,181.0,-100.0,89.1,61.5
1,43,997.0,1128.0,131.0,-100.0,93.6,38.1
70,75,1027.0,1128.0,101.0,-100.1,37.3,83.1
4,55,1049.0,1128.0,79.0,-100.1,92.1,95.1
45,66,952.0,1129.0,177.0,-100.0,35.5,84.8
6,51,954.0,1129.0,175.0,-100.1,85.0,84.9
30,46,1020.0,1129.0,109.0,-100.0,62.5,79.7
4,17,1067.0,1129.0,62.0,-100.1,92.1,47.5
24,74,1076.0,1129.0,53.0,-100.0,51.8,58.2
17,36,527.0,1130.0,603.0,-100.0,47.5,66.2
31,39,645.0,1130.0,485.0,-100.0,51.9,80.3
29,43,839.0,1130.0,291.0,-100.0,93.0,38.1
52,60,870.0,1130.0,260.0,-100.0,70.4,40.9
5,74,957.0,1130.0,173.0,-100.0,97.4,58.2
5,11,881.0,1131.0,250.0,-100.0,97.4,66.4
16,29,939.0,1131.0,192.0,-100.0,73.6,93.0
19,59,1029.0,1131.0,102.0,-100.1,62.3,72.0
4,56,1031.0,1131.0,100.0,-100.1,92.1,46.6
51,79,949.0,1132.0,183.0,-100.0,84.9,82.2
19,39,998.0,1132.0,134.0,-100.0,62.3,80.3
35,42,1036.0,1132.0,96.0,-100.0,85.2,89.1
4,19,1065.0,1132.0,67.0,-100.1,92.1,62.3
24,37,1097.0,1132.0,35.0,-100.0,51.8,73.2
22,70,1098.0,1132.0,34.0,-100.0,54.6,37.2
28,52,942.0,1133.0,191.0,-100.0,95.3,70.4
68,75,1001.0,1133.0,132.0,-100.0,70.8,83.1
34,55,732.0,1134.0,402.0,-100.0,74.5,95.1
50,65,1084.0,1134.0,50.0,-100.0,96.0,82.3
29,46,959.0,1135.0,176.0,-100.0,93.0,79.7
40,75,988.0,1135.0,147.0,-100.0,43.0,83.1
38,50,1024.0,1135.0,111.0,-100.0,49.0,96.0
9,41,1055.0,1135.0,80.0,-100.0,83.4,77.5
10,45,1068.0,1135.0,67.0,-100.0,38.3,35.5
52,59,1089.0,1135.0,46.0,-100.0,70.4,72.0
0,41,946.0,1136.0,190.0,-100.1,32.5,77.5
59,70,1034.0,1136.0,102.0,-100.0,72.0,37.2
4,15,1053.0,1136.0,83.0,-100.0,92.0,55.8
4,10,1057.0,1136.0,79.0,-100.2,92.0,38.3
16,52,705.0,1137.0,432.0,-100.0,73.6,70.4
4,68,1044.0,1137.0,93.0,-100.0,92.0,70.8
66,79,1054.0,1137.0,83.0,-100.0,84.8,82.2
72,73,1062.0,1137.0,75.0,-100.0,35.0,74.9
52,77,1000.0,1138.0,138.0,-100.0,70.4,52.2
15,25,1068.0,1138.0,70.0,-100.0,55.8,55.4
41,45,1083.0,1138.0,55.0,-100.1,77.5,35.5
61,75,719.0,1139.0,420.0,-100.0,68.4,83.1
17,73,958.0,1139.0,181.0,-100.0,47.5,74.9
66,72,961.0,1139.0,178.0,-100.0,84.8,35.0
3,75,1027.0,1139.0,112.0,-100.1,87.9,83.1
50,74,1074.0,1139.0,65.0,-100.0,96.0,58.2
18,37,950.0,1140.0,190.0,-100.0,38.6,73.2
34,53,1015.0,1140.0,125.0,-100.0,74.5,83.6
16,24,1023.0,1140.0,117.0,-100.1,73.6,51.8
29,32,1032.0,1140.0,108.0,-100.0,93.0,66.3
47,72,1073.0,1140.0,67.0,-100.0,34.8,35.0
46,67,1084.0,1140.0,56.0,-100.0,79.7,63.3
38,76,963.0,1141.0,178.0,-100.0,49.0,75.8
3,59,1029.0,1141.0,112.0,-100.0,87.9,72.0
41,72,1052.0,1141.0,89.0,-100.1,77.5,35.0
5,77,1005.0,1142.0,137.0,-100.1,97.4,52.2
31,70,813.0,1143.0,330.0,-100.0,51.8,37.2
22,75,997.0,1143.0,146.0,-100.0,54.6,83.1
8,69,1016.0,1143.0,127.0,-100.0,73.8,94.0
60,77,1023.0,1143.0,120.0,-100.0,40.8,52.2
54,72,1051.0,1143.0,92.0,-100.0,84.5,35.0
2,14,1078.0,1143.0,65.0,-100.0,35.8,61.3
9,44,1081.0,1143.0,62.0,-100.0,83.4,71.9
3,22,1090.0,1143.0,53.0,-100.0,87.9,54.6
19,73,787.0,1144.0,357.0,-100.0,62.3,74.9
11,60,952.0,1144.0,192.0,-100.0,66.4,40.8
43,46,955.0,1144.0,189.0,-100.0,38.1,79.7
15,59,989.0,1144.0,155.0,-99.9,55.8,72.0
39,61,1019.0,1144.0,125.0,-99.9,80.3,68.4
40,59,1042.0,1144.0,102.0,-100.0,43.0,72.0
65,67,413.0,1145.0,732.0,-99.9,82.3,63.3
52,55,744.0,1145.0,401.0,-100.0,70.4,95.1
10,75,1004.0,1145.0,141.0,-100.0,38.3,83.1
4,40,1046.0,1145.0,99.0,-100.1,92.0,43.0
15,17,1064.0,1145.0,81.0,-100.0,55.8,47.5
13,68,689.0,1146.0,457.0,-100.0,88.9,70.8
15,28,1011.0,1146.0,135.0,-100.1,55.8,95.3
41,44,1039.0,1146.0,107.0,-100.0,77.5,71.9
23,69,1068.0,1146.0,78.0,-100.0,54.5,94.0
21,48,1076.0,1146.0,70.0,-100.0,45.1,94.4
15,70,971.0,1147.0,176.0,-100.0,55.8,37.2
16,48,980.0,1147.0,167.0,-100.1,73.6,94.4
15,44,984.0,1147.0,163.0,-100.0,55.8,71.9
5,24,1033.0,1147.0,114.0,-100.1,97.4,51.8
4,70,1045.0,1147.0,102.0,-100.0,92.0,37.2
37,50,1069.0,1147.0,78.0,-100.0,73.2,96.0
18,51,879.0,1148.0,269.0,-100.0,38.6,84.9
1,5,947.0,1148.0,201.0,-100.0,93.6,97.4
17,47,950.0,1148.0,198.0,-100.0,47.5,34.8
22,41,1033.0,1148.0,115.0,-100.0,54.6,77.5
38,74,1079.0,1148.0,69.0,-100.0,49.0,58.2
23,41,1099.0,1148.0,49.0,-100.0,54.5,77.5
40,47,626.0,1149.0,523.0,-100.0,43.0,34.8
19,71,691.0,1149.0,458.0,-100.0,62.3,37.0
28,70,990.0,1149.0,159.0,-100.0,95.3,37.2
3,4,1049.0,1149.0,100.0,-100.1,87.9,92.0
38,65,1089.0,1149.0,60.0,-100.0,49.0,82.3
18,64,712.0,1150.0,438.0,-100.0,38.6,65.4
1,52,1012.0,1150.0,138.0,-100.0,93.6,70.4
4,75,1070.0,1150.0,80.0,-100.0,92.0,83.1
19,28,1074.0,1150.0,76.0,-100.0,62.3,95.3
4,47,1091.0,1150.0,59.0,-100.0,92.0,34.8
42,53,1147.0,1150.0,3.0,-100.0,89.1,83.6
10,73,895.0,1151.0,256.0,-100.0,38.3,74.9
23,66,900.0,1151.0,251.0,-100.0,54.5,84.8
19,42,940.0,1151.0,211.0,-100.0,62.3,89.1
23,34,758.0,1152.0,394.0,-100.0,54.5,74.5
13,14,947.0,1152.0,205.0,-100.1,88.9,61.2
56,75,1045.0,1152.0,107.0,-100.0,46.6,83.0
44,66,1113.0,1152.0,39.0,-99.9,71.9,84.8
31,52,705.0,1153.0,448.0,-100.0,51.8,70.4
3,52,823.0,1153.0,330.0,-100.0,87.9,70.4
61,72,1037.0,1153.0,116.0,-100.0,68.4,35.0
4,74,1144.0,1154.0,10.0,-100.0,92.0,58.1
47,63,725.0,1155.0,430.0,-100.0,34.8,61.5
21,67,887.0,1155.0,268.0,-100.0,45.1,63.3
13,56,930.0,1155.0,225.0,-100.0,88.9,46.6
6,69,1007.0,1155.0,148.0,-100.0,85.0,94.0
17,59,1059.0,1155.0,96.0,-100.1,47.5,72.0
14,59,1062.0,1156.0,94.0,-100.0,61.2,72.0
62,63,991.0,1157.0,166.0,-100.0,68.9,61.5
22,72,1034.0,1157.0,123.0,-100.1,54.6,35.0
59,68,1035.0,1157.0,122.0,-100.0,72.0,70.8
44,76,1061.0,1157.0,96.0,-100.0,71.8,75.8
1,16,804.0,1158.0,354.0,-100.1,93.6,73.6
14,63,1103.0,1158.0,55.0,-100.1,61.2,61.5
4,64,1121.0,1158.0,37.0,-100.0,92.0,65.4
3,28,983.0,1159.0,176.0,-100.0,87.9,95.3
22,66,1007.0,1159.0,152.0,-100.0,54.6,84.8
7,35,1034.0,1159.0,125.0,-100.0,83.4,85.1
1,15,1093.0,1159.0,66.0,-100.0,93.6,55.8
4,41,1149.0,1159.0,10.0,-100.0,92.0,77.5
1,46,842.0,1160.0,318.0,-100.0,93.6,79.6
10,19,933.0,1160.0,227.0,-99.9,38.3,62.3
14,78,1077.0,1160.0,83.0,-100.1,61.2,91.7
20,21,654.0,1161.0,507.0,-100.0,58.0,45.1
44,77,801.0,1161.0,360.0,-100.0,71.8,52.2
49,65,880.0,1161.0,281.0,-100.0,38.5,82.3
41,69,1099.0,1161.0,62.0,-100.1,77.5,94.0
1,14,1141.0,1161.0,20.0,-100.0,93.6,61.2
47,73,554.0,1162.0,608.0,-100.0,34.8,74.9
14,19,1079.0,1162.0,83.0,-100.0,61.2,62.3
44,51,1106.0,1162.0,56.0,-100.0,71.8,84.9
29,30,872.0,1163.0,291.0,-100.0,93.0,62.5
41,54,1054.0,1163.0,109.0,-100.0,77.5,84.5
34,61,1070.0,1163.0,93.0,-100.0,74.5,68.4
12,38,1077.0,1163.0,86.0,-100.0,64.8,49.0
4,39,1071.0,1164.0,93.0,-100.1,92.0,80.3
4,65,1134.0,1164.0,30.0,-100.0,92.0,82.3
14,28,1026.0,1165.0,139.0,-100.0,61.2,95.3
30,32,1033.0,1165.0,132.0,-100.1,62.5,66.3
15,45,1106.0,1165.0,59.0,-100.0,55.8,35.5
8,79,596.0,1166.0,570.0,-100.0,73.8,82.2
42,62,626.0,1166.0,540.0,-100.0,89.1,68.9
39,64,726.0,1166.0,440.0,-100.0,80.3,65.4
6,57,906.0,1166.0,260.0,-100.0,85.0,70.1
42,73,951.0,1166.0,215.0,-100.0,89.1,74.9
44,52,970.0,1166.0,196.0,-100.0,71.8,70.4
43,65,1012.0,1166.0,154.0,-100.0,38.1,82.3
32,58,1124.0,1166.0,42.0,-100.0,66.3,35.5
5,75,1161.0,1166.0,5.0,-100.0,97.4,83.0
38,51,944.0,1167.0,223.0,-100.1,49.0,84.9
23,45,982.0,1168.0,186.0,-100.0,54.5,35.5
9,61,1030.0,1168.0,138.0,-100.1,83.4,68.4
13,29,1033.0,1168.0,135.0,-100.0,88.9,93.0
3,25,1058.0,1168.0,110.0,-100.0,87.9,55.4
49,74,815.0,1169.0,354.0,-100.0,38.4,58.1
3,15,958.0,1169.0,211.0,-100.1,87.9,55.8
37,45,980.0,1169.0,189.0,-100.0,73.1,35.5
45,52,988.0,1169.0,181.0,-100.0,35.5,70.4
5,29,989.0,1169.0,180.0,-100.0,97.4,93.0
28,40,1038.0,1169.0,131.0,-100.0,95.3,43.0
36,63,934.0,1170.0,236.0,-100.0,66.1,61.4
9,54,975.0,1170.0,195.0,-100.0,83.4,84.5
50,77,1103.0,1170.0,67.0,-100.2,96.0,52.2
36,71,857.0,1171.0,314.0,-100.0,66.1,37.0
1,32,1061.0,1171.0,110.0,-100.0,93.6,66.3
67,74,906.0,1172.0,266.0,-100.0,63.3,58.1
39,44,977.0,1172.0,195.0,-100.0,80.3,71.8
11,50,1072.0,1172.0,100.0,-100.1,66.4,95.9
20,50,1080.0,1172.0,92.0,-100.0,58.0,95.9
44,69,1121.0,1172.0,51.0,-100.0,71.8,94.0
34,37,949.0,1173.0,224.0,-100.0,74.5,73.1
14,25,981.0,1173.0,192.0,-100.1,61.2,55.4
4,34,1085.0,1173.0,88.0,-100.0,92.0,74.5
4,42,1119.0,1173.0,54.0,-100.1,92.0,89.1
10,13,798.0,1174.0,376.0,-100.0,38.2,88.9
5,48,999.0,1174.0,175.0,-100.1,97.4,94.3
9,53,1015.0,1174.0,159.0,-100.1,83.4,83.6
48,60,1032.0,1174.0,142.0,-100.0,94.3,40.8
65,77,1040.0,1174.0,134.0,-100.0,82.3,52.2
26,61,1136.0,1174.0,38.0,-100.0,76.8,68.4
22,47,650.0,1175.0,525.0,-100.0,54.5,34.7
34,64,800.0,1175.0,375.0,-100.0,74.5,65.4
46,60,896.0,1175.0,279.0,-100.0,79.6,40.8
56,70,878.0,1176.0,298.0,-100.0,46.6,37.2
66,69,969.0,1176.0,207.0,-100.0,84.8,94.0
45,64,972.0,1176.0,204.0,-100.0,35.5,65.4
54,66,1040.0,1176.0,136.0,-100.1,84.5,84.8
10,70,968.0,1177.0,209.0,-100.0,38.2,37.2
14,70,994.0,1177.0,183.0,-100.1,61.2,37.2
43,74,1048.0,1177.0,129.0,-100.0,38.1,58.1
74,77,1052.0,1177.0,125.0,-100.1,58.1,52.2
12,60,1114.0,1177.0,63.0,-100.0,64.8,40.8
13,55,928.0,1178.0,250.0,-100.0,88.9,95.0
23,51,1034.0,1178.0,144.0,-100.0,54.5,84.9
68,73,1048.0,1178.0,130.0,-100.0,70.8,74.9
67,77,1075.0,1178.0,103.0,-100.0,63.3,52.2
4,9,1104.0,1178.0,74.0,-100.0,92.0,83.4
0,54,987.0,1179.0,192.0,-100.0,32.5,84.5
75,77,1095.0,1179.0,84.0,-100.0,83.0,52.2
48,50,1113.0,1179.0,66.0,-100.0,94.3,95.9
0,7,1147.0,1179.0,32.0,-100.0,32.5,83.4
53,73,789.0,1180.0,391.0,-100.0,83.6,74.9
30,31,933.0,1181.0,248.0,-100.0,62.5,51.8
59,78,1090.0,1181.0,91.0,-100.0,71.9,91.7
12,44,1132.0,1181.0,49.0,-100.0,64.8,71.8
34,47,1177.0,1181.0,4.0,-100.0,74.5,34.7
41,53,961.0,1183.0,222.0,-100.0,77.5,83.6
51,65,1085.0,1183.0,98.0,-100.0,84.9,82.3
37,38,973.0,1184.0,211.0,-100.0,73.1,49.0
70,73,1056.0,1184.0,128.0,-100.0,37.2,74.9
4,73,1086.0,1184.0,98.0,-100.0,92.0,74.9
0,73,672.0,1185.0,513.0,-100.0,32.5,74.9
51,74,1080.0,1185.0,105.0,-100.0,84.9,58.1
54,69,1089.0,1185.0,96.0,-100.1,84.5,94.0
0,34,1146.0,1185.0,39.0,-100.0,32.5,74.5
28,56,1018.0,1186.0,168.0,-100.0,95.2,46.5
35,62,1063.0,1186.0,123.0,-100.0,85.1,68.9
41,61,968.0,1187.0,219.0,-100.0,77.4,68.4
10,34,1024.0,1187.0,163.0,-100.0,38.2,74.5
24,77,923.0,1188.0,265.0,-100.0,51.7,52.2
14,17,1084.0,1188.0,104.0,-100.1,61.2,47.5
4,71,1108.0,1188.0,80.0,-100.0,92.0,37.0
52,68,837.0,1189.0,352.0,-100.0,70.4,70.8
15,68,886.0,1189.0,303.0,-100.0,55.8,70.8
55,70,900.0,1189.0,289.0,-100.0,95.0,37.2
13,31,952.0,1189.0,237.0,-100.0,88.8,51.8
19,55,971.0,1189.0,218.0,-100.0,62.3,95.0
7,62,1005.0,1189.0,184.0,-100.0,83.4,68.9
28,68,1024.0,1189.0,165.0,-100.0,95.2,70.8
49,77,1064.0,1189.0,125.0,-100.0,38.4,52.2
4,45,1097.0,1189.0,92.0,-100.1,92.0,35.5
61,69,1104.0,1189.0,85.0,-100.0,68.4,94.0
69,73,1136.0,1189.0,53.0,-100.0,94.0,74.9
70,78,1097.0,1190.0,93.0,-100.0,37.2,91.7
4,69,1130.0,1190.0,60.0,-100.0,92.0,94.0
23,76,455.0,1191.0,736.0,-100.0,54.5,75.8
65,76,621.0,1191.0,570.0,-100.0,82.3,75.8
3,14,995.0,1191.0,196.0,-100.0,87.9,61.2
13,78,1012.0,1191.0,179.0,-100.0,88.8,91.7
51,77,1103.0,1191.0,88.0,-100.1,84.9,52.2
28,63,1129.0,1191.0,62.0,-100.0,95.2,61.4
4,26,1141.0,1191.0,50.0,-100.1,92.0,76.8
17,34,1152.0,1191.0,39.0,-100.0,47.5,74.5
61,73,306.0,1192.0,886.0,-100.0,68.4,74.9
61,71,581.0,1192.0,611.0,-100.0,68.4,37.0
44,45,1041.0,1192.0,151.0,-100.0,71.8,35.5
45,61,1078.0,1192.0,114.0,-100.0,35.5,68.4
12,77,1088.0,1192.0,104.0,-100.1,64.8,52.2
45,53,1052.0,1193.0,141.0,-100.0,35.5,83.6
61,64,1086.0,1193.0,107.0,-100.0,68.4,65.4
6,41,1114.0,1193.0,79.0,-100.0,84.9,77.4
43,75,1127.0,1193.0,66.0,-99.9,38.1,83.0
4,65,1170.0,1193.0,23.0,-100.0,92.0,82.3
21,49,482.0,1194.0,712.0,-100.0,45.1,38.4
28,29,1033.0,1194.0,161.0,-100.0,95.2,92.9
37,77,1046.0,1194.0,148.0,-100.0,73.1,52.2
76,77,1059.0,1194.0,135.0,-100.0,75.8,52.2
53,71,1069.0,1194.0,125.0,-100.0,83.6,37.0
55,63,1110.0,1194.0,84.0,-100.0,95.0,61.4
51,75,1123.0,1194.0,71.0,-100.1,84.9,83.0
49,75,1142.0,1194.0,52.0,-100.0,38.4,83.0
34,69,1159.0,1194.0,35.0,-100.0,74.5,94.0
15,40,918.0,1195.0,277.0,-100.0,55.8,43.0
64,77,1060.0,1195.0,135.0,-100.0,65.4,52.2
13,59,1062.0,1195.0,133.0,-100.0,88.8,71.9
53,69,1100.0,1195.0,95.0,-100.1,83.6,94.0
20,24,1105.0,1195.0,90.0,-100.1,58.0,51.7
31,58,1153.0,1195.0,42.0,-99.9,51.8,35.5
2,78,931.0,1196.0,265.0,-100.0,35.7,91.7
24,48,933.0,1196.0,263.0,-100.0,51.7,94.3
10,14,994.0,1196.0,202.0,-100.0,38.2,61.2
0,4,1102.0,1196.0,94.0,-100.0,32.4,92.0
14,45,1156.0,1196.0,40.0,-100.0,61.2,35.5
10,52,524.0,1197.0,673.0,-100.0,38.2,70.4
5,52,649.0,1197.0,548.0,-100.0,97.4,70.4
14,68,959.0,1197.0,238.0,-100.1,61.2,70.8
14,31,1006.0,1197.0,191.0,-100.0,61.2,51.8
9,73,1053.0,1197.0,144.0,-100.0,83.3,74.9
7,63,1098.0,1197.0,99.0,-100.0,83.4,61.4
4,72,1115.0,1197.0,82.0,-100.1,92.0,34.9
43,77,907.0,1198.0,291.0,-100.0,38.0,52.2
74,76,989.0,1198.0,209.0,-100.0,58.1,75.8
51,64,1058.0,1199.0,141.0,-100.0,84.9,65.4
6,33,824.0,1200.0,376.0,-100.0,84.9,88.2
0,61,526.0,1201.0,675.0,-99.9,32.4,68.3
34,70,1038.0,1201.0,163.0,-100.0,74.5,37.2
1,56,1079.0,1201.0,122.0,-100.0,93.5,46.5
11,24,1081.0,1201.0,120.0,-100.0,66.3,51.7
10,15,464.0,1202.0,738.0,-100.0,38.2,55.8
7,42,971.0,1202.0,231.0,-100.0,83.4,89.0
14,55,1004.0,1202.0,198.0,-100.1,61.2,95.0
28,59,1025.0,1202.0,177.0,-100.2,95.2,71.9
37,51,1065.0,1202.0,137.0,-100.0,73.1,84.9
28,55,929.0,1203.0,274.0,-100.0,95.2,95.0
40,63,1030.0,1203.0,173.0,-100.0,43.0,61.4
4,22,1099.0,1203.0,104.0,-100.0,92.0,54.5
41,66,1078.0,1204.0,126.0,-100.1,77.4,84.7
20,51,1105.0,1204.0,99.0,-100.0,58.0,84.9
30,59,1122.0,1204.0,82.0,-100.1,62.5,71.9
3,73,1060.0,1205.0,145.0,-100.0,87.8,74.8
4,23,1138.0,1205.0,67.0,-100.0,92.0,54.4
18,41,1151.0,1205.0,54.0,-100.0,38.6,77.4
20,75,1155.0,1205.0,50.0,-100.0,58.0,83.0
7,69,1182.0,1205.0,23.0,-100.0,83.4,94.0
14,40,945.0,1206.0,261.0,-100.1,61.2,43.0
35,36,1042.0,1206.0,164.0,-100.0,85.1,66.1
75,76,1110.0,1206.0,96.0,-100.0,83.0,75.8
60,67,925.0,1207.0,282.0,-100.0,40.8,63.2
15,39,960.0,1207.0,247.0,-100.0,55.7,80.2
26,53,1052.0,1207.0,155.0,-100.0,76.8,83.6
31,63,1168.0,1207.0,39.0,-100.0,51.8,61.4
61,72,1169.0,1207.0,38.0,-100.0,68.3,34.9
38,64,951.0,1209.0,258.0,-100.0,49.0,65.4
28,31,963.0,1209.0,246.0,-100.0,95.2,51.8
4,54,1112.0,1209.0,97.0,-100.1,92.0,84.4
48,51,1125.0,1209.0,84.0,-100.0,94.3,84.9
34,44,1019.0,1210.0,191.0,-100.0,74.5,71.8
21,50,1108.0,1210.0,102.0,-100.0,45.1,95.9
1,59,1123.0,1210.0,87.0,-100.0,93.5,71.9
1,29,1018.0,1211.0,193.0,-100.0,93.5,92.9
14,29,1025.0,1211.0,186.0,-100.0,61.2,92.9
45,54,1085.0,1211.0,126.0,-100.0,35.4,84.4
23,77,1086.0,1211.0,125.0,-100.0,54.4,52.1
39,54,1096.0,1211.0,115.0,-100.0,80.2,84.4
10,39,933.0,1212.0,279.0,-99.9,38.2,80.2
15,31,980.0,1212.0,232.0,-100.0,55.7,51.8
17,70,1052.0,1212.0,160.0,-100.0,47.4,37.2
9,34,1093.0,1212.0,119.0,-100.0,83.3,74.5
7,36,980.0,1213.0,233.0,-100.0,83.3,66.1
14,56,981.0,1213.0,232.0,-100.0,61.2,46.5
53,72,999.0,1213.0,214.0,-100.1,83.6,34.9
11,51,1085.0,1213.0,128.0,-100.0,66.3,84.8
17,28,1093.0,1213.0,120.0,-100.0,47.4,95.2
42,70,1109.0,1213.0,104.0,-100.0,89.0,37.2
51,52,1152.0,1213.0,61.0,-100.0,84.8,70.3
61,74,1162.0,1213.0,51.0,-100.0,68.3,58.1
9,40,1184.0,1213.0,29.0,-99.9,83.3,43.0
14,51,1197.0,1213.0,16.0,-100.0,61.2,84.8
67,75,1146.0,1214.0,68.0,-100.0,63.2,83.0
47,71,638.0,1215.0,577.0,-100.0,34.7,37.0
25,59,1089.0,1215.0,126.0,-100.0,55.3,71.9
14,39,1131.0,1215.0,84.0,-100.1,61.2,80.2
6,8,668.0,1216.0,548.0,-100.0,84.9,73.8
34,68,1076.0,1216.0,140.0,-100.0,74.5,70.8
28,78,1099.0,1216.0,117.0,-100.1,95.2,91.7
34,55,1165.0,1216.0,51.0,-100.0,74.5,95.0
21,51,1191.0,1216.0,25.0,-100.0,45.1,84.8
45,65,909.0,1217.0,308.0,-100.0,35.4,82.3
3,10,948.0,1217.0,269.0,-100.0,87.8,38.2
7,47,1100.0,1217.0,117.0,-100.0,83.3,34.7
59,68,1168.0,1217.0,49.0,-100.0,71.9,70.8
32,46,1051.0,1218.0,167.0,-100.1,66.3,79.6
70,71,1109.0,1218.0,109.0,-100.0,37.2,37.0
1,55,1157.0,1218.0,61.0,-100.0,93.5,95.0
35,72,1166.0,1218.0,52.0,-100.0,85.1,34.9
17,59,1169.0,1218.0,49.0,-100.0,47.4,71.9
46,59,1196.0,1218.0,22.0,-100.0,79.6,71.9
7,19,1116.0,1219.0,103.0,-100.0,83.3,62.2
13,58,1120.0,1219.0,99.0,-100.0,88.8,35.4
20,74,563.0,1220.0,657.0,-100.0,58.0,58.1
48,77,1077.0,1220.0,143.0,-100.0,94.3,52.1
14,71,1181.0,1220.0,39.0,-100.0,61.2,37.0
19,40,740.0,1221.0,481.0,-100.0,62.2,42.9
5,60,850.0,1221.0,371.0,-100.0,97.3,40.8
1,31,1026.0,1221.0,195.0,-100.1,93.5,51.8
46,50,1220.0,1221.0,1.0,-100.0,79.6,95.9
0,53,865.0,1222.0,357.0,-100.0,32.4,83.6
2,59,1115.0,1222.0,107.0,-100.0,35.7,71.9
40,52,1026.0,1223.0,197.0,-100.0,42.9,70.3
63,70,1070.0,1223.0,153.0,-100.0,61.4,37.2
33,79,848.0,1224.0,376.0,-100.0,88.2,82.2
13,25,995.0,1224.0,229.0,-100.0,88.8,55.3
37,43,1075.0,1224.0,149.0,-100.0,73.1,38.0
19,47,829.0,1225.0,396.0,-100.0,62.2,34.7
17,19,974.0,1225.0,251.0,-100.0,47.4,62.2
55,78,1088.0,1225.0,137.0,-100.0,95.0,91.7
45,73,1101.0,1226.0,125.0,-100.1,35.4,74.8
15,65,1124.0,1226.0,102.0,-100.0,55.7,82.2
60,76,938.0,1227.0,289.0,-100.0,40.8,75.8
53,54,1027.0,1227.0,200.0,-100.0,83.6,84.4
11,75,1129.0,1227.0,98.0,-100.0,66.3,83.0
25,30,782.0,1228.0,446.0,-100.0,55.3,62.4
20,49,958.0,1228.0,270.0,-100.0,58.0,38.4
20,76,1075.0,1228.0,153.0,-100.0,58.0,75.8
21,24,1107.0,1228.0,121.0,-100.0,45.1,51.7
6,79,0.0,1229.0,1229.0,-100.0,84.9,82.1
68,70,909.0,1229.0,320.0,-100.0,70.7,37.2
10,59,980.0,1229.0,249.0,-100.0,38.2,71.9
49,60,966.0,1230.0,264.0,-100.0,38.4,40.8
43,52,983.0,1230.0,247.0,-100.0,38.0,70.3
44,73,1084.0,1230.0,146.0,-100.0,71.8,74.8
12,20,1006.0,1231.0,225.0,-100.0,64.8,58.0
50,60,1127.0,1231.0,104.0,-100.0,95.9,40.8
7,9,1141.0,1231.0,90.0,-100.1,83.3,83.3
70,72,1212.0,1232.0,20.0,-100.0,37.1,34.9
22,61,957.0,1233.0,276.0,-100.0,54.5,68.3
5,43,960.0,1233.0,273.0,-100.0,97.3,38.0
12,65,866.0,1234.0,368.0,-100.0,64.8,82.2
34,45,900.0,1234.0,334.0,-100.0,74.4,35.4
48,49,1043.0,1234.0,191.0,-100.0,94.3,38.4
11,77,1062.0,1234.0,172.0,-100.0,66.3,52.1
48,76,1096.0,1234.0,138.0,-100.0,94.3,75.8
2,31,1111.0,1234.0,123.0,-100.0,35.7,51.8
7,70,1134.0,1234.0,100.0,-100.0,83.3,37.1
22,53,962.0,1235.0,273.0,-100.0,54.5,83.5
15,75,992.0,1235.0,243.0,-100.0,55.7,83.0
38,48,1170.0,1235.0,65.0,-100.0,48.9,94.3
47,72,1171.0,1235.0,64.0,-100.1,34.7,34.9
4,6,1158.0,1236.0,78.0,-100.0,91.9,84.9
43,48,759.0,1237.0,478.0,-100.0,38.0,94.3
31,59,1065.0,1237.0,172.0,-100.0,51.7,71.9
7,45,1167.0,1237.0,70.0,-100.0,83.3,35.4
18,23,791.0,1238.0,447.0,-100.0,38.5,54.4
15,29,1060.0,1238.0,178.0,-100.0,55.7,92.9
12,23,1078.0,1238.0,160.0,-100.0,64.8,54.4
40,45,1126.0,1238.0,112.0,-100.0,42.9,35.4
0,71,477.0,1239.0,762.0,-100.0,32.4,37.0
9,22,960.0,1239.0,279.0,-100.0,83.3,54.5
54,61,1018.0,1239.0,221.0,-100.0,84.4,68.3
44,75,1037.0,1239.0,202.0,-99.9,71.8,83.0
22,44,1059.0,1239.0,180.0,-100.0,54.5,71.8
25,28,1073.0,1239.0,166.0,-100.0,55.3,95.2
15,74,1130.0,1239.0,109.0,-100.0,55.7,58.1
25,58,1159.0,1239.0,80.0,-100.0,55.3,35.4
37,76,908.0,1240.0,332.0,-100.0,73.1,75.7
58,59,1140.0,1240.0,100.0,-100.0,35.4,71.9
28,58,1168.0,1240.0,72.0,-100.0,95.2,35.4
10,28,1005.0,1241.0,236.0,-100.0,38.2,95.2
9,71,1066.0,1241.0,175.0,-100.1,83.3,37.0
14,75,1165.0,1241.0,76.0,-100.0,61.2,83.0
11,74,493.0,1242.0,749.0,-100.0,66.3,58.1
36,42,537.0,1242.0,705.0,-100.0,66.0,89.0
16,46,749.0,1242.0,493.0,-100.0,73.5,79.6
39,52,776.0,1242.0,466.0,-100.0,80.2,70.3
0,72,1044.0,1242.0,198.0,-100.1,32.4,34.9
12,75,1130.0,1242.0,112.0,-100.0,64.8,83.0
16,60,850.0,1243.0,393.0,-100.0,73.5,40.7
42,71,894.0,1243.0,349.0,-100.0,89.0,37.0
11,38,1095.0,1243.0,148.0,-100.0,66.3,48.9
20,77,1105.0,1243.0,138.0,-100.1,57.9,52.1
51,60,1153.0,1243.0,90.0,-100.0,84.8,40.7
7,65,1233.0,1243.0,10.0,-100.0,83.3,82.2
24,60,1042.0,1244.0,202.0,-100.0,51.7,40.7
29,59,1098.0,1244.0,146.0,-100.1,92.9,71.9
4,66,1144.0,1244.0,100.0,-100.0,91.9,84.7
7,22,1177.0,1244.0,67.0,-100.0,83.3,54.5
0,47,0.0,1245.0,1245.0,-100.0,32.4,34.7
2,13,986.0,1245.0,259.0,-100.0,35.7,88.8
3,47,1026.0,1245.0,219.0,-100.0,87.8,34.7
2,29,1142.0,1245.0,103.0,-100.0,35.7,92.9
64,76,796.0,1246.0,450.0,-100.0,65.3,75.7
45,74,816.0,1246.0,430.0,-100.0,35.4,58.1
15,56,969.0,1246.0,277.0,-100.0,55.7,46.5
0,9,1013.0,1246.0,233.0,-100.0,32.4,83.3
42,72,1099.0,1246.0,147.0,-100.1,89.0,34.9
23,61,1102.0,1246.0,144.0,-100.0,54.4,68.3
14,74,1166.0,1246.0,80.0,-100.0,61.1,58.1
48,79,1187.0,1246.0,59.0,-100.0,94.3,82.1
29,58,1203.0,1246.0,43.0,-100.0,92.9,35.4
56,59,1052.0,1247.0,195.0,-100.0,46.5,71.9
29,73,1222.0,1247.0,25.0,-100.0,92.9,74.8
39,55,725.0,1248.0,523.0,-100.0,80.2,95.0
44,74,1070.0,1248.0,178.0,-100.0,71.8,58.1
53,65,1196.0,1248.0,52.0,-100.0,83.5,82.2
24,43,915.0,1249.0,334.0,-100.0,51.7,38.0
29,34,1164.0,1249.0,85.0,-100.0,92.9,74.4
34,56,1071.0,1250.0,179.0,-100.0,74.4,46.5
32,67,1175.0,1250.0,75.0,-100.0,66.2,63.2
12,74,923.0,1251.0,328.0,-100.0,64.7,58.1
43,60,1004.0,1251.0,247.0,-100.0,38.0,40.7
39,65,1007.0,1251.0,244.0,-100.0,80.2,82.2
9,72,1036.0,1251.0,215.0,-100.1,83.3,34.9
12,43,1104.0,1251.0,147.0,-100.0,64.7,38.0
38,77,1123.0,1251.0,128.0,-100.0,48.9,52.1
14,65,1168.0,1251.0,83.0,-100.1,61.1,82.2
12,14,1178.0,1251.0,73.0,-100.1,64.7,61.1
14,76,1185.0,1251.0,66.0,-100.0,61.1,75.7
6,18,1002.0,1252.0,250.0,-100.0,84.9,38.5
44,79,1186.0,1252.0,66.0,-100.0,71.8,82.1
11,65,895.0,1253.0,358.0,-100.0,66.3,82.2
40,70,947.0,1253.0,306.0,-100.0,42.9,37.1
34,40,1092.0,1253.0,161.0,-100.0,74.4,42.9
3,78,1131.0,1253.0,122.0,-100.0,87.8,91.6
36,69,1192.0,1253.0,61.0,-100.0,66.0,93.9
37,44,1009.0,1254.0,245.0,-100.0,73.0,71.8
4,44,1066.0,1254.0,188.0,-100.0,91.9,71.8
17,39,1119.0,1254.0,135.0,-100.0,47.4,80.2
0,69,1124.0,1254.0,130.0,-100.0,32.4,93.9
1,58,1132.0,1255.0,123.0,-100.0,93.5,35.4
40,73,747.0,1256.0,509.0,-100.0,42.9,74.8
11,12,870.0,1256.0,386.0,-100.0,66.3,64.7
3,34,1004.0,1256.0,252.0,-100.0,87.8,74.4
12,48,1100.0,1256.0,156.0,-100.0,64.7,94.3
5,32,1064.0,1257.0,193.0,-100.0,97.3,66.2
61,65,1147.0,1257.0,110.0,-100.0,68.3,82.2
3,36,1166.0,1257.0,91.0,-100.0,87.8,66.0
47,69,1168.0,1257.0,89.0,-100.1,34.7,93.9
32,50,1180.0,1257.0,77.0,-100.1,66.2,95.9
11,76,980.0,1258.0,278.0,-100.0,66.3,75.7
45,71,1127.0,1258.0,131.0,-100.0,35.4,36.9
45,72,1174.0,1258.0,84.0,-100.0,35.4,34.9
35,69,1182.0,1258.0,76.0,-100.0,85.0,93.9
24,32,1192.0,1258.0,66.0,-100.2,51.7,66.2
69,70,1197.0,1258.0,61.0,-100.1,93.9,37.1
37,49,1035.0,1259.0,224.0,-100.0,73.0,38.4
39,73,1074.0,1259.0,185.0,-100.0,80.2,74.8
14,49,1195.0,1259.0,64.0,-100.0,61.1,38.4
5,67,740.0,1260.0,520.0,-100.0,97.3,63.2
10,40,951.0,1260.0,309.0,-100.0,38.2,42.9
55,59,1017.0,1260.0,243.0,-100.0,95.0,71.9
23,75,1092.0,1260.0,168.0,-100.0,54.4,82.9
20,43,1131.0,1260.0,129.0,-100.0,57.9,38.0
56,73,1154.0,1260.0,106.0,-100.0,46.5,74.8
3,55,848.0,1261.0,413.0,-100.0,87.8,95.0
29,52,1017.0,1261.0,244.0,-100.0,92.9,70.3
24,67,1059.0,1261.0,202.0,-100.0,51.7,63.2
14,34,1140.0,1261.0,121.0,-100.0,61.1,74.4
42,69,1152.0,1261.0,109.0,-100.1,89.0,93.9
18,77,1156.0,1261.0,105.0,-100.0,38.5,52.1
32,51,1189.0,1261.0,72.0,-100.0,66.2,84.8
34,39,811.0,1262.0,451.0,-100.1,74.4,80.2
44,64,1027.0,1262.0,235.0,-100.0,71.7,65.3
43,51,1129.0,1262.0,133.0,-100.0,38.0,84.8
7,10,1203.0,1262.0,59.0,-100.0,83.3,38.2
4,53,1105.0,1263.0,158.0,-100.0,91.9,83.5
15,48,1171.0,1263.0,92.0,-100.0,55.7,94.3
24,59,1220.0,1263.0,43.0,-100.1,51.7,71.9
14,73,1146.0,1264.0,118.0,-100.1,61.1,74.8
14,67,1185.0,1264.0,79.0,-100.0,61.1,63.2
7,75,1209.0,1264.0,55.0,-100.0,83.3,82.9
66,75,1240.0,1264.0,24.0,-100.0,84.7,82.9
30,58,665.0,1265.0,600.0,-100.0,62.4,35.4
64,75,1077.0,1265.0,188.0,-100.0,65.3,82.9
5,12,1128.0,1265.0,137.0,-100.0,97.3,64.7
5,59,1191.0,1265.0,74.0,-100.0,97.3,71.9
14,44,1199.0,1265.0,66.0,-100.0,61.1,71.7
4,61,1100.0,1266.0,166.0,-100.0,91.9,68.3
9,69,1112.0,1266.0,154.0,-100.0,83.3,93.9
14,52,1136.0,1266.0,130.0,-100.0,61.1,70.3
15,24,1211.0,1266.0,55.0,-100.1,55.7,51.7
6,14,1217.0,1266.0,49.0,-100.0,84.9,61.1
44,54,1090.0,1267.0,177.0,-100.0,71.7,84.4
9,42,1092.0,1267.0,175.0,-100.0,83.3,89.0
31,78,1098.0,1267.0,169.0,-100.0,51.7,91.6
43,64,1142.0,1267.0,125.0,-100.0,38.0,65.3
52,56,954.0,1268.0,314.0,-100.0,70.3,46.5
12,24,1099.0,1268.0,169.0,-100.0,64.7,51.7
11,44,1127.0,1268.0,141.0,-100.0,66.3,71.7
14,37,1174.0,1268.0,94.0,-100.0,61.1,73.0
23,38,923.0,1269.0,346.0,-99.9,54.4,48.9
14,15,982.0,1269.0,287.0,-100.0,61.1,55.7
3,45,1091.0,1269.0,178.0,-100.0,87.8,35.4
2,56,1181.0,1269.0,88.0,-100.0,35.7,46.5
31,34,1231.0,1269.0,38.0,-100.0,51.7,74.4
56,71,1254.0,1269.0,15.0,-100.0,46.5,36.9
6,38,643.0,1270.0,627.0,-100.0,84.9,48.9
3,70,717.0,1270.0,553.0,-100.0,87.8,37.1
24,50,1112.0,1270.0,158.0,-100.1,51.7,95.9
14,48,1193.0,1270.0,77.0,-100.2,61.1,94.2
15,20,1233.0,1270.0,37.0,-100.0,55.7,57.9
52,76,1112.0,1271.0,159.0,-100.0,70.3,75.7
45,69,1113.0,1271.0,158.0,-100.2,35.4,93.9
9,35,1178.0,1271.0,93.0,-100.0,83.3,85.0
5,50,1145.0,1272.0,127.0,-100.0,97.3,95.8
66,74,1234.0,1273.0,39.0,-100.0,84.7,58.0
26,47,767.0,1274.0,507.0,-100.0,76.7,34.6
54,75,1047.0,1274.0,227.0,-100.0,84.4,82.9
8,66,1024.0,1275.0,251.0,-100.0,73.7,84.7
44,65,1053.0,1275.0,222.0,-100.0,71.7,82.2
43,50,1122.0,1275.0,153.0,-100.1,38.0,95.8
48,67,1027.0,1276.0,249.0,-100.0,94.2,63.2
9,26,1041.0,1276.0,235.0,-100.0,83.3,76.7
3,9,1129.0,1276.0,147.0,-100.0,87.8,83.3
73,75,707.0,1277.0,570.0,-100.0,74.8,82.9
20,67,996.0,1277.0,281.0,-100.0,57.9,63.2
3,17,1060.0,1277.0,217.0,-100.0,87.8,47.4
16,32,1076.0,1277.0,201.0,-100.0,73.5,66.2
26,72,1082.0,1277.0,195.0,-100.0,76.7,34.9
5,15,1132.0,1277.0,145.0,-100.0,97.3,55.7
12,59,1207.0,1277.0,70.0,-100.0,64.7,71.9
65,72,1208.0,1277.0,69.0,-100.0,82.2,34.9
51,59,1212.0,1277.0,65.0,-100.1,84.8,71.9
15,32,1224.0,1277.0,53.0,-100.0,55.7,66.2
10,31,972.0,1278.0,306.0,-100.0,38.1,51.7
22,45,1080.0,1278.0,198.0,-100.0,54.4,35.4
27,41,1157.0,1278.0,121.0,-100.0,49.5,77.4
26,34,1217.0,1278.0,61.0,-100.0,76.7,74.4
48,72,1245.0,1278.0,33.0,-100.0,94.2,34.9
7,39,1164.0,1279.0,115.0,-100.0,83.3,80.2
32,49,1183.0,1279.0,96.0,-100.0,66.2,38.3
52,75,1070.0,1280.0,210.0,-100.0,70.3,82.9
1,2,1136.0,1280.0,144.0,-100.0,93.5,35.7
14,54,1181.0,1280.0,99.0,-100.0,61.1,84.4
37,59,1230.0,1280.0,50.0,-100.0,73.0,71.9
64,72,1253.0,1280.0,27.0,-100.0,65.3,34.9
24,49,1069.0,1281.0,212.0,-100.0,51.6,38.3
22,72,1161.0,1281.0,120.0,-100.0,54.4,34.9
40,75,1210.0,1281.0,71.0,-100.0,42.9,82.9
50,58,1243.0,1281.0,38.0,-100.0,95.8,35.4
3,63,1084.0,1282.0,198.0,-100.0,87.8,61.3
72,75,1209.0,1282.0,73.0,-100.1,34.9,82.9
38,79,610.0,1283.0,673.0,-100.0,48.9,82.1
25,55,1053.0,1284.0,231.0,-100.0,55.3,94.9
7,71,1113.0,1284.0,171.0,-100.0,83.3,36.9
14,64,1176.0,1284.0,108.0,-100.0,61.1,65.3
32,76,1190.0,1284.0,94.0,-100.1,66.2,75.7
10,58,1192.0,1284.0,92.0,-100.0,38.1,35.4
12,71,1249.0,1284.0,35.0,-100.0,64.7,36.9
55,68,926.0,1285.0,359.0,-100.0,94.9,70.7
40,55,980.0,1285.0,305.0,-100.0,42.9,94.9
43,67,1031.0,1285.0,254.0,-100.0,38.0,63.2
34,75,1064.0,1285.0,221.0,-100.0,74.4,82.9
7,68,1165.0,1285.0,120.0,-100.0,83.3,70.7
7,74,1212.0,1285.0,73.0,-100.0,83.3,58.0
10,55,905.0,1286.0,381.0,-100.0,38.1,94.9
42,47,944.0,1286.0,342.0,-100.0,89.0,34.6
35,47,1147.0,1286.0,139.0,-100.0,85.0,34.6
16,50,1164.0,1286.0,122.0,-100.0,73.5,95.8
52,55,1177.0,1286.0,109.0,-100.0,70.3,94.9
11,49,133.0,1287.0,1154.0,-100.0,66.2,38.3
2,25,863.0,1287.0,424.0,-100.0,35.6,55.3
6,61,1133.0,1287.0,154.0,-100.0,84.9,68.3
29,71,1246.0,1288.0,42.0,-100.0,92.9,36.9
22,54,649.0,1289.0,640.0,-100.0,54.4,84.4
16,59,1199.0,1289.0,90.0,-100.0,73.5,71.8
50,59,1212.0,1289.0,77.0,-100.0,95.8,71.8
22,73,856.0,1290.0,434.0,-100.0,54.4,74.8
54,72,1201.0,1290.0,89.0,-100.0,84.4,34.8
22,66,1205.0,1290.0,85.0,-100.0,54.4,84.7
44,48,1174.0,1291.0,117.0,-100.0,71.7,94.2
1,13,1107.0,1292.0,185.0,-100.0,93.4,88.7
14,23,1192.0,1292.0,100.0,-100.1,61.1,54.4
52,59,1195.0,1292.0,97.0,-100.0,70.3,71.8
65,69,1232.0,1292.0,60.0,-100.0,82.2,93.9
1,30,1073.0,1293.0,220.0,-100.0,93.4,62.4
12,16,1196.0,1293.0,97.0,-100.0,64.7,73.5
14,38,1245.0,1293.0,48.0,-100.0,61.1,48.9
48,69,1262.0,1293.0,31.0,-100.0,94.2,93.9
18,79,1034.0,1294.0,260.0,-100.0,38.5,82.1
12,64,1073.0,1294.0,221.0,-100.0,64.7,65.3
69,75,1225.0,1294.0,69.0,-100.2,93.9,82.9
39,45,982.0,1295.0,313.0,-100.0,80.1,35.4
24,76,1086.0,1295.0,209.0,-100.0,51.6,75.7
14,20,1205.0,1295.0,90.0,-100.0,61.1,57.9
34,59,1239.0,1295.0,56.0,-100.0,74.4,71.8
20,59,1258.0,1295.0,37.0,-100.0,57.9,71.8
50,76,1059.0,1296.0,237.0,-100.1,95.8,75.7
19,62,1105.0,1296.0,191.0,-100.0,62.2,68.8
65,73,1144.0,1296.0,152.0,-100.0,82.2,74.8
59,67,1206.0,1296.0,90.0,-100.0,71.8,63.2
59,76,1211.0,1296.0,85.0,-100.2,71.8,75.7
23,44,1060.0,1297.0,237.0,-100.0,54.3,71.7
10,29,1074.0,1297.0,223.0,-100.0,38.1,92.8
34,72,1193.0,1297.0,104.0,-100.0,74.4,34.8
71,72,1081.0,1298.0,217.0,-100.2,36.9,34.8
26,45,1163.0,1298.0,135.0,-100.0,76.7,35.4
16,24,1186.0,1298.0,112.0,-100.0,73.5,51.6
23,74,1038.0,1299.0,261.0,-100.0,54.3,58.0
15,37,1146.0,1299.0,153.0,-100.0,55.7,73.0
12,34,1207.0,1299.0,92.0,-100.0,64.7,74.4
59,73,1232.0,1299.0,67.0,-100.0,71.8,74.8
54,65,1129.0,1300.0,171.0,-100.0,84.4,82.2
7,40,1152.0,1300.0,148.0,-100.1,83.3,42.9
12,15,1158.0,1300.0,142.0,-100.0,64.7,55.7
15,51,1167.0,1300.0,133.0,-100.0,55.7,84.8
46,58,1178.0,1300.0,122.0,-100.1,79.5,35.4
39,72,1200.0,1300.0,100.0,-99.9,80.1,34.8
5,46,761.0,1301.0,540.0,-100.0,97.3,79.5
25,31,1030.0,1301.0,271.0,-99.9,55.3,51.7
37,75,1102.0,1301.0,199.0,-100.0,73.0,82.9
22,69,1108.0,1301.0,193.0,-100.1,54.4,93.9
26,69,1137.0,1301.0,164.0,-100.0,76.7,93.9
7,34,1165.0,1301.0,136.0,-100.0,83.3,74.4
7,17,1143.0,1302.0,159.0,-100.0,83.3,47.3
3,7,1145.0,1302.0,157.0,-100.0,87.7,83.3
49,59,1213.0,1302.0,89.0,-100.0,38.3,71.8
35,45,1215.0,1302.0,87.0,-100.1,85.0,35.4
41,57,1251.0,1302.0,51.0,-100.0,77.3,70.0
19,36,1012.0,1303.0,291.0,-99.9,62.1,66.0
6,44,1139.0,1303.0,164.0,-100.1,84.8,71.7
12,54,1196.0,1303.0,107.0,-100.0,64.7,84.4
20,61,1277.0,1303.0,26.0,-100.0,57.9,68.2
20,79,1159.0,1304.0,145.0,-100.0,57.9,82.1
7,64,1271.0,1304.0,33.0,-100.0,83.3,65.3
50,51,999.0,1305.0,306.0,-100.0,95.8,84.8
64,65,1008.0,1305.0,297.0,-100.0,65.3,82.2
23,65,1046.0,1305.0,259.0,-100.0,54.3,82.2
17,31,1109.0,1305.0,196.0,-100.1,47.3,51.7
8,41,1117.0,1305.0,188.0,-100.1,73.7,77.3
48,73,1209.0,1305.0,96.0,-100.0,94.2,74.7
7,37,1236.0,1305.0,69.0,-100.0,83.3,73.0
28,46,1253.0,1305.0,52.0,-100.0,95.1,79.5
12,76,917.0,1307.0,390.0,-100.0,64.7,75.7
19,70,961.0,1307.0,346.0,-100.0,62.1,37.1
52,72,1231.0,1307.0,76.0,-100.0,70.2,34.8
59,64,1236.0,1307.0,71.0,-100.0,71.8,65.3
6,75,1195.0,1308.0,113.0,-100.0,84.8,82.9
23,59,1257.0,1308.0,51.0,-100.0,54.3,71.8
34,65,391.0,1309.0,918.0,-100.0,74.4,82.2
43,76,1073.0,1309.0,236.0,-100.0,37.9,75.7
0,45,1118.0,1309.0,191.0,-100.0,32.3,35.3
48,54,1191.0,1309.0,118.0,-100.0,94.2,84.3
54,59,1248.0,1309.0,61.0,-100.0,84.3,71.8
17,40,998.0,1310.0,312.0,-99.9,47.3,42.9
40,71,1139.0,1310.0,171.0,-100.0,42.9,36.9
7,29,1200.0,1310.0,110.0,-100.0,83.3,92.8
15,50,1204.0,1310.0,106.0,-100.1,55.6,95.8
7,52,1215.0,1310.0,95.0,-100.0,83.3,70.2
3,75,1229.0,1310.0,81.0,-100.0,87.7,82.9
37,72,1229.0,1310.0,81.0,-100.0,73.0,34.8
14,18,1255.0,1310.0,55.0,-100.0,61.1,38.5
12,52,1143.0,1311.0,168.0,-100.0,64.7,70.2
42,45,1158.0,1311.0,153.0,-100.0,88.9,35.3
31,63,1209.0,1311.0,102.0,-99.9,51.7,61.3
16,43,940.0,1312.0,372.0,-100.0,73.5,37.9
11,48,1079.0,1312.0,233.0,-100.0,66.2,94.2
69,71,1135.0,1312.0,177.0,-100.0,93.9,36.9
39,69,1213.0,1312.0,99.0,-100.0,80.1,93.9
1,72,1296.0,1312.0,16.0,-100.0,93.4,34.8
29,55,1031.0,1313.0,282.0,-100.0,92.8,94.9
22,34,1075.0,1313.0,238.0,-100.0,54.4,74.4
34,69,1221.0,1313.0,92.0,-100.0,74.4,93.9
24,55,1257.0,1313.0,56.0,-100.0,51.6,94.9
49,50,1091.0,1314.0,223.0,-100.0,38.3,95.8
8,53,1187.0,1314.0,127.0,-100.0,73.7,83.5
65,66,1218.0,1314.0,96.0,-100.0,82.2,84.6
50,55,1241.0,1314.0,73.0,-100.1,95.8,94.9
37,66,1263.0,1314.0,51.0,-100.0,73.0,84.6
33,41,1148.0,1315.0,167.0,-100.0,88.1,77.3
17,58,1240.0,1315.0,75.0,-100.0,47.3,35.3
21,59,1285.0,1315.0,30.0,-100.0,45.0,71.8
2,28,1115.0,1316.0,201.0,-100.0,35.6,95.1
7,31,1195.0,1316.0,121.0,-100.0,83.2,51.7
72,73,1195.0,1316.0,121.0,-100.0,34.8,74.7
72,74,1207.0,1316.0,109.0,-100.0,34.8,58.0
7,50,1252.0,1316.0,64.0,-100.1,83.2,95.8
10,56,981.0,1317.0,336.0,-100.0,38.1,46.4
39,71,1127.0,1317.0,190.0,-100.0,80.1,36.9
54,74,1134.0,1317.0,183.0,-100.0,84.3,58.0
48,64,1138.0,1317.0,179.0,-100.0,94.2,65.3
33,53,1242.0,1317.0,75.0,-100.0,88.1,83.5
31,55,502.0,1318.0,816.0,-100.0,51.7,94.9
16,51,1178.0,1318.0,140.0,-100.0,73.5,84.7
57,77,1187.0,1318.0,131.0,-100.0,70.0,52.0
11,43,1061.0,1319.0,258.0,-100.0,66.2,37.9
4,27,1224.0,1319.0,95.0,-100.0,91.9,49.5
17,55,1072.0,1320.0,248.0,-100.0,47.3,94.9
12,73,1196.0,1320.0,124.0,-100.0,64.7,74.7
11,59,1241.0,1320.0,79.0,-100.0,66.2,71.8
50,72,1264.0,1320.0,56.0,-100.0,95.8,34.8
16,67,751.0,1321.0,570.0,-100.0,73.4,63.1
34,74,918.0,1321.0,403.0,-100.0,74.4,58.0
34,48,1216.0,1321.0,105.0,-100.0,74.4,94.2
24,58,1239.0,1321.0,82.0,-100.0,51.6,35.3
68,72,1247.0,1321.0,74.0,-100.0,70.6,34.8
68,69,1259.0,1321.0,62.0,-100.0,70.6,93.9
64,69,1283.0,1321.0,38.0,-100.0,65.3,93.9
67,76,1084.0,1322.0,238.0,-100.0,63.1,75.7
48,66,1241.0,1322.0,81.0,-100.1,94.2,84.6
55,73,1271.0,1322.0,51.0,-100.0,94.9,74.7
54,71,960.0,1323.0,363.0,-100.0,84.3,36.9
12,37,1051.0,1323.0,272.0,-100.0,64.7,73.0
49,52,1144.0,1323.0,179.0,-100.0,38.3,70.2
2,10,1156.0,1324.0,168.0,-100.0,35.6,38.1
51,76,1062.0,1325.0,263.0,-100.1,84.7,75.7
5,51,1160.0,1325.0,165.0,-100.0,97.2,84.7
15,59,1186.0,1325.0,139.0,-100.1,55.6,71.8
52,69,1254.0,1325.0,71.0,-100.0,70.2,93.9
22,39,1013.0,1326.0,313.0,-100.0,54.4,80.1
40,72,1219.0,1326.0,107.0,-100.0,42.8,34.8
25,72,1289.0,1326.0,37.0,-100.0,55.2,34.8
43,49,1050.0,1327.0,277.0,-100.0,37.9,38.3
74,75,1101.0,1327.0,226.0,-100.1,58.0,82.9
24,51,1128.0,1327.0,199.0,-100.0,51.6,84.7
23,48,1151.0,1327.0,176.0,-100.0,54.3,94.2
18,41,1237.0,1327.0,90.0,-100.0,38.5,77.3
50,56,1253.0,1327.0,74.0,-100.0,95.8,46.4
38,41,1241.0,1328.0,87.0,-100.1,48.8,77.3
52,65,469.0,1329.0,860.0,-100.0,70.2,82.1
64,74,1020.0,1329.0,309.0,-100.0,65.3,58.0
12,50,1048.0,1329.0,281.0,-100.0,64.7,95.8
49,51,1113.0,1329.0,216.0,-100.0,38.3,84.7
7,73,1166.0,1329.0,163.0,-100.0,83.2,74.7
14,57,1263.0,1329.0,66.0,-100.1,61.1,70.0
26,42,712.0,1330.0,618.0,-100.0,76.7,88.9
15,52,941.0,1330.0,389.0,-100.0,55.6,70.2
1,10,1125.0,1330.0,205.0,-100.0,93.4,38.1
18,20,1152.0,1330.0,178.0,-100.0,38.5,57.9
4,8,1183.0,1330.0,147.0,-100.0,91.9,73.6
3,72,1211.0,1330.0,119.0,-100.0,87.7,34.8
41,44,1251.0,1330.0,79.0,-100.1,77.3,71.7
50,69,1274.0,1330.0,56.0,-100.2,95.8,93.9
12,49,886.0,1331.0,445.0,-100.0,64.7,38.3
23,79,1074.0,1331.0,257.0,-100.0,54.3,82.0
37,69,1252.0,1331.0,79.0,-100.0,73.0,93.9
39,56,972.0,1332.0,360.0,-100.0,80.1,46.4
17,29,1144.0,1332.0,188.0,-100.0,47.3,92.8
7,56,1190.0,1332.0,142.0,-100.0,83.2,46.4
31,72,1239.0,1332.0,93.0,-100.0,51.7,34.8
35,39,1291.0,1333.0,42.0,-100.0,85.0,80.1
39,75,1042.0,1334.0,292.0,-100.0,80.1,82.9
9,45,1087.0,1335.0,248.0,-100.0,83.2,35.3
35,42,1137.0,1335.0,198.0,-100.1,85.0,88.9
5,24,1187.0,1335.0,148.0,-100.1,97.2,51.6
69,73,1236.0,1335.0,99.0,-100.0,93.9,74.7
29,72,1241.0,1335.0,94.0,-100.1,92.8,34.8
2,30,654.0,1336.0,682.0,-100.0,35.6,62.3
73,74,1148.0,1336.0,188.0,-100.0,74.7,58.0
34,49,1281.0,1336.0,55.0,-100.0,74.3,38.3
51,67,1131.0,1337.0,206.0,-100.0,84.7,63.1
9,75,1291.0,1337.0,46.0,-100.0,83.2,82.9
65,74,927.0,1338.0,411.0,-100.0,82.1,58.0
20,38,1119.0,1338.0,219.0,-100.0,57.8,48.8
69,74,1227.0,1338.0,111.0,-100.1,93.8,58.0
41,61,1244.0,1338.0,94.0,-100.0,77.3,68.2
54,69,1266.0,1338.0,72.0,-100.0,84.3,93.8
48,74,1093.0,1339.0,246.0,-100.0,94.2,58.0
48,52,1124.0,1339.0,215.0,-100.0,94.2,70.2
1,17,1190.0,1339.0,149.0,-100.0,93.4,47.3
15,67,1158.0,1340.0,182.0,-100.1,55.6,63.1
40,69,1229.0,1340.0,111.0,-100.0,42.8,93.8
7,12,1233.0,1340.0,107.0,-100.0,83.2,64.7
50,54,1256.0,1340.0,84.0,-100.1,95.8,84.3
31,68,901.0,1341.0,440.0,-100.0,51.6,70.6
17,78,1043.0,1341.0,298.0,-100.0,47.3,91.5
56,58,1227.0,1341.0,114.0,-100.0,46.4,35.3
35,75,1255.0,1341.0,86.0,-100.0,85.0,82.9
7,51,1265.0,1341.0,76.0,-100.1,83.2,84.7
28,30,1098.0,1342.0,244.0,-100.0,95.1,62.3
15,23,1223.0,1342.0,119.0,-100.0,55.6,54.3
18,53,1238.0,1342.0,104.0,-100.0,38.4,83.4
7,67,1248.0,1343.0,95.0,-100.0,83.2,63.1
7,54,1259.0,1343.0,84.0,-100.0,83.2,84.3
28,72,1302.0,1343.0,41.0,-100.1,95.1,34.8
20,54,1203.0,1344.0,141.0,-100.0,57.8,84.3
54,66,1206.0,1344.0,138.0,-100.0,84.3,84.6
67,72,1262.0,1344.0,82.0,-100.1,63.1,34.8
31,69,1249.0,1345.0,96.0,-100.0,51.6,93.8
11,50,1253.0,1346.0,93.0,-100.0,66.2,95.8
2,51,1266.0,1346.0,80.0,-100.1,35.6,84.7
51,58,1242.0,1347.0,105.0,-100.0,84.7,35.3
27,61,1293.0,1347.0,54.0,-100.0,49.4,68.2
32,59,1217.0,1348.0,131.0,-100.1,66.1,71.8
26,75,1224.0,1348.0,124.0,-100.0,76.7,82.9
10,28,1242.0,1348.0,106.0,-100.1,38.1,95.1
34,50,1255.0,1348.0,93.0,-100.0,74.3,95.8
52,74,1037.0,1349.0,312.0,-100.0,70.2,58.0
71,75,1189.0,1349.0,160.0,-100.0,36.8,82.9
11,15,1190.0,1349.0,159.0,-100.0,66.2,55.6
3,69,1213.0,1349.0,136.0,-100.0,87.7,93.8
29,69,1253.0,1349.0,96.0,-100.1,92.8,93.8
41,48,1292.0,1349.0,57.0,-100.1,77.3,94.2
14,66,1316.0,1349.0,33.0,-100.0,61.0,84.6
34,71,1131.0,1350.0,219.0,-100.0,74.3,36.8
51,55,1252.0,1350.0,98.0,-100.1,84.7,94.9
12,58,1255.0,1350.0,95.0,-100.0,64.6,35.3
0,35,1176.0,1351.0,175.0,-100.0,32.3,85.0
38,53,1236.0,1351.0,115.0,-100.0,48.8,83.4
3,68,855.0,1352.0,497.0,-100.0,87.7,70.6
12,55,1224.0,1353.0,129.0,-100.0,64.6,94.9
44,57,1274.0,1353.0,79.0,-100.0,71.7,70.0
28,69,1314.0,1353.0,39.0,-100.1,95.1,93.8
5,49,917.0,1354.0,437.0,-100.0,97.2,38.3
55,56,958.0,1354.0,396.0,-100.0,94.9,46.4
11,79,1171.0,1354.0,183.0,-100.0,66.2,82.0
14,59,1215.0,1354.0,139.0,-100.2,61.0,71.8
41,65,1301.0,1354.0,53.0,-100.0,77.3,82.1
6,48,1197.0,1355.0,158.0,-100.0,84.8,94.2
2,46,1211.0,1355.0,144.0,-100.0,35.6,79.4
1,63,1228.0,1355.0,127.0,-100.0,93.4,61.3
2,24,1257.0,1355.0,98.0,-100.0,35.6,51.6
31,51,1292.0,1355.0,63.0,-99.9,51.6,84.7
4,79,1334.0,1355.0,21.0,-100.0,91.8,82.0
10,68,874.0,1356.0,482.0,-100.0,38.1,70.6
38,57,1049.0,1356.0,307.0,-100.0,48.8,69.9
6,65,1161.0,1356.0,195.0,-100.0,84.8,82.1
4,38,1209.0,1356.0,147.0,-100.1,91.8,48.8
6,74,1168.0,1357.0,189.0,-100.0,84.8,57.9
29,78,1215.0,1357.0,142.0,-100.0,92.8,91.5
19,63,858.0,1358.0,500.0,-100.0,62.1,61.3
9,47,1065.0,1358.0,293.0,-100.0,83.2,34.6
10,78,1128.0,1358.0,230.0,-100.0,38.1,91.5
40,63,1213.0,1358.0,145.0,-100.0,42.8,61.3
56,72,1242.0,1358.0,116.0,-100.0,46.4,34.8
67,69,1276.0,1358.0,82.0,-100.1,63.1,93.8
51,72,1282.0,1358.0,76.0,-100.0,84.7,34.8
59,77,1282.0,1358.0,76.0,-100.0,71.8,52.0
22,75,1184.0,1359.0,175.0,-100.0,54.4,82.8
4,33,1201.0,1359.0,158.0,-100.0,91.8,88.0
12,72,1250.0,1359.0,109.0,-100.0,64.6,34.8
41,66,1258.0,1360.0,102.0,-100.1,77.3,84.6
61,66,1061.0,1361.0,300.0,-100.0,68.2,84.6
55,67,1240.0,1361.0,121.0,-100.0,94.9,63.1
13,28,1030.0,1362.0,332.0,-100.0,88.7,95.1
15,34,1037.0,1362.0,325.0,-99.9,55.6,74.3
0,50,1341.0,1362.0,21.0,-100.1,32.3,95.8
37,48,1111.0,1363.0,252.0,-100.0,72.9,94.2
71,74,1181.0,1363.0,182.0,-100.0,36.8,57.9
43,59,1227.0,1363.0,136.0,-100.0,37.9,71.8
38,66,1235.0,1363.0,128.0,-100.0,48.8,84.6
17,28,1254.0,1363.0,109.0,-100.0,47.3,95.1
35,48,1281.0,1363.0,82.0,-100.1,84.9,94.2
57,79,926.0,1364.0,438.0,-100.0,69.9,82.0
4,18,1202.0,1364.0,162.0,-100.1,91.8,38.4
4,57,1280.0,1364.0,84.0,-100.1,91.8,69.9
15,73,1120.0,1365.0,245.0,-100.0,55.6,74.7
51,69,1293.0,1365.0,72.0,-100.1,84.7,93.8
15,76,1149.0,1366.0,217.0,-100.0,55.6,75.6
35,65,1265.0,1366.0,101.0,-100.0,84.9,82.1
4,61,1278.0,1366.0,88.0,-100.0,91.8,68.2
48,50,1279.0,1366.0,87.0,-100.1,94.1,95.8
63,78,1096.0,1367.0,271.0,-100.0,61.3,91.5
15,64,1148.0,1367.0,219.0,-100.0,55.6,65.2
48,53,1281.0,1367.0,86.0,-100.0,94.1,83.4
33,61,1229.0,1368.0,139.0,-100.0,88.0,68.2
50,65,1300.0,1368.0,68.0,-100.1,95.8,82.1
3,39,565.0,1369.0,804.0,-100.0,87.7,80.1
8,61,1179.0,1369.0,190.0,-100.0,73.6,68.2
64,71,1224.0,1369.0,145.0,-100.0,65.2,36.8
49,73,1253.0,1369.0,116.0,-100.0,38.2,74.7
34,50,1350.0,1369.0,19.0,-100.0,74.3,95.8
29,63,1235.0,1370.0,135.0,-100.0,92.8,61.2
4,44,1283.0,1370.0,87.0,-100.0,91.8,71.6
12,67,1081.0,1371.0,290.0,-100.0,64.6,63.1
37,54,1137.0,1371.0,234.0,-100.0,72.9,84.3
26,39,1226.0,1371.0,145.0,-100.0,76.6,80.1
3,71,1122.0,1372.0,250.0,-100.0,87.7,36.8
18,61,1208.0,1372.0,164.0,-100.0,38.4,68.2
13,72,1348.0,1372.0,24.0,-100.0,88.7,34.8
3,73,1357.0,1372.0,15.0,-99.9,87.7,74.7
14,79,1233.0,1373.0,140.0,-100.0,61.0,82.0
58,67,1287.0,1373.0,86.0,-100.0,35.3,63.1
14,52,1330.0,1373.0,43.0,-100.0,61.0,70.2
20,26,1343.0,1373.0,30.0,-100.0,57.8,76.6
49,67,824.0,1374.0,550.0,-100.0,38.2,63.1
11,14,1195.0,1374.0,179.0,-100.0,66.1,61.0
14,43,1200.0,1374.0,174.0,-100.1,61.0,37.9
20,41,1277.0,1374.0,97.0,-100.0,57.8,77.3
20,50,1290.0,1374.0,84.0,-100.0,57.8,95.7
7,15,1246.0,1375.0,129.0,-100.0,83.2,55.6
26,48,1265.0,1375.0,110.0,-100.0,76.6,94.1
17,68,1027.0,1376.0,349.0,-100.0,47.3,70.6
14,34,1316.0,1376.0,60.0,-100.1,61.0,74.3
66,79,1343.0,1376.0,33.0,-100.0,84.6,82.0
5,16,379.0,1377.0,998.0,-99.9,97.2,73.4
71,73,671.0,1377.0,706.0,-100.0,36.8,74.7
12,31,1235.0,1377.0,142.0,-100.0,64.6,51.6
11,77,1281.0,1377.0,96.0,-100.0,66.1,52.0
3,51,1318.0,1377.0,59.0,-100.0,87.7,84.7
34,37,1183.0,1378.0,195.0,-100.0,74.3,72.9
26,65,1230.0,1378.0,148.0,-100.0,76.6,82.1
34,67,1232.0,1378.0,146.0,-100.0,74.3,63.1
28,63,1262.0,1378.0,116.0,-100.0,95.0,61.2
10,51,1312.0,1378.0,66.0,-100.0,38.0,84.7
21,77,1338.0,1378.0,40.0,-100.0,44.9,52.0
1,25,1125.0,1379.0,254.0,-100.0,93.4,55.2
31,39,1173.0,1379.0,206.0,-99.9,51.6,80.1
9,62,1196.0,1379.0,183.0,-100.0,83.1,68.7
37,65,902.0,1380.0,478.0,-100.0,72.9,82.1
59,79,1274.0,1380.0,106.0,-100.1,71.8,82.0
1,3,1298.0,1380.0,82.0,-100.0,93.4,87.7
34,79,1328.0,1380.0,52.0,-100.0,74.3,82.0
2,58,520.0,1381.0,861.0,-100.0,35.6,35.3
20,48,1093.0,1381.0,288.0,-100.0,57.8,94.1
7,69,1211.0,1381.0,170.0,-100.0,83.2,93.8
5,58,1213.0,1381.0,168.0,-100.0,97.2,35.3
34,41,1303.0,1381.0,78.0,-100.1,74.3,77.3
14,23,1307.0,1381.0,74.0,-100.0,61.0,54.3
63,72,1292.0,1382.0,90.0,-100.0,61.2,34.8
16,69,1326.0,1382.0,56.0,-100.0,73.4,93.8
6,14,1364.0,1382.0,18.0,-100.0,84.8,61.0
2,13,1262.0,1383.0,121.0,-100.0,35.6,88.6
41,71,1312.0,1383.0,71.0,-100.0,77.3,36.8
34,77,1317.0,1383.0,66.0,-100.1,74.3,52.0
1,31,1247.0,1384.0,137.0,-100.0,93.4,51.6
33,66,1278.0,1384.0,106.0,-100.0,88.0,84.6
20,35,1317.0,1384.0,67.0,-100.0,57.8,84.9
20,64,1142.0,1385.0,243.0,-100.0,57.8,65.2
23,71,1242.0,1385.0,143.0,-100.0,54.3,36.8
17,72,1275.0,1385.0,110.0,-100.0,47.3,34.8
49,72,1292.0,1386.0,94.0,-100.0,38.2,34.8
49,69,1302.0,1386.0,84.0,-100.0,38.2,93.8
39,68,930.0,1387.0,457.0,-100.0,80.1,70.6
45,70,1130.0,1387.0,257.0,-100.0,35.3,37.0
22,74,1161.0,1387.0,226.0,-100.0,54.3,57.9
50,71,1272.0,1387.0,115.0,-100.1,95.7,36.8
14,73,1323.0,1387.0,64.0,-100.1,61.0,74.7
35,40,1338.0,1388.0,50.0,-100.0,84.9,42.8
22,42,1080.0,1389.0,309.0,-100.0,54.3,88.9
18,66,1248.0,1389.0,141.0,-100.0,38.4,84.6
19,31,1309.0,1389.0,80.0,-100.0,62.1,51.6
4,59,1337.0,1389.0,52.0,-100.0,91.8,71.7
28,78,1273.0,1390.0,117.0,-100.0,95.0,91.5
53,65,1280.0,1390.0,110.0,-100.0,83.4,82.1
58,72,1289.0,1390.0,101.0,-100.0,35.3,34.7
1,56,1246.0,1391.0,145.0,-100.0,93.3,46.3
11,41,1294.0,1391.0,97.0,-100.1,66.1,77.2
58,69,1304.0,1391.0,87.0,-100.1,35.3,93.8
25,28,1245.0,1392.0,147.0,-100.0,55.2,95.0
7,77,1365.0,1392.0,27.0,-100.0,83.2,52.0
35,71,1271.0,1393.0,122.0,-100.1,84.9,36.8
25,29,1024.0,1394.0,370.0,-100.0,55.2,92.7
63,68,1076.0,1394.0,318.0,-100.0,61.2,70.6
43,77,1277.0,1394.0,117.0,-100.0,37.9,52.0
55,69,1276.0,1395.0,119.0,-100.2,94.8,93.8
23,41,1288.0,1395.0,107.0,-100.1,54.3,77.2
14,15,1314.0,1395.0,81.0,-100.0,61.0,55.6
38,61,1214.0,1396.0,182.0,-100.0,48.8,68.1
41,52,1307.0,1396.0,89.0,-100.0,77.2,70.2
41,73,1315.0,1396.0,81.0,-100.1,77.2,74.7
41,53,1245.0,1397.0,152.0,-100.0,77.2,83.4
4,20,1319.0,1397.0,78.0,-100.1,91.8,57.8
14,67,1347.0,1397.0,50.0,-100.0,61.0,63.1
4,71,1367.0,1397.0,30.0,-100.0,91.8,36.8
41,58,1384.0,1397.0,13.0,-100.0,77.2,35.3
17,51,1287.0,1398.0,111.0,-100.0,47.3,84.7
22,41,1316.0,1398.0,82.0,-100.0,54.3,77.2
34,35,1332.0,1398.0,66.0,-100.1,74.3,84.9
10,63,1211.0,1399.0,188.0,-100.0,38.0,61.2
29,39,1114.0,1400.0,286.0,-99.9,92.7,80.0
10,13,1263.0,1400.0,137.0,-100.1,38.0,88.6
14,64,1316.0,1400.0,84.0,-100.0,61.0,65.2
5,69,1338.0,1400.0,62.0,-99.9,97.2,93.8
7,14,1355.0,1400.0,45.0,-100.1,83.2,61.0
76,77,1376.0,1400.0,24.0,-100.0,75.6,52.0
22,50,1296.0,1401.0,105.0,-100.1,54.3,95.7
51,63,1305.0,1401.0,96.0,-100.1,84.7,61.2
41,54,1307.0,1401.0,94.0,-100.0,77.2,84.3
69,76,1322.0,1401.0,79.0,-100.1,93.8,75.6
2,69,1331.0,1401.0,70.0,-100.0,35.5,93.8
11,50,1351.0,1401.0,50.0,-100.0,66.1,95.7
3,12,1271.0,1402.0,131.0,-100.0,87.6,64.6
57,66,1313.0,1402.0,89.0,-100.0,69.9,84.5
32,43,1181.0,1403.0,222.0,-100.1,66.1,37.8
54,67,1229.0,1403.0,174.0,-100.0,84.3,63.0
31,73,1240.0,1403.0,163.0,-100.0,51.6,74.6
50,73,1248.0,1403.0,155.0,-100.0,95.7,74.6
1,12,1308.0,1403.0,95.0,-100.0,93.3,64.6
6,20,1198.0,1404.0,206.0,-100.0,84.7,57.8
50,52,1231.0,1404.0,173.0,-100.1,95.7,70.2
28,68,1280.0,1404.0,124.0,-100.0,95.0,70.6
22,48,1240.0,1405.0,165.0,-100.0,54.3,94.1
35,49,1394.0,1405.0,11.0,-100.0,84.9,38.2
52,54,1182.0,1406.0,224.0,-100.0,70.2,84.3
29,51,1292.0,1406.0,114.0,-100.0,92.7,84.7
28,51,1301.0,1406.0,105.0,-100.1,95.0,84.7
31,56,915.0,1407.0,492.0,-100.0,51.6,46.3
47,70,1030.0,1407.0,377.0,-100.0,34.5,37.0
34,54,1094.0,1407.0,313.0,-100.0,74.3,84.3
9,36,1149.0,1407.0,258.0,-100.0,83.1,65.9
6,71,1231.0,1407.0,176.0,-100.0,84.7,36.8
42,75,1248.0,1407.0,159.0,-100.0,88.8,82.8
1,78,1203.0,1408.0,205.0,-100.0,93.3,91.5
1,68,1239.0,1408.0,169.0,-100.0,93.3,70.6
20,34,1241.0,1408.0,167.0,-100.0,57.8,74.3
4,34,1334.0,1408.0,74.0,-100.0,91.8,74.3
9,31,1332.0,1409.0,77.0,-100.0,83.1,51.6
29,68,1068.0,1410.0,342.0,-100.0,92.7,70.6
23,50,1271.0,1410.0,139.0,-100.0,54.2,95.7
10,17,1058.0,1411.0,353.0,-100.0,38.0,47.2
21,32,1220.0,1411.0,191.0,-100.0,44.9,66.1
41,64,1302.0,1411.0,109.0,-100.0,77.2,65.2
13,51,1325.0,1411.0,86.0,-100.1,88.6,84.6
50,53,1333.0,1411.0,78.0,-100.0,95.7,83.4
20,23,1144.0,1412.0,268.0,-100.0,57.8,54.2
77,79,1158.0,1412.0,254.0,-100.0,51.9,82.0
32,60,1163.0,1412.0,249.0,-100.0,66.1,40.6
3,52,1301.0,1412.0,111.0,-100.0,87.6,70.1
35,66,1389.0,1412.0,23.0,-100.0,84.9,84.5
67,71,1268.0,1413.0,145.0,-100.0,63.0,36.8
32,79,1296.0,1413.0,117.0,-100.0,66.1,82.0
26,71,624.0,1414.0,790.0,-100.0,76.6,36.8
10,25,1085.0,1414.0,329.0,-100.0,38.0,55.1
12,28,1305.0,1414.0,109.0,-100.1,64.6,95.0
1,51,1321.0,1414.0,93.0,-100.0,93.3,84.6
7,14,1410.0,1414.0,4.0,-100.0,83.1,61.0
37,73,1163.0,1415.0,252.0,-100.0,72.9,74.6
20,73,1235.0,1415.0,180.0,-100.0,57.8,74.6
20,66,1252.0,1415.0,163.0,-100.0,57.8,84.5
16,72,1317.0,1415.0,98.0,-100.0,73.4,34.7
57,59,1317.0,1415.0,98.0,-100.1,69.9,71.7
11,54,1190.0,1416.0,226.0,-100.0,66.1,84.2
28,50,1368.0,1416.0,48.0,-100.0,95.0,95.7
35,58,1393.0,1416.0,23.0,-100.0,84.9,35.2
35,73,1331.0,1417.0,86.0,-100.0,84.9,74.6
29,69,1393.0,1417.0,24.0,-100.0,92.7,93.8
14,54,1315.0,1418.0,103.0,-100.1,61.0,84.2
20,37,1092.0,1419.0,327.0,-100.0,57.8,72.9
7,72,1198.0,1419.0,221.0,-100.0,83.1,34.7
6,41,1281.0,1419.0,138.0,-100.1,84.7,77.2
35,52,1311.0,1419.0,108.0,-100.0,84.9,70.1
8,44,1231.0,1420.0,189.0,-100.0,73.6,71.6
19,39,1260.0,1420.0,160.0,-100.0,62.0,80.0
3,9,1296.0,1420.0,124.0,-100.0,87.6,83.1
15,77,1305.0,1421.0,116.0,-100.0,55.5,51.9
3,14,1389.0,1421.0,32.0,-100.0,87.6,61.0
1,29,1245.0,1422.0,177.0,-100.0,93.3,92.7
14,77,1259.0,1422.0,163.0,-100.1,61.0,51.9
31,50,1264.0,1422.0,158.0,-100.1,51.6,95.7
31,74,1268.0,1422.0,154.0,-100.1,51.6,57.9
31,41,1343.0,1422.0,79.0,-100.1,51.6,77.2
4,73,1345.0,1422.0,77.0,-100.1,91.8,74.6
4,49,1401.0,1422.0,21.0,-100.0,91.8,38.2
11,35,1340.0,1423.0,83.0,-100.0,66.1,84.9
4,52,1341.0,1423.0,82.0,-100.0,91.8,70.1
50,69,1403.0,1423.0,20.0,-100.0,95.7,93.8
67,73,1221.0,1424.0,203.0,-100.0,63.0,74.6
1,19,1280.0,1424.0,144.0,-100.0,93.3,62.0
39,47,1351.0,1424.0,73.0,-100.0,80.0,34.5
35,54,1352.0,1424.0,72.0,-100.0,84.9,84.2
4,58,1398.0,1424.0,26.0,-100.0,91.8,35.2
37,50,1248.0,1425.0,177.0,-100.1,72.9,95.7
40,50,1291.0,1425.0,134.0,-100.0,42.7,95.7
37,41,1309.0,1425.0,116.0,-100.0,72.9,77.2
14,58,1351.0,1425.0,74.0,-100.0,61.0,35.2
18,44,1176.0,1426.0,250.0,-100.0,38.4,71.6
4,66,1301.0,1426.0,125.0,-100.0,91.8,84.5
15,32,1332.0,1426.0,94.0,-100.1,55.5,66.1
4,22,1379.0,1426.0,47.0,-100.0,91.8,54.3
53,59,1384.0,1426.0,42.0,-100.0,83.4,71.7
12,17,1276.0,1427.0,151.0,-99.9,64.6,47.2
50,74,1277.0,1427.0,150.0,-100.0,95.7,57.9
4,11,1326.0,1427.0,101.0,-100.1,91.8,66.1
28,41,1375.0,1427.0,52.0,-100.1,95.0,77.2
26,52,1298.0,1428.0,130.0,-100.0,76.6,70.1
23,35,1329.0,1428.0,99.0,-100.0,54.2,84.9
13,68,1338.0,1428.0,90.0,-100.0,88.6,70.5
14,16,1342.0,1428.0,86.0,-100.0,61.0,73.3
6,34,1223.0,1429.0,206.0,-100.0,84.7,74.3
22,35,1239.0,1429.0,190.0,-100.0,54.3,84.9
5,7,1293.0,1429.0,136.0,-100.0,97.1,83.1
4,54,1352.0,1429.0,77.0,-100.1,91.8,84.2
37,74,1009.0,1430.0,421.0,-99.9,72.9,57.9
28,56,1285.0,1430.0,145.0,-100.1,95.0,46.3
10,24,1300.0,1430.0,130.0,-100.1,38.0,51.5
34,53,1327.0,1430.0,103.0,-100.0,74.3,83.4
4,23,1328.0,1430.0,102.0,-100.0,91.8,54.2
55,77,1359.0,1430.0,71.0,-100.0,94.8,51.9
23,59,1369.0,1430.0,61.0,-100.0,54.2,71.7
49,72,1399.0,1430.0,31.0,-100.0,38.2,34.7
12,29,1219.0,1431.0,212.0,-100.0,64.6,92.7
45,62,1246.0,1431.0,185.0,-100.0,35.2,68.6
33,44,1234.0,1432.0,198.0,-100.0,88.0,71.6
55,72,1253.0,1432.0,179.0,-100.1,94.8,34.7
59,66,1340.0,1432.0,92.0,-100.0,71.7,84.5
2,63,1351.0,1433.0,82.0,-100.0,35.5,61.2
14,55,1352.0,1433.0,81.0,-100.1,61.0,94.8
41,67,1329.0,1434.0,105.0,-100.1,77.2,63.0
14,49,1334.0,1434.0,100.0,-100.1,61.0,38.2
54,73,1008.0,1435.0,427.0,-100.0,84.2,74.6
50,67,1112.0,1435.0,323.0,-100.1,95.7,63.0
50,64,1246.0,1435.0,189.0,-100.0,95.7,65.1
0,26,621.0,1436.0,815.0,-100.0,32.2,76.6
20,53,1280.0,1436.0,156.0,-100.0,57.7,83.3
19,28,1314.0,1437.0,123.0,-100.0,62.0,95.0
1,74,1335.0,1437.0,102.0,-100.1,93.3,57.9
17,24,1296.0,1438.0,142.0,-100.0,47.2,51.5
27,44,1305.0,1438.0,133.0,-100.0,49.3,71.6
38,44,1171.0,1439.0,268.0,-100.0,48.7,71.6
32,64,1410.0,1439.0,29.0,-100.0,66.0,65.1
14,35,1378.0,1440.0,62.0,-100.0,61.0,84.9
4,28,1407.0,1440.0,33.0,-100.1,91.7,95.0
53,61,939.0,1441.0,502.0,-100.0,83.3,68.1
26,41,1332.0,1441.0,109.0,-100.0,76.6,77.2
2,72,1310.0,1442.0,132.0,-100.1,35.5,34.7
13,30,1027.0,1443.0,416.0,-100.0,88.6,62.2
49,64,1147.0,1443.0,296.0,-100.0,38.2,65.1
1,9,1326.0,1443.0,117.0,-100.1,93.3,83.1
4,64,1343.0,1443.0,100.0,-100.1,91.7,65.1
9,28,1349.0,1443.0,94.0,-100.1,83.1,95.0
26,50,1301.0,1444.0,143.0,-100.1,76.6,95.7
52,67,1133.0,1445.0,312.0,-100.0,70.1,63.0
10,46,1278.0,1445.0,167.0,-100.0,38.0,79.4
28,74,1338.0,1445.0,107.0,-100.0,95.0,57.9
3,41,1346.0,1445.0,99.0,-100.1,87.6,77.2
11,59,1351.0,1445.0,94.0,-100.1,66.1,71.7
28,35,1378.0,1445.0,67.0,-100.1,95.0,84.9
4,31,1380.0,1445.0,65.0,-100.2,91.7,51.5
31,40,975.0,1446.0,471.0,-100.0,51.5,42.7
17,25,1095.0,1446.0,351.0,-100.0,47.2,55.1
37,52,1122.0,1446.0,324.0,-100.0,72.9,70.1
9,67,1431.0,1446.0,15.0,-100.0,83.1,63.0
44,53,794.0,1447.0,653.0,-100.0,71.6,83.3
34,64,1185.0,1447.0,262.0,-100.0,74.2,65.1
12,13,1344.0,1447.0,103.0,-100.0,64.5,88.6
19,50,1397.0,1447.0,50.0,-100.0,62.0,95.7
2,7,1300.0,1448.0,148.0,-100.1,35.5,83.1
59,73,1374.0,1448.0,74.0,-100.0,71.7,74.6
2,14,1398.0,1448.0,50.0,-100.1,35.5,60.9
21,43,1184.0,1449.0,265.0,-100.0,44.8,37.8
24,46,1242.0,1449.0,207.0,-100.0,51.5,79.4
29,50,1267.0,1449.0,182.0,-100.0,92.7,95.7
6,50,1290.0,1449.0,159.0,-99.9,84.7,95.7
3,28,1325.0,1449.0,124.0,-100.0,87.6,95.0
35,64,1329.0,1449.0,120.0,-100.0,84.9,65.1
59,61,1394.0,1449.0,55.0,-100.0,71.7,68.1
50,58,1396.0,1449.0,53.0,-100.0,95.7,35.2
6,22,1195.0,1450.0,255.0,-100.0,84.7,54.3
59,71,1411.0,1450.0,39.0,-100.0,71.7,36.7
3,74,1241.0,1451.0,210.0,-100.0,87.6,57.9
5,55,1251.0,1451.0,200.0,-100.0,97.1,94.8
4,53,1311.0,1451.0,140.0,-100.0,91.7,83.3
31,35,1312.0,1451.0,139.0,-100.0,51.5,84.9
34,44,1381.0,1451.0,70.0,-100.0,74.2,71.6
50,77,1395.0,1451.0,56.0,-100.0,95.7,51.9
11,20,986.0,1453.0,467.0,-100.0,66.1,57.7
62,70,1170.0,1453.0,283.0,-100.0,68.6,36.9
28,36,1423.0,1453.0,30.0,-100.0,95.0,65.8
44,66,1185.0,1454.0,269.0,-100.0,71.6,84.5
17,30,1267.0,1454.0,187.0,-100.0,47.2,62.2
29,41,1363.0,1454.0,91.0,-100.0,92.7,77.2
4,77,1366.0,1454.0,88.0,-100.0,91.7,51.9
70,75,1435.0,1454.0,19.0,-100.0,36.9,82.7
13,24,1303.0,1455.0,152.0,-100.1,88.6,51.5
4,6,1340.0,1455.0,115.0,-100.1,91.7,84.7
50,54,1374.0,1456.0,82.0,-100.0,95.7,84.2
1,47,1432.0,1456.0,24.0,-100.0,93.3,34.5
58,76,1265.0,1457.0,192.0,-100.0,35.2,75.5
32,58,1370.0,1457.0,87.0,-100.1,66.0,35.2
20,59,1386.0,1457.0,71.0,-100.0,57.7,71.7
7,50,1450.0,1457.0,7.0,-100.0,83.1,95.7
15,49,1169.0,1458.0,289.0,-100.0,55.5,38.2
49,77,1334.0,1458.0,124.0,-100.0,38.2,51.9
7,32,1371.0,1459.0,88.0,-100.1,83.1,66.0
32,55,1372.0,1459.0,87.0,-100.1,66.0,94.8
52,59,1380.0,1459.0,79.0,-100.0,70.1,71.7
34,66,1272.0,1460.0,188.0,-100.0,74.2,84.5
4,67,1367.0,1460.0,93.0,-100.0,91.7,63.0
40,69,1411.0,1460.0,49.0,-100.0,42.7,93.7
23,54,1080.0,1461.0,381.0,-100.0,54.2,84.2
3,50,1285.0,1461.0,176.0,-100.0,87.6,95.7
41,50,1319.0,1461.0,142.0,-100.1,77.2,95.7
16,77,1342.0,1461.0,119.0,-100.0,73.3,51.9
43,60,1361.0,1461.0,100.0,-100.0,37.8,40.5
69,78,1415.0,1461.0,46.0,-100.0,93.7,91.4
45,47,1165.0,1462.0,297.0,-100.0,35.2,34.5
28,40,1308.0,1462.0,154.0,-100.0,95.0,42.7
23,67,1235.0,1463.0,228.0,-100.0,54.2,63.0
5,72,1318.0,1463.0,145.0,-100.0,97.1,34.7
14,76,1359.0,1463.0,104.0,-100.0,60.9,75.5
28,70,1379.0,1463.0,84.0,-100.1,95.0,36.9
32,77,1288.0,1464.0,176.0,-100.0,66.0,51.9
32,54,1365.0,1464.0,99.0,-100.1,66.0,84.2
14,56,1398.0,1464.0,66.0,-100.0,60.9,46.3
58,77,1356.0,1465.0,109.0,-100.0,35.2,51.9
4,37,1362.0,1465.0,103.0,-100.0,91.7,72.8
26,28,1367.0,1466.0,99.0,-100.1,76.5,95.0
40,41,1372.0,1466.0,94.0,-100.0,42.7,77.2
36,45,1204.0,1467.0,263.0,-100.0,65.8,35.2
20,52,1220.0,1467.0,247.0,-100.0,57.7,70.1
54,77,1316.0,1467.0,151.0,-100.1,84.2,51.9
50,56,1367.0,1467.0,100.0,-100.0,95.7,46.3
13,25,1277.0,1468.0,191.0,-100.0,88.6,55.1
69,74,1399.0,1468.0,69.0,-100.0,93.7,57.8
35,50,1307.0,1469.0,162.0,-100.0,84.8,95.7
53,73,1339.0,1469.0,130.0,-100.1,83.3,74.6
41,74,1347.0,1469.0,122.0,-100.1,77.2,57.8
16,32,1355.0,1469.0,114.0,-100.1,73.3,66.0
4,50,1368.0,1469.0,101.0,-100.0,91.7,95.7
3,4,1382.0,1469.0,87.0,-100.1,87.6,91.7
35,77,1389.0,1469.0,80.0,-100.0,84.8,51.9
3,22,1238.0,1470.0,232.0,-100.0,87.6,54.3
24,69,1384.0,1470.0,86.0,-100.1,51.5,93.7
6,73,1215.0,1471.0,256.0,-100.0,84.7,74.6
6,52,1243.0,1471.0,228.0,-100.0,84.7,70.1
56,67,1261.0,1471.0,210.0,-100.0,46.3,63.0
6,35,1283.0,1471.0,188.0,-100.0,84.7,84.8
28,29,1294.0,1471.0,177.0,-100.0,94.9,92.7
68,69,1400.0,1472.0,72.0,-100.0,70.5,93.7
24,63,1332.0,1473.0,141.0,-100.0,51.5,61.1
54,66,1372.0,1473.0,101.0,-100.0,84.2,84.5
52,61,1383.0,1473.0,90.0,-100.0,70.1,68.1
16,50,1413.0,1473.0,60.0,-100.0,73.3,95.6
3,40,934.0,1474.0,540.0,-100.0,87.6,42.7
9,39,1075.0,1474.0,399.0,-100.0,83.1,80.0
72,76,1309.0,1474.0,165.0,-100.0,34.7,75.5
11,34,1233.0,1475.0,242.0,-100.0,66.0,74.2
32,49,1359.0,1475.0,116.0,-100.0,66.0,38.1
1,62,1389.0,1475.0,86.0,-100.0,93.3,68.6
13,41,1402.0,1475.0,73.0,-100.0,88.6,77.2
28,53,1417.0,1475.0,58.0,-100.1,94.9,83.3
50,55,1422.0,1475.0,53.0,-100.0,95.6,94.7
19,78,1089.0,1476.0,387.0,-100.0,62.0,91.4
52,53,1322.0,1476.0,154.0,-100.0,70.1,83.3
35,67,1329.0,1476.0,147.0,-100.0,84.8,63.0
13,74,1404.0,1476.0,72.0,-100.0,88.6,57.8
50,72,1418.0,1476.0,58.0,-100.1,95.6,34.7
23,37,785.0,1477.0,692.0,-100.0,54.2,72.8
4,26,1379.0,1477.0,98.0,-100.0,91.7,76.5
24,41,1420.0,1477.0,57.0,-100.0,51.4,77.2
4,29,1397.0,1479.0,82.0,-100.1,91.7,92.7
41,51,1426.0,1479.0,53.0,-100.0,77.2,84.6
58,66,1438.0,1479.0,41.0,-100.0,35.2,84.5
30,51,1335.0,1480.0,145.0,-100.0,62.2,84.6
12,69,1267.0,1481.0,214.0,-100.1,64.5,93.7
28,39,1339.0,1481.0,142.0,-100.0,94.9,80.0
22,52,1246.0,1482.0,236.0,-100.0,54.2,70.1
19,67,1417.0,1482.0,65.0,-100.0,62.0,63.0
48,75,1138.0,1483.0,345.0,-100.0,94.0,82.7
23,34,1204.0,1483.0,279.0,-100.0,54.2,74.2
19,41,1393.0,1483.0,90.0,-100.0,62.0,77.2
17,56,1085.0,1484.0,399.0,-100.0,47.2,46.3
73,77,1327.0,1484.0,157.0,-100.0,74.6,51.9
17,41,1416.0,1484.0,68.0,-100.0,47.2,77.2
32,41,1455.0,1484.0,29.0,-100.0,66.0,77.2
15,55,946.0,1485.0,539.0,-100.0,55.5,94.7
17,72,1393.0,1485.0,92.0,-100.1,47.2,34.7
50,63,1420.0,1485.0,65.0,-100.0,95.6,61.1
7,76,1275.0,1486.0,211.0,-100.0,83.1,75.5
24,30,1292.0,1486.0,194.0,-100.0,51.4,62.2
35,53,1320.0,1486.0,166.0,-100.0,84.8,83.3
51,69,1375.0,1486.0,111.0,-100.0,84.6,93.7
30,69,1388.0,1486.0,98.0,-100.1,62.2,93.7
3,35,1300.0,1487.0,187.0,-100.1,87.6,84.8
41,56,1372.0,1487.0,115.0,-100.0,77.1,46.2
3,72,1448.0,1487.0,39.0,-100.0,87.6,34.7
6,67,1307.0,1488.0,181.0,-100.0,84.7,63.0
44,73,1407.0,1488.0,81.0,-100.0,71.5,74.6
20,31,1414.0,1488.0,74.0,-100.0,57.7,51.5
28,37,1374.0,1489.0,115.0,-100.1,94.9,72.8
1,45,1422.0,1489.0,67.0,-100.0,93.2,35.2
14,30,1444.0,1489.0,45.0,-100.0,60.9,62.2
4,17,1447.0,1489.0,42.0,-100.1,91.7,47.2
55,76,1259.0,1490.0,231.0,-100.0,94.7,75.5
49,50,1399.0,1490.0,91.0,-100.0,38.1,95.6
23,44,1419.0,1490.0,71.0,-100.0,54.2,71.5
41,72,1420.0,1490.0,70.0,-100.1,77.1,34.6
4,13,1424.0,1490.0,66.0,-100.0,91.7,88.5
36,70,1126.0,1491.0,365.0,-100.0,65.8,36.9
37,71,1208.0,1491.0,283.0,-100.0,72.8,36.7
44,59,1372.0,1491.0,119.0,-100.0,71.5,71.6
11,26,1392.0,1491.0,99.0,-100.0,66.0,76.5
41,69,1394.0,1491.0,97.0,-100.1,77.1,93.7
63,76,1404.0,1491.0,87.0,-100.0,61.1,75.5
4,74,1416.0,1491.0,75.0,-100.1,91.7,57.8
68,74,1344.0,1492.0,148.0,-100.0,70.5,57.8
5,63,1391.0,1492.0,101.0,-100.0,97.1,61.1
17,35,1464.0,1492.0,28.0,-100.0,47.2,84.8
64,67,1168.0,1493.0,325.0,-100.0,65.1,63.0
66,73,1324.0,1493.0,169.0,-100.0,84.5,74.6
25,74,1381.0,1493.0,112.0,-100.0,55.1,57.8
25,69,1385.0,1493.0,108.0,-100.1,55.1,93.7
13,50,1408.0,1493.0,85.0,-100.1,88.5,95.6
4,24,1444.0,1493.0,49.0,-100.0,91.7,51.4
13,77,1480.0,1493.0,13.0,-100.0,88.5,51.9
19,68,832.0,1494.0,662.0,-100.0,62.0,70.5
14,41,1343.0,1494.0,151.0,-100.2,60.9,77.1
25,32,1480.0,1494.0,14.0,-100.0,55.1,66.0
20,22,1302.0,1495.0,193.0,-100.0,57.7,54.2
51,78,1344.0,1496.0,152.0,-100.0,84.6,91.4
19,24,1407.0,1496.0,89.0,-100.0,62.0,51.4
54,64,1092.0,1497.0,405.0,-100.0,84.2,65.1
55,58,1210.0,1497.0,287.0,-100.0,94.7,35.2
51,68,1316.0,1497.0,181.0,-100.0,84.6,70.5
74,78,1392.0,1497.0,105.0,-100.0,57.8,91.4
4,32,1413.0,1497.0,84.0,-100.0,91.7,66.0
4,40,1415.0,1497.0,82.0,-100.0,91.7,42.7
52,66,1296.0,1498.0,202.0,-100.1,70.1,84.4
4,70,1455.0,1498.0,43.0,-100.0,91.7,36.9
23,58,1459.0,1498.0,39.0,-99.9,54.1,35.2
69,72,1102.0,1499.0,397.0,-100.1,93.7,34.6
0,20,1370.0,1499.0,129.0,-100.0,32.1,57.7
4,69,1442.0,1499.0,57.0,-100.3,91.7,93.7
4,51,1443.0,1499.0,56.0,-100.2,91.7,84.6
2,55,1127.0,1500.0,373.0,-100.0,35.4,94.7
53,71,1313.0,1500.0,187.0,-100.0,83.3,36.7
11,59,1475.0,1500.0,25.0,-100.0,66.0,71.6
1,28,915.0,1501.0,586.0,-100.0,93.2,94.9
35,37,1296.0,1501.0,205.0,-100.0,84.8,72.8
24,56,1401.0,1501.0,100.0,-100.0,51.4,46.2
13,40,1429.0,1501.0,72.0,-100.0,88.5,42.7
20,71,1284.0,1502.0,218.0,-100.1,57.7,36.7
24,25,1369.0,1502.0,133.0,-100.0,51.4,55.1
24,35,1449.0,1502.0,53.0,-100.1,51.4,84.8
22,26,856.0,1503.0,647.0,-100.0,54.2,76.5
3,67,1300.0,1503.0,203.0,-100.0,87.5,62.9
29,35,1339.0,1503.0,164.0,-100.1,92.6,84.8
4,14,1369.0,1503.0,134.0,-100.1,91.7,60.9
32,50,1409.0,1503.0,94.0,-100.0,66.0,95.6
7,55,1186.0,1504.0,318.0,-100.0,83.1,94.7
20,48,1412.0,1504.0,92.0,-100.1,57.7,94.0
6,58,1417.0,1504.0,87.0,-100.0,84.6,35.1
14,25,1444.0,1504.0,60.0,-100.0,60.9,55.1
18,57,957.0,1506.0,549.0,-100.0,38.3,69.8
46,72,1408.0,1506.0,98.0,-100.1,79.3,34.6
28,75,1428.0,1506.0,78.0,-100.0,94.9,82.7
59,71,1471.0,1506.0,35.0,-100.1,71.6,36.7
14,50,1383.0,1507.0,124.0,-100.1,60.9,95.6
9,24,1420.0,1507.0,87.0,-100.1,83.0,51.4
40,68,670.0,1508.0,838.0,-100.0,42.7,70.5
25,51,1309.0,1508.0,199.0,-100.0,55.1,84.6
9,29,1317.0,1508.0,191.0,-100.0,83.0,92.6
65,71,1182.0,1509.0,327.0,-100.0,82.0,36.7
6,11,1201.0,1509.0,308.0,-100.0,84.6,66.0
7,21,1382.0,1509.0,127.0,-100.0,83.1,44.8
5,13,1414.0,1509.0,95.0,-100.0,97.1,88.5
32,72,1416.0,1509.0,93.0,-100.1,66.0,34.6
9,69,1418.0,1509.0,91.0,-100.0,83.0,93.7
17,63,944.0,1510.0,566.0,-100.0,47.1,61.1
45,75,1073.0,1510.0,437.0,-100.0,35.1,82.7
52,77,1411.0,1510.0,99.0,-100.0,70.0,51.8
35,69,1445.0,1510.0,65.0,-100.2,84.8,93.7
46,50,1448.0,1510.0,62.0,-100.0,79.3,95.6
3,56,853.0,1511.0,658.0,-100.0,87.5,46.2
27,59,1408.0,1511.0,103.0,-100.0,49.3,71.6
13,35,1422.0,1511.0,89.0,-100.1,88.5,84.8
30,72,1452.0,1511.0,59.0,-100.0,62.2,34.6
26,35,1161.0,1512.0,351.0,-100.0,76.5,84.8
24,51,1382.0,1513.0,131.0,-100.0,51.4,84.5
8,59,1416.0,1513.0,97.0,-100.1,73.5,71.6
32,35,1420.0,1513.0,93.0,-100.0,66.0,84.8
35,74,1262.0,1514.0,252.0,-100.1,84.8,57.8
24,68,1390.0,1514.0,124.0,-100.1,51.4,70.5
0,53,1403.0,1514.0,111.0,-100.0,32.1,83.3
63,69,1312.0,1515.0,203.0,-100.0,61.1,93.7
28,31,1324.0,1515.0,191.0,-100.0,94.9,51.5
1,36,1361.0,1515.0,154.0,-100.0,93.2,65.8
50,76,1416.0,1515.0,99.0,-100.1,95.6,75.5
31,42,1475.0,1515.0,40.0,-100.0,51.5,88.7
23,26,1386.0,1516.0,130.0,-100.0,54.1,76.5
13,72,1399.0,1516.0,117.0,-100.1,88.5,34.6
28,71,1430.0,1516.0,86.0,-100.0,94.9,36.7
52,64,1126.0,1517.0,391.0,-100.0,70.0,65.1
64,73,1147.0,1517.0,370.0,-100.0,65.1,74.5
56,69,1257.0,1517.0,260.0,-100.0,46.2,93.7
14,72,1394.0,1517.0,123.0,-100.0,60.9,34.6
11,53,1316.0,1518.0,202.0,-100.0,66.0,83.3
61,71,1356.0,1518.0,162.0,-100.0,68.0,36.7
6,77,1391.0,1518.0,127.0,-100.1,84.6,51.8
28,48,1434.0,1518.0,84.0,-100.0,94.9,94.0
68,72,1468.0,1518.0,50.0,-100.0,70.5,34.6
28,77,1503.0,1518.0,15.0,-100.0,94.9,51.8
28,67,1363.0,1519.0,156.0,-100.0,94.9,62.9
9,74,1323.0,1521.0,198.0,-100.0,83.0,57.8
4,72,1433.0,1522.0,89.0,-100.0,91.7,34.6
32,63,1440.0,1522.0,82.0,-100.0,66.0,61.1
35,51,1445.0,1522.0,77.0,-100.1,84.8,84.5
9,32,1470.0,1522.0,52.0,-100.0,83.0,66.0
14,35,1470.0,1522.0,52.0,-100.1,60.9,84.8
24,78,1397.0,1523.0,126.0,-100.0,51.4,91.4
9,13,1432.0,1523.0,91.0,-100.0,83.0,88.5
56,68,693.0,1524.0,831.0,-100.0,46.2,70.4
13,63,1292.0,1524.0,232.0,-100.0,88.5,61.1
30,46,1206.0,1525.0,319.0,-100.0,62.1,79.3
13,17,1283.0,1525.0,242.0,-100.0,88.5,47.1
47,75,1298.0,1526.0,228.0,-100.0,34.4,82.7
3,77,1404.0,1526.0,122.0,-100.0,87.5,51.8
25,72,1443.0,1526.0,83.0,-100.1,55.0,34.6
72,78,1480.0,1526.0,46.0,-100.0,34.6,91.4
23,53,1300.0,1527.0,227.0,-100.0,54.1,83.3
42,48,1301.0,1527.0,226.0,-100.0,88.7,94.0
42,71,1317.0,1527.0,210.0,-100.0,88.7,36.7
44,52,1388.0,1527.0,139.0,-100.0,71.5,70.0
32,37,1504.0,1527.0,23.0,-100.0,66.0,72.8
11,37,1006.0,1528.0,522.0,-100.0,66.0,72.8
19,74,1334.0,1528.0,194.0,-100.0,61.9,57.8
48,61,1409.0,1528.0,119.0,-100.1,94.0,68.0
35,72,1434.0,1528.0,94.0,-100.0,84.8,34.6
22,53,1310.0,1530.0,220.0,-100.0,54.2,83.3
3,11,1414.0,1530.0,116.0,-100.0,87.5,66.0
26,77,1424.0,1530.0,106.0,-100.0,76.5,51.8
3,54,1444.0,1530.0,86.0,-100.0,87.5,84.1
41,46,1433.0,1531.0,98.0,-100.0,77.1,79.3
1,24,1471.0,1531.0,60.0,-100.0,93.2,51.4
15,21,1325.0,1532.0,207.0,-99.9,55.4,44.7
19,69,1398.0,1532.0,134.0,-100.0,61.9,93.7
0,28,1413.0,1532.0,119.0,-100.0,32.1,94.9
31,61,1424.0,1532.0,108.0,-100.0,51.5,68.0
11,61,1409.0,1533.0,124.0,-100.0,66.0,68.0
4,78,1464.0,1533.0,69.0,-100.0,91.7,91.4
6,7,1474.0,1533.0,59.0,-100.0,84.6,83.0
4,10,1494.0,1533.0,39.0,-100.0,91.7,37.9
12,24,1387.0,1534.0,147.0,-100.0,64.5,51.4
62,75,1409.0,1534.0,125.0,-100.0,68.5,82.7
24,70,1443.0,1534.0,91.0,-100.0,51.4,36.8
9,72,1450.0,1534.0,84.0,-100.0,83.0,34.6
48,65,1104.0,1535.0,431.0,-100.0,94.0,81.9
7,49,1268.0,1536.0,268.0,-100.1,83.0,38.1
23,77,1308.0,1536.0,228.0,-100.1,54.1,51.8
9,51,1370.0,1536.0,166.0,-100.1,83.0,84.5
5,14,1399.0,1536.0,137.0,-100.1,97.0,60.9
14,63,1401.0,1536.0,135.0,-100.0,60.9,61.1
32,56,1443.0,1536.0,93.0,-100.0,65.9,46.2
26,74,1224.0,1537.0,313.0,-100.0,76.5,57.8
64,77,1320.0,1537.0,217.0,-100.0,65.0,51.8
54,76,1428.0,1537.0,109.0,-100.0,84.1,75.4
19,72,1440.0,1537.0,97.0,-100.0,61.9,34.6
4,68,1453.0,1537.0,84.0,-100.0,91.6,70.4
15,60,1375.0,1538.0,163.0,-100.0,55.4,40.5
22,28,1391.0,1538.0,147.0,-100.0,54.2,94.9
14,17,1406.0,1538.0,132.0,-100.1,60.9,47.1
53,77,1414.0,1538.0,124.0,-100.1,83.2,51.8
24,40,1429.0,1538.0,109.0,-100.1,51.4,42.6
66,71,1436.0,1538.0,102.0,-100.0,84.4,36.7
9,14,1477.0,1538.0,61.0,-100.0,83.0,60.9
26,72,1460.0,1540.0,80.0,-100.0,76.5,34.6
48,73,1512.0,1540.0,28.0,-100.0,94.0,74.5
39,62,1334.0,1541.0,207.0,-100.0,79.9,68.5
19,35,1414.0,1541.0,127.0,-100.0,61.9,84.8
7,54,1421.0,1541.0,120.0,-100.0,83.0,84.1
1,61,1496.0,1541.0,45.0,-100.0,93.2,68.0
35,40,1399.0,1542.0,143.0,-100.0,84.8,42.6
1,44,1519.0,1542.0,23.0,-100.0,93.2,71.5
0,71,1313.0,1543.0,230.0,-100.0,32.1,36.7
67,70,1452.0,1543.0,91.0,-100.0,62.9,36.8
31,52,1210.0,1545.0,335.0,-100.0,51.4,70.0
14,69,1376.0,1545.0,169.0,-100.1,60.8,93.6
2,14,1479.0,1545.0,66.0,-100.0,35.4,60.8
46,69,1387.0,1546.0,159.0,-100.0,79.3,93.6
5,32,1430.0,1546.0,116.0,-100.0,97.0,65.9
4,41,1182.0,1547.0,365.0,-100.1,91.6,77.1
11,73,1223.0,1547.0,324.0,-100.0,66.0,74.5
13,69,1358.0,1547.0,189.0,-100.0,88.5,93.6
48,53,1470.0,1547.0,77.0,-100.0,94.0,83.2
21,60,1133.0,1548.0,415.0,-100.0,44.7,40.4
51,63,1454.0,1548.0,94.0,-100.1,84.5,61.1
10,41,1473.0,1548.0,75.0,-100.0,37.9,77.1
11,66,1274.0,1549.0,275.0,-100.0,66.0,84.4
27,38,1295.0,1549.0,254.0,-100.0,49.2,48.6
45,48,1386.0,1549.0,163.0,-100.0,35.1,94.0
4,30,1460.0,1549.0,89.0,-100.1,91.6,62.1
66,77,1401.0,1550.0,149.0,-100.1,84.4,51.8
39,51,1413.0,1550.0,137.0,-100.0,79.9,84.5
14,49,1526.0,1550.0,24.0,-100.0,60.8,38.1
56,72,1423.0,1551.0,128.0,-100.0,46.2,34.6
53,72,1485.0,1551.0,66.0,-100.0,83.2,34.6
56,74,1294.0,1552.0,258.0,-100.0,46.2,57.7
31,74,1523.0,1552.0,29.0,-100.0,51.4,57.7
19,25,1271.0,1553.0,282.0,-100.0,61.9,55.0
32,46,1458.0,1553.0,95.0,-100.0,65.9,79.2
35,46,1465.0,1553.0,88.0,-100.1,84.8,79.2
61,75,1470.0,1553.0,83.0,-100.0,68.0,82.6
27,73,1552.0,1553.0,1.0,-100.0,49.2,74.5
4,35,1362.0,1554.0,192.0,-100.2,91.6,84.8
12,35,1460.0,1554.0,94.0,-100.0,64.4,84.8
15,54,1209.0,1555.0,346.0,-100.0,55.4,84.1
13,56,1347.0,1555.0,208.0,-100.0,88.5,46.2
63,72,1393.0,1555.0,162.0,-100.0,61.1,34.6
9,37,1443.0,1555.0,112.0,-100.0,83.0,72.7
71,77,1461.0,1555.0,94.0,-100.0,36.6,51.8
53,74,1477.0,1555.0,78.0,-100.0,83.2,57.7
14,56,1466.0,1556.0,90.0,-100.0,60.8,46.2
48,77,1474.0,1556.0,82.0,-100.1,94.0,51.8
26,67,1331.0,1557.0,226.0,-100.0,76.4,62.9
14,46,1422.0,1557.0,135.0,-100.0,60.8,79.2
66,72,1517.0,1557.0,40.0,-100.0,84.4,34.6
8,38,1228.0,1558.0,330.0,-100.0,73.4,48.6
9,78,1345.0,1558.0,213.0,-100.0,83.0,91.3
4,25,1445.0,1559.0,114.0,-100.0,91.6,55.0
37,48,1447.0,1559.0,112.0,-100.0,72.7,94.0
51,75,1508.0,1559.0,51.0,-100.0,84.5,82.6
4,40,1517.0,1559.0,42.0,-100.0,91.6,42.6
37,77,1430.0,1560.0,130.0,-100.0,72.7,51.8
29,72,1449.0,1560.0,111.0,-100.0,92.6,34.6
35,70,1454.0,1560.0,106.0,-100.0,84.7,36.8
51,72,1454.0,1560.0,106.0,-100.1,84.5,34.6
2,13,1535.0,1560.0,25.0,-100.0,35.4,88.5
12,68,1292.0,1561.0,269.0,-100.0,64.4,70.4
22,75,1429.0,1561.0,132.0,-100.0,54.2,82.6
17,32,1441.0,1561.0,120.0,-100.0,47.1,65.9
4,12,1448.0,1561.0,113.0,-100.0,91.6,64.4
24,75,1492.0,1561.0,69.0,-100.2,51.4,82.6
75,77,1514.0,1561.0,47.0,-100.0,82.6,51.8
24,65,1544.0,1561.0,17.0,-100.0,51.4,81.9
23,66,1228.0,1562.0,334.0,-100.0,54.1,84.4
0,48,1303.0,1562.0,259.0,-100.0,32.1,94.0
9,41,1400.0,1562.0,162.0,-100.1,83.0,77.1
32,53,1490.0,1562.0,72.0,-100.0,65.9,83.2
35,56,1380.0,1563.0,183.0,-100.0,84.7,46.2
3,37,1280.0,1564.0,284.0,-100.0,87.5,72.7
45,61,1445.0,1564.0,119.0,-100.0,35.1,68.0
29,32,1451.0,1564.0,113.0,-100.0,92.6,65.9
48,52,1464.0,1564.0,100.0,-100.0,94.0,70.0
70,72,1473.0,1564.0,91.0,-100.1,36.8,34.6
32,66,1501.0,1564.0,63.0,-100.0,65.9,84.4
55,60,1414.0,1565.0,151.0,-100.0,94.7,40.4
29,77,1431.0,1565.0,134.0,-100.0,92.6,51.8
51,77,1493.0,1565.0,72.0,-100.0,84.5,51.8
7,57,1531.0,1565.0,34.0,-100.0,83.0,69.7
36,75,1302.0,1566.0,264.0,-100.0,65.7,82.6
4,63,1438.0,1566.0,128.0,-100.0,91.6,61.1
32,51,1475.0,1566.0,91.0,-100.0,65.9,84.5
57,59,1486.0,1566.0,80.0,-100.1,69.7,71.6
12,51,1073.0,1567.0,494.0,-100.0,64.4,84.5
51,56,1271.0,1567.0,296.0,-100.0,84.5,46.2
40,51,1315.0,1567.0,252.0,-100.0,42.6,84.5
16,76,1174.0,1568.0,394.0,-100.0,73.2,75.4
51,70,1405.0,1568.0,163.0,-100.0,84.5,36.8
31,77,1433.0,1568.0,135.0,-100.0,51.4,51.8
43,58,1478.0,1568.0,90.0,-100.0,37.7,35.1
44,61,1013.0,1569.0,556.0,-100.1,71.4,68.0
9,40,1302.0,1569.0,267.0,-100.0,83.0,42.6
53,67,1366.0,1569.0,203.0,-100.0,83.2,62.9
31,45,1466.0,1569.0,103.0,-100.0,51.4,35.1
6,54,1119.0,1570.0,451.0,-100.0,84.6,84.1
15,58,1309.0,1570.0,261.0,-100.0,55.4,35.1
20,61,1309.0,1570.0,261.0,-100.0,57.6,68.0
35,41,1321.0,1570.0,249.0,-100.2,84.7,77.1
53,64,1329.0,1570.0,241.0,-100.0,83.2,65.0
0,45,1395.0,1570.0,175.0,-100.0,32.1,35.1
27,33,861.0,1571.0,710.0,-100.0,49.2,87.8
9,12,1370.0,1571.0,201.0,-100.1,83.0,64.4
45,65,1404.0,1571.0,167.0,-100.0,35.1,81.9
22,48,1407.0,1571.0,164.0,-100.0,54.2,93.9
22,66,1443.0,1571.0,128.0,-99.9,54.2,84.4
19,32,1455.0,1571.0,116.0,-100.0,61.9,65.9
67,75,1479.0,1571.0,92.0,-100.0,62.9,82.6
1,77,1491.0,1571.0,80.0,-100.0,93.2,51.8
23,32,1550.0,1571.0,21.0,-100.0,54.1,65.9
37,64,748.0,1572.0,824.0,-100.0,72.7,65.0
51,74,1343.0,1572.0,229.0,-99.9,84.5,57.7
18,59,1350.0,1572.0,222.0,-100.1,38.2,71.6
63,74,1472.0,1572.0,100.0,-100.0,61.0,57.7
31,53,1373.0,1573.0,200.0,-100.0,51.4,83.2
70,74,1381.0,1573.0,192.0,-100.0,36.8,57.7
35,63,1442.0,1573.0,131.0,-100.1,84.7,61.0
1,63,1535.0,1573.0,38.0,-100.0,93.2,61.0
12,30,1371.0,1574.0,203.0,-100.0,64.4,62.1
68,70,1408.0,1574.0,166.0,-100.0,70.4,36.8
61,67,1460.0,1574.0,114.0,-100.0,68.0,62.9
37,72,1476.0,1574.0,98.0,-100.0,72.7,34.6
1,72,1491.0,1574.0,83.0,-100.0,93.2,34.6
26,48,1525.0,1574.0,49.0,-100.0,76.4,93.9
39,70,760.0,1575.0,815.0,-100.0,79.9,36.8
19,40,1259.0,1575.0,316.0,-100.0,61.9,42.6
33,59,1360.0,1575.0,215.0,-100.1,87.8,71.6
28,61,1443.0,1575.0,132.0,-100.0,94.8,68.0
26,32,1452.0,1576.0,124.0,-100.1,76.4,65.9
27,59,1574.0,1576.0,2.0,-100.0,49.2,71.6
28,65,1444.0,1577.0,133.0,-100.0,94.8,81.9
48,66,1481.0,1577.0,96.0,-100.0,93.9,84.4
40,67,1332.0,1578.0,246.0,-100.0,42.6,62.9
5,50,1436.0,1578.0,142.0,-100.0,97.0,95.5
19,63,1437.0,1578.0,141.0,-100.0,61.9,61.0
23,52,1182.0,1579.0,397.0,-100.0,54.1,70.0
14,32,1310.0,1579.0,269.0,-100.1,60.8,65.9
9,68,1327.0,1579.0,252.0,-100.0,82.9,70.4
31,65,1457.0,1579.0,122.0,-100.0,51.4,81.9
14,58,1547.0,1579.0,32.0,-100.1,60.8,35.1
21,69,1553.0,1579.0,26.0,-100.0,44.7,93.6
6,23,1065.0,1580.0,515.0,-100.0,84.6,54.1
20,65,1147.0,1580.0,433.0,-100.0,57.6,81.9
13,46,1275.0,1580.0,305.0,-100.0,88.4,79.2
12,78,1353.0,1580.0,227.0,-100.0,64.4,91.3
41,56,1509.0,1580.0,71.0,-100.0,77.1,46.2
14,16,1530.0,1580.0,50.0,-100.1,60.8,73.2
44,48,1435.0,1581.0,146.0,-100.0,71.4,93.9
40,72,1454.0,1581.0,127.0,-100.0,42.6,34.6
72,75,1510.0,1581.0,71.0,-100.2,34.6,82.6
66,74,1519.0,1581.0,62.0,-100.0,84.4,57.7
12,19,1337.0,1582.0,245.0,-100.0,64.4,61.9
19,51,1342.0,1582.0,240.0,-100.0,61.9,84.5
25,46,1388.0,1582.0,194.0,-100.0,55.0,79.2
3,53,1389.0,1582.0,193.0,-100.0,87.5,83.2
14,79,1556.0,1582.0,26.0,-100.1,60.8,81.8
34,59,1351.0,1583.0,232.0,-100.0,74.1,71.5
51,65,1547.0,1583.0,36.0,-100.0,84.5,81.9
22,71,802.0,1584.0,782.0,-100.0,54.1,36.6
29,56,973.0,1584.0,611.0,-100.0,92.6,46.2
51,53,1481.0,1584.0,103.0,-100.0,84.5,83.2
55,69,1542.0,1584.0,42.0,-100.0,94.6,93.6
29,40,1107.0,1585.0,478.0,-99.9,92.6,42.6
12,25,1307.0,1585.0,278.0,-100.0,64.4,55.0
21,79,1369.0,1585.0,216.0,-100.0,44.7,81.8
4,9,1428.0,1585.0,157.0,-100.0,91.6,82.9
14,19,1472.0,1585.0,113.0,-100.0,60.8,61.9
14,53,1503.0,1585.0,82.0,-100.1,60.8,83.2
49,76,999.0,1586.0,587.0,-100.0,38.0,75.4
25,41,1413.0,1586.0,173.0,-100.1,55.0,77.0
44,65,1452.0,1586.0,134.0,-100.0,71.4,81.9
12,72,1458.0,1586.0,128.0,-100.0,64.4,34.6
13,37,1474.0,1586.0,112.0,-100.0,88.4,72.7
45,77,1506.0,1586.0,80.0,-100.1,35.1,51.8
41,70,1519.0,1586.0,67.0,-100.0,77.0,36.8
29,74,1280.0,1587.0,307.0,-100.0,92.6,57.7
9,35,1423.0,1587.0,164.0,-100.0,82.9,84.7
13,53,1471.0,1587.0,116.0,-100.0,88.4,83.2
2,49,1476.0,1587.0,111.0,-100.0,35.3,38.0
32,64,1518.0,1587.0,69.0,-100.0,65.9,65.0
3,66,1424.0,1588.0,164.0,-100.0,87.5,84.4
4,70,1510.0,1588.0,78.0,-100.0,91.6,36.8
4,14,1513.0,1588.0,75.0,-100.1,91.6,60.8
29,70,1413.0,1589.0,176.0,-100.0,92.6,36.8
67,72,1502.0,1589.0,87.0,-100.1,62.9,34.5
50,76,1523.0,1589.0,66.0,-100.0,95.5,75.4
38,59,1384.0,1590.0,206.0,-100.1,48.6,71.5
41,68,1419.0,1590.0,171.0,-100.1,77.0,70.4
2,32,1495.0,1590.0,95.0,-100.0,35.3,65.9
6,37,1161.0,1591.0,430.0,-100.0,84.5,72.7
70,78,1404.0,1591.0,187.0,-100.0,36.8,91.3
4,56,1409.0,1591.0,182.0,-100.1,91.6,46.1
1,74,1447.0,1591.0,144.0,-100.0,93.1,57.7
11,48,1458.0,1591.0,133.0,-100.0,65.9,93.9
13,49,1487.0,1591.0,104.0,-100.0,88.4,38.0
4,37,1540.0,1591.0,51.0,-100.0,91.6,72.7
7,15,1421.0,1592.0,171.0,-100.0,83.0,55.4
54,60,1429.0,1592.0,163.0,-100.0,84.1,40.4
44,77,1479.0,1592.0,113.0,-100.1,71.4,51.8
6,14,1501.0,1592.0,91.0,-100.0,84.5,60.8
7,34,1545.0,1592.0,47.0,-100.0,83.0,74.1
32,76,1380.0,1593.0,213.0,-100.0,65.9,75.4
14,76,1467.0,1593.0,126.0,-100.0,60.8,75.4
64,66,1263.0,1594.0,331.0,-100.0,65.0,84.4
26,64,1365.0,1594.0,229.0,-100.0,76.4,65.0
30,41,1432.0,1594.0,162.0,-100.1,62.1,77.0
26,51,1461.0,1594.0,133.0,-100.1,76.4,84.5
74,75,1487.0,1594.0,107.0,-100.0,57.7,82.6
67,77,1406.0,1595.0,189.0,-100.1,62.9,51.8
1,75,1418.0,1595.0,177.0,-100.0,93.1,82.6
13,66,1483.0,1595.0,112.0,-100.1,88.4,84.4
48,59,1550.0,1595.0,45.0,-100.0,93.9,71.5
7,32,1554.0,1595.0,41.0,-100.1,83.0,65.9
1,39,1303.0,1596.0,293.0,-100.0,93.1,79.8
2,50,1453.0,1596.0,143.0,-100.0,35.3,95.5
37,51,1465.0,1596.0,131.0,-100.1,72.7,84.5
51,66,1498.0,1596.0,98.0,-100.1,84.5,84.4
0,44,1438.0,1597.0,159.0,-100.0,32.0,71.4
14,26,1494.0,1597.0,103.0,-100.0,60.8,76.4
22,37,1205.0,1598.0,393.0,-100.0,54.1,72.7
17,46,1299.0,1598.0,299.0,-100.0,47.1,79.2
9,30,1450.0,1599.0,149.0,-100.0,82.9,62.1
51,76,1536.0,1599.0,63.0,-100.0,84.5,75.4
11,52,1169.0,1600.0,431.0,-100.0,65.9,70.0
6,51,1505.0,1600.0,95.0,-100.0,84.5,84.5
4,66,1543.0,1600.0,57.0,-100.1,91.6,84.3
48,73,1563.0,1600.0,37.0,-99.9,93.9,74.4
29,53,1417.0,1601.0,184.0,-100.0,92.5,83.2
37,74,1441.0,1601.0,160.0,-100.0,72.7,57.7
1,11,1536.0,1601.0,65.0,-100.0,93.1,65.9
13,26,1447.0,1602.0,155.0,-100.0,88.4,76.4
52,59,1462.0,1602.0,140.0,-100.2,70.0,71.5
3,14,1501.0,1602.0,101.0,-100.0,87.4,60.8
17,32,1569.0,1602.0,33.0,-99.9,47.0,65.9
7,43,1485.0,1603.0,118.0,-100.0,83.0,37.6
4,5,1524.0,1603.0,79.0,-100.1,91.6,97.0
14,60,1525.0,1603.0,78.0,-100.0,60.8,40.4
54,69,1526.0,1603.0,77.0,-100.0,84.1,93.6
3,26,1251.0,1604.0,353.0,-100.0,87.4,76.4
41,63,1410.0,1604.0,194.0,-100.0,77.0,61.0
13,32,1431.0,1604.0,173.0,-100.1,88.4,65.9
4,53,1532.0,1604.0,72.0,-100.1,91.6,83.2
28,77,1548.0,1604.0,56.0,-100.1,94.8,51.7
66,67,1416.0,1605.0,189.0,-100.0,84.3,62.8
31,66,1421.0,1605.0,184.0,-100.0,51.4,84.3
14,66,1510.0,1605.0,95.0,-100.0,60.8,84.3
36,65,1543.0,1605.0,62.0,-100.0,65.7,81.9
13,19,1391.0,1606.0,215.0,-100.0,88.4,61.8
41,78,1438.0,1606.0,168.0,-100.0,77.0,91.3
41,75,1546.0,1606.0,60.0,-100.1,77.0,82.6
39,75,1424.0,1607.0,183.0,-100.0,79.8,82.6
20,77,1534.0,1607.0,73.0,-100.0,57.6,51.7
14,48,1539.0,1607.0,68.0,-100.1,60.8,93.9
0,75,1251.0,1608.0,357.0,-100.0,32.0,82.6
22,45,1441.0,1608.0,167.0,-100.0,54.1,35.0
0,51,1507.0,1608.0,101.0,-100.0,32.0,84.5
39,63,1564.0,1608.0,44.0,-100.0,79.8,61.0
26,31,1295.0,1609.0,314.0,-100.0,76.4,51.4
0,72,1519.0,1609.0,90.0,-100.0,32.0,34.5
9,76,1537.0,1609.0,72.0,-100.0,82.9,75.4
17,76,1413.0,1610.0,197.0,-100.0,47.0,75.4
32,60,1514.0,1610.0,96.0,-100.1,65.9,40.4
65,75,1096.0,1611.0,515.0,-100.0,81.9,82.6
1,40,1272.0,1611.0,339.0,-100.0,93.1,42.6
11,77,1401.0,1611.0,210.0,-100.0,65.9,51.7
48,67,1450.0,1611.0,161.0,-100.0,93.9,62.8
0,77,1477.0,1611.0,134.0,-100.0,32.0,51.7
4,26,1529.0,1611.0,82.0,-100.0,91.6,76.4
42,45,1436.0,1612.0,176.0,-100.0,88.6,35.0
4,51,1563.0,1612.0,49.0,-100.0,91.6,84.4
39,66,1577.0,1612.0,35.0,-99.9,79.8,84.3
40,74,1242.0,1613.0,371.0,-100.0,42.6,57.7
12,41,1389.0,1613.0,224.0,-100.1,64.4,77.0
32,69,1456.0,1613.0,157.0,-100.1,65.9,93.6
1,59,1593.0,1613.0,20.0,-100.0,93.1,71.5
7,44,1604.0,1613.0,9.0,-100.0,82.9,71.4
31,37,1274.0,1614.0,340.0,-100.0,51.4,72.7
55,58,1531.0,1614.0,83.0,-100.0,94.6,35.0
59,71,1536.0,1614.0,78.0,-100.1,71.5,36.6
6,66,1052.0,1615.0,563.0,-100.0,84.5,84.3
19,29,1280.0,1615.0,335.0,-100.0,61.8,92.5
13,14,1402.0,1615.0,213.0,-100.0,88.4,60.8
6,32,1421.0,1615.0,194.0,-100.0,84.5,65.9
21,58,1429.0,1615.0,186.0,-100.0,44.7,35.0
14,37,1511.0,1615.0,104.0,-100.0,60.8,72.7
4,29,1560.0,1615.0,55.0,-100.0,91.6,92.5
1,22,1452.0,1616.0,164.0,-100.0,93.1,54.1
59,73,1465.0,1616.0,151.0,-100.0,71.5,74.4
1,65,1477.0,1616.0,139.0,-100.0,93.1,81.9
22,51,1507.0,1616.0,109.0,-100.0,54.1,84.4
40,41,1527.0,1616.0,89.0,-100.0,42.6,77.0
50,60,1551.0,1616.0,65.0,-100.0,95.5,40.4
14,45,1599.0,1616.0,17.0,-100.0,60.8,35.0
7,58,1266.0,1617.0,351.0,-100.0,82.9,35.0
50,69,1450.0,1617.0,167.0,-100.0,95.5,93.6
65,77,1502.0,1617.0,115.0,-100.0,81.9,51.7
7,73,1532.0,1617.0,85.0,-100.0,82.9,74.4
23,59,1543.0,1617.0,74.0,-100.1,54.0,71.5
59,64,1559.0,1617.0,58.0,-100.0,71.5,65.0
61,62,1587.0,1617.0,30.0,-100.0,67.9,68.5
17,50,1425.0,1618.0,193.0,-100.1,47.0,95.5
31,44,1440.0,1618.0,178.0,-100.0,51.4,71.4
52,71,1208.0,1619.0,411.0,-100.0,69.9,36.6
4,46,1454.0,1619.0,165.0,-100.0,91.6,79.2
14,71,1554.0,1619.0,65.0,-100.1,60.8,36.6
37,67,1114.0,1620.0,506.0,-100.0,72.7,62.8
17,69,1306.0,1620.0,314.0,-100.0,47.0,93.6
54,79,1363.0,1620.0,257.0,-100.0,84.0,81.8
6,29,1395.0,1620.0,225.0,-100.0,84.5,92.5
57,73,1450.0,1620.0,170.0,-100.0,69.7,74.4
31,59,1559.0,1620.0,61.0,-100.0,51.4,71.5
51,59,1573.0,1620.0,47.0,-100.2,84.4,71.5
30,70,1516.0,1621.0,105.0,-100.0,62.0,36.8
12,53,1522.0,1621.0,99.0,-100.0,64.4,83.2
45,59,1559.0,1621.0,62.0,-100.1,35.0,71.5
29,66,1453.0,1622.0,169.0,-100.0,92.5,84.3
45,67,1481.0,1622.0,141.0,-100.0,35.0,62.8
8,73,1543.0,1622.0,79.0,-100.0,73.4,74.4
11,64,1026.0,1623.0,597.0,-100.0,65.9,65.0
49,69,1508.0,1623.0,115.0,-100.0,38.0,93.6
1,14,1536.0,1623.0,87.0,-100.1,93.1,60.8
8,28,1580.0,1623.0,43.0,-100.0,73.3,94.8
41,65,1596.0,1623.0,27.0,-100.0,77.0,81.9
34,52,596.0,1624.0,1028.0,-100.0,74.1,69.9
7,16,1284.0,1624.0,340.0,-100.1,82.9,73.1
22,31,1301.0,1624.0,323.0,-100.0,54.1,51.4
26,29,1320.0,1624.0,304.0,-100.0,76.4,92.5
63,68,1463.0,1624.0,161.0,-100.0,61.0,70.3
1,53,1490.0,1624.0,134.0,-100.0,93.1,83.2
4,17,1528.0,1624.0,96.0,-100.0,91.6,47.0
0,20,1585.0,1624.0,39.0,-100.0,32.0,57.6
58,64,1377.0,1625.0,248.0,-100.0,35.0,65.0
18,34,1414.0,1625.0,211.0,-100.0,38.2,74.1
14,51,1495.0,1625.0,130.0,-100.0,60.8,84.4
24,62,1497.0,1625.0,128.0,-100.1,51.3,68.4
2,4,1538.0,1625.0,87.0,-100.0,35.3,91.6
7,59,1538.0,1625.0,87.0,-100.0,82.9,71.5
11,71,1343.0,1626.0,283.0,-100.0,65.9,36.6
11,31,1394.0,1626.0,232.0,-100.0,65.9,51.4
14,64,1523.0,1626.0,103.0,-100.1,60.8,65.0
6,50,1563.0,1626.0,63.0,-100.0,84.5,95.5
42,44,1418.0,1627.0,209.0,-100.0,88.6,71.4
22,77,1454.0,1627.0,173.0,-100.0,54.1,51.7
6,13,1461.0,1627.0,166.0,-100.0,84.5,88.4
1,56,1502.0,1627.0,125.0,-100.0,93.1,46.1
14,31,1536.0,1627.0,91.0,-100.1,60.8,51.4
13,58,1540.0,1627.0,87.0,-100.0,88.4,35.0
44,59,1560.0,1627.0,67.0,-100.0,71.4,71.5
4,7,1588.0,1627.0,39.0,-100.1,91.6,82.9
4,76,1531.0,1628.0,97.0,-100.0,91.6,75.4
14,23,1538.0,1628.0,90.0,-100.0,60.8,54.0
51,60,1563.0,1628.0,65.0,-100.0,84.4,40.4
51,69,1619.0,1628.0,9.0,-100.0,84.4,93.6
4,19,1421.0,1629.0,208.0,-100.1,91.6,61.8
48,76,1586.0,1629.0,43.0,-100.0,93.9,75.4
49,60,1420.0,1630.0,210.0,-100.0,38.0,40.4
3,32,1426.0,1630.0,204.0,-100.0,87.4,65.8
5,69,1462.0,1630.0,168.0,-100.0,96.9,93.6
39,77,1518.0,1630.0,112.0,-100.0,79.8,51.7
13,76,1415.0,1631.0,216.0,-100.0,88.4,75.4
15,79,1311.0,1632.0,321.0,-100.0,55.3,81.7
1,66,1509.0,1632.0,123.0,-100.0,93.1,84.3
32,58,1534.0,1632.0,98.0,-100.0,65.8,35.0
32,79,1538.0,1632.0,94.0,-100.1,65.8,81.7
39,41,1566.0,1632.0,66.0,-100.0,79.8,77.0
67,74,1283.0,1633.0,350.0,-100.0,62.8,57.7
38,52,1477.0,1633.0,156.0,-100.0,48.5,69.9
24,77,1577.0,1633.0,56.0,-100.1,51.3,51.7
12,75,1520.0,1634.0,114.0,-100.1,64.4,82.6
8,20,1561.0,1634.0,73.0,-100.0,73.3,57.5
22,44,1427.0,1635.0,208.0,-100.0,54.1,71.4
16,69,1526.0,1635.0,109.0,-100.0,73.1,93.6
29,59,1579.0,1635.0,56.0,-100.0,92.5,71.5
0,31,1389.0,1636.0,247.0,-100.0,32.0,51.3
1,12,1500.0,1636.0,136.0,-100.0,93.1,64.4
11,51,1534.0,1636.0,102.0,-100.0,65.9,84.4
7,48,1546.0,1636.0,90.0,-100.0,82.9,93.9
50,58,1563.0,1636.0,73.0,-100.1,95.5,35.0
4,69,1566.0,1636.0,70.0,-100.2,91.5,93.5
28,59,1572.0,1636.0,64.0,-100.0,94.8,71.5
60,67,1608.0,1636.0,28.0,-100.0,40.4,62.8
6,64,1130.0,1637.0,507.0,-100.0,84.5,64.9
12,70,1426.0,1637.0,211.0,-100.0,64.4,36.7
27,28,1548.0,1637.0,89.0,-100.0,49.1,94.8
7,14,1555.0,1637.0,82.0,-100.0,82.9,60.8
14,44,1578.0,1637.0,59.0,-100.0,60.8,71.4
36,77,1594.0,1637.0,43.0,-100.0,65.7,51.7
2,17,1185.0,1638.0,453.0,-100.0,35.3,47.0
0,1,1434.0,1638.0,204.0,-100.0,32.0,93.1
2,3,1576.0,1638.0,62.0,-100.0,35.3,87.4
6,16,1446.0,1639.0,193.0,-100.0,84.5,73.1
63,78,1489.0,1639.0,150.0,-100.0,61.0,91.2
14,29,1505.0,1639.0,134.0,-100.1,60.8,92.5
12,26,1525.0,1639.0,114.0,-100.0,64.4,76.4
6,7,1562.0,1639.0,77.0,-100.0,84.5,82.9
15,48,1591.0,1639.0,48.0,-100.0,55.3,93.9
29,37,1330.0,1640.0,310.0,-100.0,92.5,72.7
33,34,1407.0,1640.0,233.0,-100.0,87.8,74.0
4,60,1561.0,1640.0,79.0,-100.0,91.5,40.3
24,41,1584.0,1641.0,57.0,-100.1,51.3,77.0
40,46,1592.0,1641.0,49.0,-100.0,42.5,79.2
36,39,1249.0,1642.0,393.0,-100.0,65.6,79.8
18,27,1308.0,1642.0,334.0,-100.0,38.1,49.1
29,48,1488.0,1642.0,154.0,-100.0,92.5,93.9
4,64,1578.0,1642.0,64.0,-100.0,91.5,64.9
41,74,1581.0,1642.0,61.0,-99.9,77.0,57.7
53,69,1591.0,1642.0,51.0,-100.0,83.1,93.5
1,70,1348.0,1643.0,295.0,-100.0,93.1,36.7
16,60,1410.0,1643.0,233.0,-100.0,73.1,40.3
19,66,1501.0,1643.0,142.0,-100.0,61.8,84.3
4,6,1546.0,1643.0,97.0,-100.1,91.5,84.5
7,71,1546.0,1643.0,97.0,-100.0,82.9,36.6
20,59,1565.0,1643.0,78.0,-100.1,57.5,71.5
7,51,1566.0,1643.0,77.0,-100.0,82.9,84.4
48,69,1594.0,1643.0,49.0,-100.0,93.9,93.5
23,60,1551.0,1644.0,93.0,-100.0,54.0,40.3
11,45,1508.0,1645.0,137.0,-100.0,65.9,35.0
13,60,1516.0,1645.0,129.0,-100.0,88.4,40.3
32,48,1557.0,1645.0,88.0,-100.0,65.8,93.9
59,67,1572.0,1645.0,73.0,-100.1,71.5,62.8
29,44,1573.0,1645.0,72.0,-100.0,92.5,71.4
14,28,1595.0,1645.0,50.0,-100.0,60.7,94.8
5,17,1386.0,1646.0,260.0,-100.0,96.9,47.0
1,37,1455.0,1646.0,191.0,-100.0,93.1,72.7
3,7,1497.0,1646.0,149.0,-100.1,87.4,82.9
24,47,1521.0,1646.0,125.0,-100.1,51.3,34.3
20,74,1610.0,1646.0,36.0,-100.0,57.5,57.7
21,48,1643.0,1646.0,3.0,-100.0,44.6,93.9
9,25,1384.0,1647.0,263.0,-100.0,82.9,54.9
24,36,1489.0,1647.0,158.0,-100.1,51.3,65.6
36,74,1506.0,1647.0,141.0,-100.0,65.6,57.7
16,32,1512.0,1647.0,135.0,-100.1,73.1,65.8
4,58,1574.0,1647.0,73.0,-100.2,91.5,35.0
16,58,1226.0,1648.0,422.0,-100.0,73.1,35.0
1,4,1564.0,1648.0,84.0,-100.0,93.1,91.5
28,52,1575.0,1648.0,73.0,-100.1,94.8,69.9
1,26,1491.0,1649.0,158.0,-100.0,93.1,76.4
11,65,1520.0,1649.0,129.0,-100.0,65.9,81.8
20,52,1543.0,1649.0,106.0,-100.0,57.5,69.9
14,67,1546.0,1649.0,103.0,-100.0,60.7,62.8
4,31,1588.0,1649.0,61.0,-100.0,91.5,51.3
16,21,1359.0,1650.0,291.0,-100.0,73.1,44.6
33,73,1464.0,1650.0,186.0,-100.0,87.7,74.4
41,72,1615.0,1650.0,35.0,-100.1,77.0,34.5
6,53,1151.0,1651.0,500.0,-100.0,84.5,83.1
30,63,1290.0,1651.0,361.0,-100.0,62.0,61.0
1,51,1459.0,1651.0,192.0,-100.0,93.1,84.4
58,69,1548.0,1651.0,103.0,-100.0,35.0,93.5
7,13,1556.0,1651.0,95.0,-100.1,82.9,88.4
28,42,1462.0,1652.0,190.0,-100.0,94.8,88.6
37,39,1478.0,1652.0,174.0,-100.0,72.7,79.8
46,75,1585.0,1652.0,67.0,-100.0,79.1,82.5
75,76,1617.0,1652.0,35.0,-100.0,82.5,75.3
34,45,1629.0,1652.0,23.0,-100.0,74.0,35.0
7,19,1608.0,1653.0,45.0,-100.0,82.9,61.8
7,79,1438.0,1654.0,216.0,-100.0,82.9,81.7
14,65,1585.0,1654.0,69.0,-100.0,60.7,81.8
65,67,1477.0,1655.0,178.0,-100.0,81.8,62.8
29,65,1550.0,1655.0,105.0,-100.0,92.5,81.8
41,61,1596.0,1655.0,59.0,-100.0,77.0,67.9
15,16,1193.0,1656.0,463.0,-100.0,55.3,73.1
55,79,1452.0,1656.0,204.0,-100.0,94.6,81.7
6,69,1509.0,1656.0,147.0,-100.0,84.5,93.5
18,38,998.0,1657.0,659.0,-100.0,38.1,48.5
3,69,1569.0,1657.0,88.0,-100.1,87.4,93.5
13,69,1575.0,1657.0,82.0,-100.0,88.4,93.5
14,20,1592.0,1657.0,65.0,-99.9,60.7,57.5
66,68,1648.0,1657.0,9.0,-100.0,84.3,70.3
19,56,1312.0,1658.0,346.0,-100.0,61.8,46.1
11,23,1065.0,1659.0,594.0,-100.0,65.9,54.0
32,50,1548.0,1659.0,111.0,-100.0,65.8,95.5
0,14,1574.0,1659.0,85.0,-100.0,32.0,60.7
19,37,1433.0,1660.0,227.0,-100.0,61.8,72.6
40,53,1466.0,1660.0,194.0,-100.0,42.5,83.1
20,27,1516.0,1660.0,144.0,-100.0,57.5,49.1
48,58,1570.0,1660.0,90.0,-100.0,93.9,35.0
65,74,1516.0,1661.0,145.0,-100.0,81.8,57.6
33,38,1180.0,1662.0,482.0,-100.0,87.7,48.5
72,77,1519.0,1662.0,143.0,-100.0,34.5,51.7
19,69,1576.0,1662.0,86.0,-100.1,61.8,93.5
3,76,1474.0,1663.0,189.0,-100.0,87.4,75.3
46,53,1527.0,1663.0,136.0,-100.0,79.1,83.1
14,24,1616.0,1663.0,47.0,-100.1,60.7,51.3
8,33,881.0,1664.0,783.0,-100.0,73.3,87.7
12,56,1216.0,1664.0,448.0,-100.0,64.3,46.1
27,45,1545.0,1664.0,119.0,-100.0,49.1,35.0
9,46,1474.0,1665.0,191.0,-100.0,82.9,79.1
19,53,1474.0,1665.0,191.0,-100.0,61.8,83.1
38,73,1475.0,1665.0,190.0,-100.0,48.5,74.4
69,70,1610.0,1665.0,55.0,-100.0,93.5,36.7
41,59,1646.0,1665.0,19.0,-100.2,77.0,71.5
12,63,1302.0,1666.0,364.0,-100.0,64.3,61.0
58,79,1416.0,1666.0,250.0,-100.0,35.0,81.7
3,51,1489.0,1666.0,177.0,-100.0,87.4,84.4
47,72,1562.0,1666.0,104.0,-100.0,34.2,34.5
12,14,1593.0,1666.0,73.0,-100.0,64.3,60.7
52,73,1153.0,1667.0,514.0,-100.0,69.9,74.4
9,10,1541.0,1667.0,126.0,-100.0,82.9,37.8
4,13,1542.0,1667.0,125.0,-100.0,91.5,88.4
7,20,1630.0,1667.0,37.0,-100.0,82.9,57.5
21,50,1563.0,1668.0,105.0,-100.1,44.6,95.5
26,69,1580.0,1668.0,88.0,-100.0,76.3,93.5
1,7,1583.0,1668.0,85.0,-100.0,93.1,82.9
4,79,1586.0,1668.0,82.0,-100.1,91.5,81.7
31,58,1617.0,1668.0,51.0,-100.0,51.3,35.0
4,71,1634.0,1668.0,34.0,-100.0,91.5,36.5
11,44,1386.0,1669.0,283.0,-100.0,65.9,71.3
0,74,1490.0,1669.0,179.0,-100.0,32.0,57.6
40,75,1500.0,1669.0,169.0,-100.0,42.5,82.5
6,48,1528.0,1669.0,141.0,-100.0,84.5,93.8
27,44,1572.0,1669.0,97.0,-100.0,49.1,71.3
7,11,1589.0,1669.0,80.0,-100.0,82.9,65.9
14,72,1617.0,1669.0,52.0,-100.2,60.7,34.5
7,28,1620.0,1669.0,49.0,-100.0,82.9,94.8
48,54,1635.0,1669.0,34.0,-100.0,93.8,84.0
31,51,1508.0,1670.0,162.0,-100.0,51.3,84.4
53,76,1508.0,1670.0,162.0,-100.0,83.1,75.3
36,72,1534.0,1670.0,136.0,-100.0,65.6,34.5
31,73,1600.0,1670.0,70.0,-100.0,51.3,74.4
24,74,1417.0,1671.0,254.0,-100.1,51.3,57.6
7,23,1493.0,1671.0,178.0,-100.1,82.9,54.0
3,58,1521.0,1671.0,150.0,-100.0,87.4,35.0
66,78,1635.0,1671.0,36.0,-100.0,84.3,91.2
12,66,1541.0,1672.0,131.0,-100.0,64.3,84.3
4,48,1586.0,1672.0,86.0,-100.0,91.5,93.8
4,43,1626.0,1672.0,46.0,-100.0,91.5,37.6
3,60,1509.0,1673.0,164.0,-100.0,87.4,40.3
29,60,1564.0,1673.0,109.0,-100.0,92.5,40.3
48,55,1618.0,1673.0,55.0,-100.0,93.8,94.5
7,70,1635.0,1673.0,38.0,-100.0,82.9,36.7
40,70,1369.0,1674.0,305.0,-100.0,42.5,36.7
28,45,1438.0,1674.0,236.0,-100.0,94.7,35.0
45,71,1479.0,1674.0,195.0,-100.0,35.0,36.5
7,31,1558.0,1674.0,116.0,-100.1,82.9,51.3
4,49,1577.0,1674.0,97.0,-100.1,91.5,37.9
54,58,1340.0,1675.0,335.0,-100.0,84.0,35.0
36,61,1542.0,1675.0,133.0,-100.0,65.6,67.9
69,79,1571.0,1675.0,104.0,-100.0,93.5,81.7
1,69,1597.0,1675.0,78.0,-100.0,93.1,93.5
48,49,1602.0,1675.0,73.0,-100.0,93.8,37.9
29,51,1442.0,1676.0,234.0,-100.0,92.5,84.4
51,64,1520.0,1676.0,156.0,-100.0,84.4,64.9
48,60,1560.0,1676.0,116.0,-100.0,93.8,40.3
14,59,1573.0,1676.0,103.0,-100.1,60.7,71.5
49,79,1437.0,1677.0,240.0,-100.0,37.9,81.7
72,74,1449.0,1677.0,228.0,-100.0,34.5,57.6
60,69,1519.0,1677.0,158.0,-100.0,40.3,93.5
11,28,1557.0,1677.0,120.0,-100.0,65.8,94.7
75,78,1557.0,1677.0,120.0,-100.0,82.5,91.2
51,79,1588.0,1677.0,89.0,-100.0,84.4,81.7
12,37,1508.0,1678.0,170.0,-100.0,64.3,72.6
30,75,1574.0,1678.0,104.0,-100.0,62.0,82.5
4,54,1597.0,1678.0,81.0,-100.0,91.5,84.0
11,72,1619.0,1679.0,60.0,-100.0,65.8,34.5
2,75,1626.0,1679.0,53.0,-100.0,35.3,82.5
6,26,1259.0,1680.0,421.0,-100.0,84.5,76.3
22,28,1551.0,1680.0,129.0,-100.0,54.0,94.7
4,34,1637.0,1680.0,43.0,-100.0,91.5,74.0
14,41,1675.0,1680.0,5.0,-100.1,60.7,77.0
49,55,1260.0,1681.0,421.0,-100.0,37.9,94.5
7,60,1404.0,1681.0,277.0,-100.0,82.9,40.3
11,29,1480.0,1681.0,201.0,-100.0,65.8,92.5
49,50,1538.0,1681.0,143.0,-100.1,37.9,95.4
30,66,1621.0,1681.0,60.0,-100.0,62.0,84.3
20,45,1455.0,1682.0,227.0,-99.9,57.5,35.0
56,69,1618.0,1682.0,64.0,-100.0,46.1,93.5
31,69,1601.0,1683.0,82.0,-100.0,51.3,93.5
50,54,1548.0,1684.0,136.0,-100.0,95.4,84.0
7,67,1584.0,1684.0,100.0,-100.0,82.9,62.8
47,59,1634.0,1684.0,50.0,-100.0,34.2,71.4
51,67,1470.0,1685.0,215.0,-100.0,84.4,62.8
7,64,1482.0,1685.0,203.0,-100.1,82.9,64.9
63,69,1630.0,1685.0,55.0,-100.0,60.9,93.5
25,70,1466.0,1686.0,220.0,-100.0,54.9,36.7
60,64,1522.0,1686.0,164.0,-100.0,40.3,64.9
6,79,1532.0,1686.0,154.0,-100.0,84.5,81.7
59,74,1598.0,1686.0,88.0,-100.2,71.4,57.6
38,45,1609.0,1686.0,77.0,-100.0,48.5,35.0
9,76,1617.0,1686.0,69.0,-100.0,82.8,75.3
11,59,1551.0,1687.0,136.0,-100.0,65.8,71.4
8,45,1566.0,1687.0,121.0,-100.0,73.3,35.0
19,48,1652.0,1687.0,35.0,-100.0,61.8,93.8
34,73,1096.0,1688.0,592.0,-100.0,74.0,74.4
3,6,1338.0,1688.0,350.0,-100.0,87.4,84.5
48,51,1521.0,1688.0,167.0,-100.0,93.8,84.4
7,29,1570.0,1688.0,118.0,-100.0,82.9,92.5
51,73,1592.0,1688.0,96.0,-100.1,84.4,74.4
49,58,1270.0,1689.0,419.0,-100.0,37.9,35.0
19,26,1391.0,1689.0,298.0,-100.0,61.8,76.3
42,67,1515.0,1689.0,174.0,-100.0,88.6,62.8
45,73,1569.0,1689.0,120.0,-100.0,35.0,74.4
37,69,1612.0,1689.0,77.0,-100.0,72.6,93.5
11,24,1630.0,1689.0,59.0,-100.0,65.8,51.2
9,66,1570.0,1690.0,120.0,-100.0,82.8,84.3
36,59,1640.0,1690.0,50.0,-100.0,65.6,71.4
12,28,1669.0,1690.0,21.0,-100.0,64.3,94.7
27,52,1506.0,1691.0,185.0,-100.0,49.1,69.9
2,53,1556.0,1691.0,135.0,-100.0,35.2,83.1
46,58,1604.0,1691.0,87.0,-100.0,79.1,35.0
25,63,1153.0,1692.0,539.0,-100.0,54.9,60.9
0,11,1470.0,1692.0,222.0,-100.0,31.9,65.8
1,13,1536.0,1692.0,156.0,-100.0,93.0,88.3
20,51,1600.0,1692.0,92.0,-100.0,57.5,84.4
5,46,1411.0,1693.0,282.0,-100.0,96.9,79.1
28,44,1461.0,1693.0,232.0,-100.0,94.7,71.3
28,51,1602.0,1694.0,92.0,-100.1,94.7,84.4
28,69,1651.0,1694.0,43.0,-100.0,94.7,93.5
21,55,1413.0,1695.0,282.0,-100.0,44.6,94.5
0,67,1423.0,1695.0,272.0,-100.0,31.9,62.8
71,73,1435.0,1695.0,260.0,-100.0,36.5,74.4
66,75,1550.0,1695.0,145.0,-100.0,84.3,82.5
60,79,1388.0,1696.0,308.0,-100.0,40.3,81.7
58,76,1558.0,1696.0,138.0,-100.0,35.0,75.3
7,26,1610.0,1696.0,86.0,-100.0,82.9,76.3
20,42,1380.0,1697.0,317.0,-100.0,57.5,88.6
26,46,1515.0,1697.0,182.0,-100.0,76.3,79.1
23,51,1537.0,1697.0,160.0,-100.1,53.9,84.4
3,46,1597.0,1697.0,100.0,-100.0,87.4,79.1
1,2,1598.0,1697.0,99.0,-100.0,93.0,35.2
1,58,1606.0,1697.0,91.0,-100.0,93.0,35.0
9,37,1647.0,1697.0,50.0,-100.0,82.8,72.6
9,56,1368.0,1698.0,330.0,-100.0,82.8,46.0
6,76,1475.0,1698.0,223.0,-100.0,84.4,75.3
8,44,1598.0,1698.0,100.0,-100.0,73.3,71.3
23,69,1618.0,1698.0,80.0,-100.0,53.9,93.5
16,49,860.0,1699.0,839.0,-100.0,73.1,37.9
1,67,1454.0,1699.0,245.0,-100.0,93.0,62.8
2,69,1484.0,1699.0,215.0,-100.0,35.2,93.5
6,46,1539.0,1699.0,160.0,-100.0,84.4,79.1
59,77,1604.0,1699.0,95.0,-100.0,71.4,51.7
4,50,1572.0,1700.0,128.0,-100.1,91.5,95.4
1,60,1579.0,1700.0,121.0,-100.0,93.0,40.3
66,69,1605.0,1700.0,95.0,-100.0,84.2,93.5
11,67,869.0,1701.0,832.0,-100.0,65.8,62.7
53,66,885.0,1702.0,817.0,-100.0,83.1,84.2
1,76,1568.0,1702.0,134.0,-100.0,93.0,75.3
7,46,1609.0,1702.0,93.0,-100.1,82.9,79.1
12,40,1259.0,1703.0,444.0,-100.0,64.3,42.5
63,75,1538.0,1703.0,165.0,-100.0,60.9,82.5
7,63,1635.0,1703.0,68.0,-100.0,82.9,60.9
46,69,1578.0,1704.0,126.0,-100.0,79.1,93.5
64,69,1595.0,1704.0,109.0,-100.1,64.9,93.5
16,51,1599.0,1704.0,105.0,-100.0,73.1,84.4
35,75,1618.0,1704.0,86.0,-100.0,84.6,82.5
13,31,1527.0,1705.0,178.0,-100.0,88.3,51.3
2,6,1538.0,1705.0,167.0,-100.0,35.2,84.4
31,60,1570.0,1706.0,136.0,-100.0,51.3,40.3
4,34,1685.0,1706.0,21.0,-100.0,91.5,74.0
3,29,1018.0,1707.0,689.0,-100.0,87.3,92.4
22,65,1156.0,1707.0,551.0,-100.0,54.0,81.8
13,73,1610.0,1707.0,97.0,-100.0,88.3,74.3
38,44,1622.0,1707.0,85.0,-100.0,48.5,71.3
22,72,1525.0,1708.0,183.0,-100.0,54.0,34.4
67,69,1623.0,1708.0,85.0,-100.0,62.7,93.5
35,68,1468.0,1709.0,241.0,-100.1,84.6,70.3
46,70,1533.0,1709.0,176.0,-100.0,79.1,36.7
29,69,1602.0,1709.0,107.0,-100.1,92.4,93.5
24,40,1608.0,1709.0,101.0,-100.0,51.2,42.5
69,76,1466.0,1710.0,244.0,-100.1,93.5,75.3
56,75,1540.0,1710.0,170.0,-100.0,46.0,82.5
2,19,1541.0,1710.0,169.0,-100.0,35.2,61.7
17,58,1584.0,1710.0,126.0,-100.0,46.9,34.9
18,73,1518.0,1711.0,193.0,-100.0,38.1,74.3
2,9,1557.0,1711.0,154.0,-100.0,35.2,82.8
1,23,1567.0,1711.0,144.0,-100.0,93.0,53.9
2,58,1574.0,1711.0,137.0,-100.0,35.2,34.9
20,69,1657.0,1711.0,54.0,-100.1,57.5,93.5
47,62,1059.0,1712.0,653.0,-100.0,34.2,68.4
46,56,1448.0,1712.0,264.0,-100.0,79.1,46.0
0,29,1473.0,1712.0,239.0,-100.0,31.9,92.4
19,76,1492.0,1712.0,220.0,-100.0,61.7,75.3
61,72,1540.0,1712.0,172.0,-100.0,67.8,34.4
37,46,1548.0,1712.0,164.0,-100.0,72.6,79.1
44,73,1571.0,1712.0,141.0,-100.1,71.3,74.3
24,42,1598.0,1712.0,114.0,-100.0,51.2,88.5
25,66,1600.0,1712.0,112.0,-100.0,54.8,84.2
7,24,1640.0,1712.0,72.0,-100.1,82.9,51.2
24,69,1649.0,1712.0,63.0,-99.9,51.2,93.5
1,34,1657.0,1712.0,55.0,-100.0,93.0,74.0
37,75,1499.0,1713.0,214.0,-100.0,72.6,82.5
11,20,1531.0,1713.0,182.0,-100.0,65.8,57.5
12,65,1565.0,1713.0,148.0,-100.0,64.3,81.8
12,72,1623.0,1713.0,90.0,-100.1,64.3,34.4
35,53,1632.0,1713.0,81.0,-100.0,84.6,83.1
69,72,1657.0,1713.0,56.0,-100.2,93.5,34.4
40,63,1472.0,1714.0,242.0,-100.0,42.5,60.9
53,63,1513.0,1714.0,201.0,-100.1,83.1,60.9
13,79,1551.0,1714.0,163.0,-100.0,88.3,81.7
68,75,1582.0,1715.0,133.0,-100.0,70.3,82.5
22,24,1601.0,1715.0,114.0,-100.0,54.0,51.2
31,43,1637.0,1715.0,78.0,-100.0,51.3,37.5
35,70,1643.0,1715.0,72.0,-100.0,84.6,36.7
40,69,1647.0,1715.0,68.0,-100.0,42.5,93.5
1,29,1467.0,1716.0,249.0,-100.0,93.0,92.4
13,64,1491.0,1716.0,225.0,-100.0,88.3,64.9
39,72,1497.0,1716.0,219.0,-100.1,79.7,34.4
42,72,1559.0,1716.0,157.0,-100.0,88.5,34.4
65,69,1640.0,1716.0,76.0,-100.1,81.8,93.5
24,61,1543.0,1717.0,174.0,-100.0,51.2,67.8
36,77,1649.0,1717.0,68.0,-99.9,65.6,51.6
1,50,1662.0,1717.0,55.0,-100.1,93.0,95.4
30,37,1673.0,1717.0,44.0,-99.9,61.9,72.6
23,44,1550.0,1718.0,168.0,-100.0,53.9,71.3
22,59,1575.0,1718.0,143.0,-100.0,54.0,71.4
28,73,1589.0,1718.0,129.0,-100.0,94.7,74.3
59,69,1669.0,1718.0,49.0,-100.2,71.4,93.5
61,65,1348.0,1719.0,371.0,-100.0,67.8,81.8
3,13,1429.0,1719.0,290.0,-100.0,87.3,88.3
10,70,1606.0,1719.0,113.0,-100.0,37.7,36.7
39,40,1014.0,1720.0,706.0,-100.0,79.7,42.4
9,53,1513.0,1720.0,207.0,-100.0,82.8,83.1
10,75,1605.0,1720.0,115.0,-100.0,37.7,82.5
12,59,1612.0,1720.0,108.0,-100.2,64.3,71.4
9,75,1605.0,1721.0,116.0,-100.0,82.8,82.5
34,64,1623.0,1721.0,98.0,-100.0,74.0,64.9
13,28,1626.0,1721.0,95.0,-99.9,88.3,94.7
31,34,1630.0,1721.0,91.0,-100.0,51.3,74.0
50,51,1661.0,1721.0,60.0,-100.0,95.4,84.3
24,39,1461.0,1722.0,261.0,-100.0,51.2,79.7
46,60,1574.0,1722.0,148.0,-100.0,79.1,40.3
7,12,1619.0,1722.0,103.0,-100.1,82.8,64.3
24,37,1629.0,1722.0,93.0,-100.0,51.2,72.6
2,31,1631.0,1722.0,91.0,-100.0,35.2,51.3
46,65,1649.0,1722.0,73.0,-100.0,79.1,81.8
22,67,1341.0,1723.0,382.0,-100.0,54.0,62.7
19,46,1464.0,1723.0,259.0,-100.0,61.7,79.1
39,65,1499.0,1723.0,224.0,-100.0,79.7,81.8
15,38,1577.0,1723.0,146.0,-100.0,55.2,48.4
7,76,1592.0,1723.0,131.0,-100.0,82.8,75.3
12,24,1600.0,1723.0,123.0,-100.0,64.3,51.2
59,61,1612.0,1723.0,111.0,-100.0,71.4,67.8
45,57,1652.0,1723.0,71.0,-100.0,34.9,69.6
39,48,1716.0,1723.0,7.0,-100.0,79.7,93.8
30,56,1451.0,1724.0,273.0,-100.0,61.9,46.0
13,48,1534.0,1724.0,190.0,-100.0,88.3,93.8
1,46,1574.0,1724.0,150.0,-100.0,93.0,79.1
39,59,1603.0,1724.0,121.0,-100.0,79.7,71.4
34,79,1610.0,1724.0,114.0,-100.0,74.0,81.7
70,72,1704.0,1725.0,21.0,-100.0,36.7,34.4
50,55,1552.0,1726.0,174.0,-100.0,95.4,94.5
45,51,1606.0,1726.0,120.0,-100.1,34.9,84.3
24,56,1651.0,1726.0,75.0,-100.0,51.2,46.0
20,44,1186.0,1727.0,541.0,-100.0,57.5,71.3
9,26,1308.0,1727.0,419.0,-100.0,82.8,76.3
44,67,1473.0,1727.0,254.0,-100.0,71.3,62.7
42,74,1559.0,1727.0,168.0,-100.0,88.5,57.6
24,65,1578.0,1727.0,149.0,-100.0,51.2,81.7
42,59,1580.0,1727.0,147.0,-100.0,88.5,71.4
2,29,1652.0,1727.0,75.0,-100.0,35.2,92.4
24,73,1685.0,1727.0,42.0,-100.0,51.2,74.3
15,71,1599.0,1728.0,129.0,-100.0,55.2,36.5
18,20,1698.0,1728.0,30.0,-100.0,38.1,57.5
35,78,1480.0,1729.0,249.0,-100.0,84.6,91.2
61,74,1527.0,1729.0,202.0,-100.0,67.8,57.6
70,76,1566.0,1729.0,163.0,-100.0,36.7,75.3
34,48,1595.0,1729.0,134.0,-100.0,74.0,93.8
50,57,1684.0,1729.0,45.0,-100.0,95.4,69.6
26,76,1495.0,1730.0,235.0,-100.0,76.3,75.3
10,63,1604.0,1730.0,126.0,-100.0,37.7,60.9
7,66,1632.0,1730.0,98.0,-100.1,82.8,84.2
28,34,1633.0,1730.0,97.0,-100.0,94.7,74.0
31,50,1660.0,1730.0,70.0,-100.0,51.3,95.4
4,71,1692.0,1730.0,38.0,-100.0,91.5,36.5
20,45,1700.0,1730.0,30.0,-100.0,57.5,34.9
2,28,1702.0,1730.0,28.0,-100.0,35.2,94.7
53,56,1473.0,1731.0,258.0,-100.0,83.1,46.0
47,61,1534.0,1731.0,197.0,-100.0,34.2,67.8
7,22,1613.0,1731.0,118.0,-100.0,82.8,54.0
14,47,1639.0,1731.0,92.0,-100.1,60.7,34.2
38,54,1726.0,1731.0,5.0,-100.0,48.4,83.9
44,71,1390.0,1732.0,342.0,-100.0,71.3,36.5
5,19,1526.0,1732.0,206.0,-100.0,96.8,61.7
1,64,1541.0,1732.0,191.0,-100.0,93.0,64.9
2,7,1625.0,1732.0,107.0,-100.0,35.2,82.8
0,69,1633.0,1732.0,99.0,-100.1,31.9,93.5
25,72,1710.0,1732.0,22.0,-100.0,54.8,34.4
54,55,1332.0,1733.0,401.0,-99.9,83.9,94.5
20,22,1522.0,1733.0,211.0,-100.0,57.4,54.0
1,6,1557.0,1733.0,176.0,-100.0,93.0,84.4
3,50,1585.0,1733.0,148.0,-100.0,87.3,95.4
7,39,1633.0,1733.0,100.0,-100.0,82.8,79.7
4,38,1648.0,1733.0,85.0,-100.1,91.5,48.4
7,61,1659.0,1733.0,74.0,-100.1,82.8,67.8
7,59,1665.0,1733.0,68.0,-100.3,82.8,71.4
22,29,1386.0,1734.0,348.0,-100.0,54.0,92.4
24,72,1452.0,1734.0,282.0,-100.0,51.2,34.4
41,62,1581.0,1734.0,153.0,-100.0,76.9,68.3
4,55,1611.0,1734.0,123.0,-100.0,91.5,94.5
7,37,1614.0,1734.0,120.0,-100.0,82.8,72.6
38,79,1635.0,1734.0,99.0,-100.0,48.4,81.6
12,48,1705.0,1734.0,29.0,-100.0,64.3,93.8
2,70,1589.0,1735.0,146.0,-100.1,35.2,36.6
28,43,1645.0,1735.0,90.0,-100.1,94.7,37.5
24,60,1681.0,1735.0,54.0,-100.0,51.2,40.3
7,69,1597.0,1736.0,139.0,-100.0,82.8,93.4
19,79,1634.0,1736.0,102.0,-100.0,61.7,81.6
28,50,1675.0,1736.0,61.0,-100.0,94.7,95.4
60,72,1696.0,1736.0,40.0,-100.1,40.3,34.4
31,76,1584.0,1737.0,153.0,-100.0,51.2,75.2
24,50,1713.0,1737.0,24.0,-100.1,51.2,95.4
16,50,1568.0,1738.0,170.0,-99.9,73.0,95.4
10,53,1611.0,1738.0,127.0,-100.0,37.7,83.0
5,72,1705.0,1738.0,33.0,-100.0,96.8,34.4
32,38,1724.0,1738.0,14.0,-100.0,65.7,48.4
30,35,1475.0,1739.0,264.0,-100.0,61.9,84.6
38,48,1631.0,1739.0,108.0,-100.0,48.4,93.8
63,72,1672.0,1739.0,67.0,-100.1,60.9,34.4
3,21,1676.0,1739.0,63.0,-100.0,87.3,44.5
38,67,1704.0,1739.0,35.0,-100.0,48.4,62.7
19,60,1560.0,1740.0,180.0,-100.0,61.7,40.2
38,50,1652.0,1740.0,88.0,-100.0,48.4,95.4
46,72,1678.0,1740.0,62.0,-100.0,79.1,34.4
42,66,1732.0,1740.0,8.0,-100.0,88.5,84.2
4,16,1581.0,1741.0,160.0,-100.1,91.4,73.0
14,27,1685.0,1741.0,56.0,-100.0,60.7,49.0
7,56,1636.0,1742.0,106.0,-100.0,82.8,46.0
25,35,1452.0,1743.0,291.0,-100.0,54.8,84.6
27,69,1737.0,1743.0,6.0,-100.0,49.0,93.4
31,67,1272.0,1744.0,472.0,-100.0,51.2,62.7
1,79,1609.0,1744.0,135.0,-100.0,93.0,81.6
26,72,1685.0,1744.0,59.0,-100.0,76.3,34.4
6,31,1330.0,1745.0,415.0,-100.0,84.4,51.2
53,70,1501.0,1745.0,244.0,-100.0,83.0,36.6
2,26,1552.0,1745.0,193.0,-100.0,35.2,76.3
0,24,1592.0,1745.0,153.0,-100.0,31.9,51.2
14,74,1593.0,1745.0,152.0,-100.0,60.6,57.6
34,67,1654.0,1745.0,91.0,-100.0,73.9,62.7
28,76,1680.0,1745.0,65.0,-100.0,94.7,75.2
60,76,1482.0,1746.0,264.0,-100.0,40.2,75.2
35,60,1696.0,1746.0,50.0,-100.0,84.6,40.2
3,49,1479.0,1747.0,268.0,-100.0,87.3,37.9
0,12,1554.0,1747.0,193.0,-100.0,31.9,64.2
35,63,1635.0,1747.0,112.0,-100.0,84.6,60.9
15,50,1656.0,1747.0,91.0,-100.0,55.2,95.4
46,59,1696.0,1747.0,51.0,-100.1,79.1,71.4
28,67,1577.0,1748.0,171.0,-100.0,94.7,62.7
19,58,1592.0,1748.0,156.0,-100.1,61.7,34.9
13,45,1663.0,1748.0,85.0,-100.0,88.3,34.9
59,79,1735.0,1748.0,13.0,-100.0,71.4,81.6
67,71,1423.0,1749.0,326.0,-100.0,62.7,36.4
48,73,1680.0,1749.0,69.0,-100.0,93.8,74.3
59,72,1612.0,1750.0,138.0,-100.0,71.4,34.4
7,77,1698.0,1750.0,52.0,-100.1,82.8,51.6
0,7,1610.0,1751.0,141.0,-100.0,31.9,82.8
16,67,1698.0,1751.0,53.0,-100.0,73.0,62.7
2,60,1532.0,1752.0,220.0,-100.0,35.2,40.2
23,34,1581.0,1752.0,171.0,-100.0,53.9,73.9
28,38,1638.0,1752.0,114.0,-100.1,94.7,48.4
26,63,1489.0,1753.0,264.0,-100.0,76.2,60.9
43,48,1582.0,1753.0,171.0,-100.0,37.5,93.8
71,79,1590.0,1753.0,163.0,-100.0,36.4,81.6
26,35,1650.0,1753.0,103.0,-100.0,76.2,84.6
0,14,1719.0,1753.0,34.0,-99.9,31.9,60.6
3,19,938.0,1754.0,816.0,-100.0,87.3,61.7
56,70,1443.0,1754.0,311.0,-100.0,46.0,36.6
64,71,1461.0,1754.0,293.0,-100.0,64.8,36.4
10,68,1521.0,1754.0,233.0,-100.0,37.7,70.2
40,59,1641.0,1754.0,113.0,-100.0,42.4,71.4
3,4,1559.0,1755.0,196.0,-100.1,87.3,91.4
12,76,1629.0,1755.0,126.0,-100.0,64.2,75.2
24,67,1644.0,1755.0,111.0,-100.0,51.2,62.7
2,24,1669.0,1755.0,86.0,-100.1,35.2,51.2
42,65,1270.0,1756.0,486.0,-100.0,88.5,81.7
7,65,1624.0,1756.0,132.0,-100.0,82.8,81.7
32,55,1564.0,1757.0,193.0,-100.0,65.7,94.5
63,65,1604.0,1757.0,153.0,-100.0,60.9,81.7
23,28,1606.0,1757.0,151.0,-100.0,53.9,94.7
28,55,1726.0,1758.0,32.0,-100.0,94.7,94.5
16,79,1418.0,1759.0,341.0,-100.0,73.0,81.6
28,29,1611.0,1759.0,148.0,-100.0,94.7,92.4
20,39,1650.0,1759.0,109.0,-100.0,57.4,79.7
31,38,1676.0,1759.0,83.0,-99.9,51.2,48.4
1,38,1691.0,1759.0,68.0,-100.0,93.0,48.4
37,72,1659.0,1760.0,101.0,-100.0,72.5,34.4
5,35,1676.0,1760.0,84.0,-100.0,96.8,84.5
35,59,1689.0,1760.0,71.0,-100.0,84.5,71.4
13,33,1696.0,1760.0,64.0,-100.0,88.3,87.6
12,20,1655.0,1761.0,106.0,-100.0,64.2,57.4
14,69,1692.0,1761.0,69.0,-100.0,60.6,93.4
45,50,1718.0,1761.0,43.0,-100.0,34.9,95.4
39,50,1740.0,1761.0,21.0,-100.0,79.7,95.4
46,63,1341.0,1762.0,421.0,-100.0,79.0,60.9
0,63,1601.0,1762.0,161.0,-100.0,31.9,60.9
20,34,1665.0,1762.0,97.0,-100.0,57.4,73.9
0,48,1715.0,1762.0,47.0,-100.0,31.9,93.8
19,21,1740.0,1762.0,22.0,-100.0,61.7,44.5
48,71,1234.0,1763.0,529.0,-100.0,93.8,36.4
1,48,1501.0,1763.0,262.0,-100.0,93.0,93.8
11,14,1559.0,1763.0,204.0,-100.0,65.8,60.6
5,6,1568.0,1763.0,195.0,-100.0,96.8,84.4
24,59,1617.0,1763.0,146.0,-100.0,51.2,71.4
24,76,1658.0,1763.0,105.0,-100.0,51.2,75.2
66,72,1665.0,1763.0,98.0,-100.1,84.2,34.4
3,67,1720.0,1763.0,43.0,-100.0,87.3,62.7
26,70,1467.0,1764.0,297.0,-99.9,76.2,36.6
36,41,1574.0,1764.0,190.0,-100.0,65.5,76.9
3,43,1602.0,1764.0,162.0,-100.0,87.3,37.5
23,31,1392.0,1765.0,373.0,-100.0,53.9,51.2
2,63,1620.0,1765.0,145.0,-100.0,35.2,60.9
29,34,1649.0,1765.0,116.0,-100.0,92.4,73.9
59,76,1688.0,1765.0,77.0,-100.1,71.4,75.2
2,59,1690.0,1765.0,75.0,-100.1,35.2,71.4
47,77,1573.0,1766.0,193.0,-100.0,34.1,51.6
0,59,1588.0,1766.0,178.0,-100.1,31.9,71.4
10,59,1701.0,1766.0,65.0,-100.1,37.7,71.4
3,34,1628.0,1767.0,139.0,-100.0,87.3,73.9
28,46,1673.0,1767.0,94.0,-100.1,94.7,79.0
7,78,1730.0,1767.0,37.0,-100.0,82.8,91.1
37,70,1449.0,1768.0,319.0,-100.0,72.5,36.6
37,63,1512.0,1768.0,256.0,-100.0,72.5,60.8
43,71,1589.0,1768.0,179.0,-100.1,37.5,36.4
14,42,1595.0,1768.0,173.0,-100.0,60.6,88.5
12,50,1730.0,1768.0,38.0,-100.0,64.2,95.4
29,31,965.0,1769.0,804.0,-100.0,92.4,51.2
16,48,1566.0,1769.0,203.0,-100.0,73.0,93.7
17,32,1691.0,1769.0,78.0,-100.0,46.9,65.7
24,29,1652.0,1770.0,118.0,-100.0,51.2,92.4
15,45,1655.0,1770.0,115.0,-100.0,55.2,34.9
36,69,1737.0,1770.0,33.0,-100.0,65.5,93.4
56,63,1241.0,1771.0,530.0,-100.0,46.0,60.8
28,71,1591.0,1771.0,180.0,-100.0,94.6,36.4
24,66,1653.0,1771.0,118.0,-100.1,51.2,84.2
50,73,1702.0,1771.0,69.0,-100.0,95.3,74.3
1,55,1706.0,1771.0,65.0,-100.0,93.0,94.4
6,17,1556.0,1772.0,216.0,-100.0,84.4,46.9
48,67,1660.0,1772.0,112.0,-100.0,93.7,62.7
56,72,1668.0,1772.0,104.0,-100.0,46.0,34.4
16,32,1706.0,1772.0,66.0,-100.0,73.0,65.7
65,72,1531.0,1773.0,242.0,-100.1,81.7,34.4
63,76,1608.0,1773.0,165.0,-100.0,60.8,75.2
16,28,1670.0,1773.0,103.0,-100.0,73.0,94.6
1,4,1697.0,1773.0,76.0,-100.0,93.0,91.4
23,71,1442.0,1774.0,332.0,-100.0,53.9,36.4
29,76,1538.0,1774.0,236.0,-100.0,92.4,75.2
46,66,1544.0,1774.0,230.0,-100.0,79.0,84.2
20,73,1583.0,1774.0,191.0,-100.0,57.4,74.3
28,64,1618.0,1774.0,156.0,-100.0,94.6,64.8
2,48,1694.0,1774.0,80.0,-100.0,35.2,93.7
32,71,1733.0,1774.0,41.0,-100.0,65.7,36.4
5,9,1534.0,1775.0,241.0,-100.0,96.8,82.8
33,45,1607.0,1775.0,168.0,-100.0,87.6,34.9
4,21,1618.0,1775.0,157.0,-100.0,91.4,44.5
35,37,1649.0,1775.0,126.0,-100.1,84.5,72.5
12,64,1654.0,1775.0,121.0,-100.0,64.2,64.8
14,45,1739.0,1775.0,36.0,-100.0,60.6,34.9
1,19,1518.0,1776.0,258.0,-100.0,93.0,61.7
17,19,1534.0,1776.0,242.0,-100.0,46.9,61.7
37,76,1551.0,1776.0,225.0,-100.0,72.5,75.2
21,32,1572.0,1776.0,204.0,-100.0,44.5,65.7
31,46,1610.0,1776.0,166.0,-100.0,51.2,79.0
9,60,1645.0,1776.0,131.0,-100.0,82.8,40.2
2,14,1746.0,1776.0,30.0,-100.0,35.2,60.6
28,59,1775.0,1776.0,1.0,-100.0,94.6,71.4
26,40,1305.0,1777.0,472.0,-100.0,76.2,42.4
17,54,1602.0,1777.0,175.0,-100.0,46.9,83.9
28,79,1653.0,1777.0,124.0,-100.0,94.6,81.6
58,63,1670.0,1777.0,107.0,-100.1,34.9,60.8
23,24,1676.0,1777.0,101.0,-100.0,53.9,51.1
30,72,1750.0,1778.0,28.0,-100.0,61.9,34.4
2,5,1255.0,1779.0,524.0,-100.0,35.2,96.8
20,28,1459.0,1779.0,320.0,-100.0,57.4,94.6
74,77,1495.0,1779.0,284.0,-100.0,57.5,51.6
18,50,1716.0,1780.0,64.0,-100.0,38.0,95.3
61,72,1724.0,1780.0,56.0,-100.0,67.8,34.4
14,22,1573.0,1781.0,208.0,-100.1,60.6,53.9
0,46,1636.0,1781.0,145.0,-100.0,31.9,79.0
24,46,1658.0,1781.0,123.0,-100.0,51.1,79.0
11,77,1662.0,1781.0,119.0,-100.0,65.7,51.6
12,69,1633.0,1782.0,149.0,-100.0,64.2,93.4
9,58,1644.0,1782.0,138.0,-100.0,82.7,34.9
10,60,1704.0,1783.0,79.0,-100.0,37.6,40.2
4,31,1708.0,1783.0,75.0,-100.1,91.4,51.2
14,35,1767.0,1783.0,16.0,-100.0,60.6,84.5
3,51,1771.0,1783.0,12.0,-100.0,87.3,84.3
5,76,996.0,1784.0,788.0,-99.9,96.8,75.2
12,42,1616.0,1784.0,168.0,-100.0,64.2,88.5
29,48,1647.0,1784.0,137.0,-100.0,92.4,93.7
32,46,1769.0,1784.0,15.0,-100.0,65.7,79.0
16,43,1541.0,1785.0,244.0,-100.0,73.0,37.5
2,37,1603.0,1785.0,182.0,-100.0,35.2,72.5
24,64,1668.0,1785.0,117.0,-100.0,51.1,64.8
7,62,1739.0,1785.0,46.0,-100.0,82.8,68.3
4,24,1744.0,1785.0,41.0,-100.1,91.4,51.1
30,68,1360.0,1786.0,426.0,-100.0,61.9,70.2
35,65,1673.0,1786.0,113.0,-100.1,84.5,81.7
4,54,1687.0,1786.0,99.0,-100.0,91.4,83.9
24,79,1687.0,1786.0,99.0,-100.0,51.1,81.6
20,76,1712.0,1786.0,74.0,-100.0,57.4,75.2
4,17,1714.0,1786.0,72.0,-100.0,91.4,46.9
0,39,1469.0,1787.0,318.0,-100.0,31.8,79.7
0,72,1611.0,1787.0,176.0,-100.0,31.8,34.4
60,63,1635.0,1787.0,152.0,-100.1,40.2,60.8
11,69,1664.0,1787.0,123.0,-100.0,65.7,93.4
72,76,1673.0,1787.0,114.0,-100.0,34.4,75.2
31,55,1724.0,1787.0,63.0,-100.0,51.2,94.4
24,55,1760.0,1788.0,28.0,-100.0,51.1,94.4
44,45,1471.0,1789.0,318.0,-100.0,71.2,34.9
31,79,1589.0,1789.0,200.0,-100.0,51.2,81.6
48,76,1662.0,1789.0,127.0,-100.0,93.7,75.2
10,72,1693.0,1789.0,96.0,-100.0,37.6,34.3
47,69,1705.0,1789.0,84.0,-100.1,34.1,93.4
1,16,1620.0,1790.0,170.0,-100.0,92.9,73.0
12,14,1686.0,1790.0,104.0,-100.1,64.2,60.6
64,66,1719.0,1790.0,71.0,-100.0,64.8,84.2
28,70,1773.0,1790.0,17.0,-100.0,94.6,36.6
16,64,1432.0,1791.0,359.0,-100.0,73.0,64.8
43,57,1485.0,1791.0,306.0,-100.0,37.5,69.5
11,61,1621.0,1791.0,170.0,-100.0,65.7,67.8
14,73,1699.0,1791.0,92.0,-100.2,60.6,74.3
39,72,1723.0,1791.0,68.0,-100.0,79.7,34.3
14,76,1737.0,1791.0,54.0,-100.0,60.6,75.2
23,48,1485.0,1792.0,307.0,-100.0,53.9,93.7
29,71,1515.0,1792.0,277.0,-100.0,92.4,36.4
29,73,1621.0,1792.0,171.0,-100.0,92.4,74.3
14,77,1630.0,1792.0,162.0,-100.0,60.6,51.6
12,77,1678.0,1792.0,114.0,-100.0,64.2,51.6
50,61,1739.0,1792.0,53.0,-100.0,95.3,67.8
4,59,1765.0,1792.0,27.0,-100.0,91.4,71.3
32,59,1770.0,1792.0,22.0,-100.0,65.7,71.3
69,74,1691.0,1793.0,102.0,-100.0,93.4,57.5
72,77,1731.0,1793.0,62.0,-100.1,34.3,51.6
16,24,1746.0,1793.0,47.0,-99.9,73.0,51.1
32,64,1764.0,1793.0,29.0,-100.1,65.7,64.8
11,42,1518.0,1794.0,276.0,-100.0,65.7,88.5
43,73,1601.0,1794.0,193.0,-100.0,37.5,74.3
9,59,1737.0,1794.0,57.0,-100.1,82.7,71.3
32,79,1752.0,1794.0,42.0,-100.0,65.7,81.6
0,22,804.0,1795.0,991.0,-100.0,31.8,53.9
51,71,1546.0,1795.0,249.0,-100.0,84.3,36.4
14,39,1595.0,1795.0,200.0,-100.0,60.6,79.6
41,47,1603.0,1795.0,192.0,-100.0,76.8,34.1
35,66,1635.0,1795.0,160.0,-100.1,84.5,84.2
46,48,1658.0,1796.0,138.0,-100.1,79.0,93.7
31,64,1339.0,1797.0,458.0,-100.0,51.2,64.8
35,56,1633.0,1797.0,164.0,-100.0,84.5,45.9
13,57,1658.0,1797.0,139.0,-100.0,88.2,69.5
63,79,1708.0,1797.0,89.0,-100.0,60.8,81.6
40,41,1771.0,1797.0,26.0,-100.0,42.4,76.8
26,66,1433.0,1798.0,365.0,-100.0,76.2,84.1
42,47,1620.0,1798.0,178.0,-100.0,88.5,34.1
65,76,1649.0,1798.0,149.0,-100.0,81.7,75.2
50,67,1685.0,1798.0,113.0,-100.0,95.3,62.7
4,49,1692.0,1798.0,106.0,-100.1,91.4,37.8
58,75,1704.0,1798.0,94.0,-100.0,34.9,82.4
1,3,1547.0,1799.0,252.0,-100.0,92.9,87.3
35,72,1683.0,1799.0,116.0,-100.1,84.5,34.3
33,34,1730.0,1799.0,69.0,-100.0,87.6,73.9
14,48,1742.0,1799.0,57.0,-100.0,60.6,93.7
41,72,1747.0,1799.0,52.0,-100.1,76.8,34.3
2,46,1501.0,1800.0,299.0,-100.0,35.1,79.0
40,66,1520.0,1800.0,280.0,-99.9,42.4,84.1
43,50,1630.0,1800.0,170.0,-100.1,37.4,95.3
2,65,1665.0,1801.0,136.0,-100.1,35.1,81.7
40,72,1640.0,1802.0,162.0,-100.0,42.4,34.3
45,73,1692.0,1802.0,110.0,-100.0,34.9,74.2
58,59,1735.0,1802.0,67.0,-100.1,34.9,71.3
9,66,1776.0,1802.0,26.0,-99.9,82.7,84.1
16,54,1334.0,1803.0,469.0,-100.0,73.0,83.9
3,38,1653.0,1803.0,150.0,-100.0,87.2,48.4
50,51,1750.0,1803.0,53.0,-100.1,95.3,84.3
13,31,1792.0,1803.0,11.0,-100.0,88.2,51.2
44,50,1695.0,1804.0,109.0,-100.0,71.2,95.3
6,59,1746.0,1804.0,58.0,-100.0,84.3,71.3
2,66,1579.0,1805.0,226.0,-100.1,35.1,84.1
5,63,1627.0,1805.0,178.0,-100.0,96.8,60.8
2,72,1679.0,1805.0,126.0,-100.0,35.1,34.3
11,41,1721.0,1805.0,84.0,-100.0,65.7,76.8
14,18,1753.0,1805.0,52.0,-100.0,60.6,38.0
0,61,1378.0,1806.0,428.0,-100.0,31.8,67.7
59,63,1695.0,1806.0,111.0,-100.0,71.3,60.8
7,30,1711.0,1806.0,95.0,-100.0,82.8,61.9
69,72,1745.0,1806.0,61.0,-100.2,93.4,34.3
54,71,1732.0,1807.0,75.0,-100.0,83.9,36.4
36,47,952.0,1808.0,856.0,-100.0,65.5,34.1
1,54,1673.0,1808.0,135.0,-100.1,92.9,83.8
48,59,1746.0,1808.0,62.0,-100.1,93.7,71.3
34,43,1553.0,1809.0,256.0,-100.0,73.9,37.4
23,38,1583.0,1809.0,226.0,-100.0,53.8,48.4
16,31,1598.0,1809.0,211.0,-100.0,73.0,51.2
39,69,1650.0,1809.0,159.0,-100.0,79.6,93.4
20,43,1666.0,1809.0,143.0,-100.0,57.4,37.4
1,32,1704.0,1809.0,105.0,-100.0,92.9,65.7
5,58,1624.0,1810.0,186.0,-100.0,96.8,34.8
1,28,1655.0,1810.0,155.0,-100.1,92.9,94.6
61,69,1666.0,1810.0,144.0,-100.0,67.7,93.4
18,34,1717.0,1810.0,93.0,-100.0,38.0,73.9
20,51,1764.0,1810.0,46.0,-100.0,57.4,84.3
20,67,1564.0,1811.0,247.0,-100.0,57.4,62.6
10,26,1638.0,1811.0,173.0,-100.0,37.6,76.2
14,67,1724.0,1811.0,87.0,-100.0,60.6,62.6
19,59,1755.0,1811.0,56.0,-100.0,61.6,71.3
20,32,1763.0,1811.0,48.0,-100.0,57.4,65.7
6,49,1437.0,1812.0,375.0,-100.0,84.3,37.8
48,64,1494.0,1812.0,318.0,-100.1,93.7,64.8
17,28,1770.0,1812.0,42.0,-100.1,46.8,94.6
48,79,1564.0,1813.0,249.0,-100.0,93.7,81.6
35,40,1649.0,1813.0,164.0,-100.0,84.5,42.4
38,50,1746.0,1813.0,67.0,-100.0,48.4,95.3
23,73,1177.0,1815.0,638.0,-100.0,53.8,74.2
66,76,1515.0,1815.0,300.0,-100.0,84.1,75.2
12,29,1542.0,1815.0,273.0,-100.0,64.2,92.3
0,64,1638.0,1815.0,177.0,-100.0,31.8,64.8
72,73,1754.0,1815.0,61.0,-100.0,34.3,74.2
43,79,1260.0,1816.0,556.0,-100.0,37.4,81.6
10,78,1552.0,1817.0,265.0,-100.0,37.6,91.1
57,71,1624.0,1817.0,193.0,-100.0,69.5,36.4
19,24,1715.0,1817.0,102.0,-100.1,61.6,51.1
42,72,1721.0,1817.0,96.0,-100.1,88.4,34.3
20,38,1729.0,1817.0,88.0,-100.0,57.4,48.4
68,75,1731.0,1817.0,86.0,-100.0,70.2,82.4
30,37,1750.0,1817.0,67.0,-100.0,61.8,72.5
22,46,1744.0,1818.0,74.0,-100.0,53.9,79.0
32,70,1768.0,1818.0,50.0,-100.0,65.7,36.6
10,35,1520.0,1819.0,299.0,-100.0,37.6,84.5
13,71,1561.0,1819.0,258.0,-100.0,88.2,36.4
9,70,1121.0,1820.0,699.0,-100.0,82.7,36.6
10,66,1625.0,1820.0,195.0,-100.0,37.6,84.1
19,49,1649.0,1820.0,171.0,-100.0,61.6,37.8
22,69,1649.0,1820.0,171.0,-100.0,53.9,93.4
12,23,1686.0,1820.0,134.0,-100.0,64.2,53.8
22,72,1731.0,1820.0,89.0,-100.0,53.9,34.3
28,50,1803.0,1820.0,17.0,-100.0,94.6,95.3
46,73,1706.0,1821.0,115.0,-100.0,79.0,74.2
7,36,1711.0,1821.0,110.0,-99.9,82.7,65.5
12,41,1735.0,1821.0,86.0,-100.1,64.2,76.8
32,50,1774.0,1821.0,47.0,-100.2,65.7,95.3
17,32,1806.0,1821.0,15.0,-100.0,46.8,65.7
8,18,1144.0,1822.0,678.0,-99.9,73.2,38.0
13,15,1621.0,1822.0,201.0,-100.0,88.2,55.1
59,60,1709.0,1822.0,113.0,-100.1,71.3,40.2
14,31,1792.0,1822.0,30.0,-100.1,60.6,51.2
42,61,1361.0,1823.0,462.0,-100.0,88.4,67.7
21,54,1449.0,1824.0,375.0,-100.0,44.5,83.8
20,24,1670.0,1824.0,154.0,-100.0,57.4,51.1
12,73,1673.0,1824.0,151.0,-100.0,64.2,74.2
16,51,1742.0,1824.0,82.0,-100.0,72.9,84.2
21,28,1757.0,1824.0,67.0,-100.0,44.5,94.6
48,50,1606.0,1825.0,219.0,-100.1,93.7,95.3
30,65,1703.0,1825.0,122.0,-100.0,61.8,81.6
35,69,1752.0,1825.0,73.0,-100.2,84.5,93.4
0,35,1690.0,1826.0,136.0,-100.1,31.8,84.5
3,24,1724.0,1826.0,102.0,-100.0,87.2,51.1
24,50,1758.0,1826.0,68.0,-100.0,51.1,95.3
14,71,1787.0,1826.0,39.0,-100.0,60.6,36.4
13,38,1617.0,1827.0,210.0,-100.0,88.2,48.3
41,69,1716.0,1827.0,111.0,-100.0,76.8,93.4
51,64,1807.0,1827.0,20.0,-100.0,84.2,64.8
60,75,1686.0,1828.0,142.0,-100.0,40.2,82.4
72,74,1777.0,1828.0,51.0,-100.0,34.3,57.5
16,23,1558.0,1829.0,271.0,-100.0,72.9,53.8
18,45,1596.0,1829.0,233.0,-100.0,38.0,34.8
24,28,1678.0,1829.0,151.0,-100.0,51.1,94.6
41,74,1696.0,1829.0,133.0,-100.0,76.8,57.5
0,7,1763.0,1829.0,66.0,-100.0,31.8,82.7
7,77,1765.0,1829.0,64.0,-100.0,82.7,51.5
50,63,1801.0,1829.0,28.0,-100.1,95.3,60.8
6,58,1519.0,1830.0,311.0,-100.0,84.3,34.8
22,77,1661.0,1830.0,169.0,-100.1,53.9,51.5
7,69,1750.0,1830.0,80.0,-100.1,82.7,93.4
34,51,1605.0,1831.0,226.0,-100.1,73.8,84.2
24,48,1688.0,1831.0,143.0,-100.0,51.1,93.7
7,41,1730.0,1831.0,101.0,-100.0,82.7,76.8
4,9,1739.0,1831.0,92.0,-100.0,91.4,82.7
64,73,1601.0,1832.0,231.0,-100.0,64.8,74.2
7,72,1650.0,1832.0,182.0,-100.1,82.7,34.3
8,74,1736.0,1832.0,96.0,-100.0,73.1,57.5
11,35,1821.0,1832.0,11.0,-100.0,65.7,84.5
38,43,1570.0,1833.0,263.0,-100.0,48.3,37.4
55,71,1676.0,1833.0,157.0,-100.0,94.4,36.4
13,18,1683.0,1833.0,150.0,-100.0,88.2,37.9
26,59,1702.0,1833.0,131.0,-100.0,76.2,71.3
3,71,1541.0,1834.0,293.0,-100.0,87.2,36.4
56,60,1627.0,1834.0,207.0,-100.0,45.9,40.2
2,64,1646.0,1834.0,188.0,-100.0,35.1,64.7
69,73,1666.0,1834.0,168.0,-100.0,93.4,74.2
24,54,1733.0,1834.0,101.0,-100.0,51.1,83.8
21,32,1787.0,1834.0,47.0,-100.0,44.4,65.6
46,76,1468.0,1835.0,367.0,-100.0,79.0,75.2
10,25,1504.0,1835.0,331.0,-100.0,37.6,54.7
38,71,1532.0,1835.0,303.0,-100.1,48.3,36.4
39,77,1659.0,1835.0,176.0,-100.0,79.6,51.5
41,42,1718.0,1835.0,117.0,-100.1,76.8,88.4
59,70,1719.0,1835.0,116.0,-100.0,71.3,36.5
40,77,1734.0,1835.0,101.0,-100.0,42.3,51.5
24,32,1741.0,1835.0,94.0,-100.2,51.1,65.6
67,77,1752.0,1835.0,83.0,-100.0,62.6,51.5
14,54,1789.0,1835.0,46.0,-100.0,60.6,83.8
13,51,1452.0,1836.0,384.0,-100.1,88.2,84.2
63,70,1489.0,1836.0,347.0,-100.1,60.8,36.5
39,42,1564.0,1836.0,272.0,-100.0,79.6,88.4
51,57,1638.0,1836.0,198.0,-100.0,84.2,69.5
42,67,1787.0,1836.0,49.0,-100.0,88.4,62.6
63,66,1544.0,1838.0,294.0,-100.1,60.8,84.1
19,31,1617.0,1838.0,221.0,-100.0,61.6,51.1
20,48,1675.0,1838.0,163.0,-100.0,57.3,93.7
66,79,1719.0,1838.0,119.0,-99.9,84.1,81.5
46,77,1749.0,1838.0,89.0,-100.0,79.0,51.5
33,43,1674.0,1839.0,165.0,-99.9,87.6,37.4
73,77,1712.0,1839.0,127.0,-100.0,74.2,51.5
31,50,1767.0,1839.0,72.0,-100.2,51.1,95.3
3,32,1696.0,1840.0,144.0,-100.0,87.2,65.6
54,79,1709.0,1840.0,131.0,-100.0,83.8,81.5
22,41,1725.0,1840.0,115.0,-100.1,53.9,76.8
41,73,1747.0,1840.0,93.0,-100.1,76.8,74.2
4,63,1749.0,1840.0,91.0,-100.1,91.3,60.8
0,41,1762.0,1840.0,78.0,-100.0,31.8,76.8
2,41,1763.0,1840.0,77.0,-100.0,35.1,76.8
59,79,1810.0,1840.0,30.0,-99.9,71.3,81.5
7,40,1640.0,1841.0,201.0,-100.0,82.7,42.3
35,77,1737.0,1841.0,104.0,-100.0,84.5,51.5
14,38,1777.0,1841.0,64.0,-100.0,60.6,48.3
11,12,1628.0,1842.0,214.0,-100.0,65.7,64.2
10,37,1642.0,1842.0,200.0,-100.0,37.6,72.5
58,70,1646.0,1842.0,196.0,-100.0,34.8,36.5
10,65,1684.0,1842.0,158.0,-100.0,37.6,81.6
33,44,1625.0,1843.0,218.0,-100.0,87.6,71.2
20,79,1677.0,1843.0,166.0,-100.0,57.3,81.5
53,58,1684.0,1843.0,159.0,-100.0,82.9,34.8
2,61,1723.0,1843.0,120.0,-100.0,35.1,67.7
59,77,1799.0,1843.0,44.0,-100.0,71.3,51.5
49,54,1266.0,1844.0,578.0,-100.0,37.8,83.8
70,75,1484.0,1844.0,360.0,-100.0,36.5,82.4
2,56,1579.0,1844.0,265.0,-100.0,35.1,45.9
11,39,1596.0,1845.0,249.0,-100.0,65.7,79.6
35,42,1725.0,1845.0,120.0,-100.0,84.5,88.4
2,69,1757.0,1845.0,88.0,-100.1,35.1,93.3
20,44,1769.0,1845.0,76.0,-100.0,57.3,71.2
50,77,1836.0,1845.0,9.0,-100.0,95.3,51.5
3,16,1469.0,1846.0,377.0,-100.0,87.2,72.9
12,22,1581.0,1846.0,265.0,-100.0,64.1,53.9
29,79,1609.0,1846.0,237.0,-100.0,92.3,81.5
44,57,1663.0,1846.0,183.0,-100.0,71.2,69.5
2,77,1738.0,1846.0,108.0,-100.1,35.1,51.5
28,49,1739.0,1846.0,107.0,-100.1,94.6,37.8
4,58,1775.0,1846.0,71.0,-100.0,91.3,34.8
59,66,1680.0,1847.0,167.0,-100.1,71.3,84.1
61,73,1686.0,1847.0,161.0,-100.0,67.7,74.2
14,16,1775.0,1847.0,72.0,-100.0,60.5,72.9
60,68,1820.0,1847.0,27.0,-100.0,40.1,70.1
40,65,1560.0,1848.0,288.0,-100.0,42.3,81.6
26,75,1576.0,1848.0,272.0,-100.0,76.2,82.4
59,65,1594.0,1848.0,254.0,-100.0,71.3,81.6
13,16,1501.0,1849.0,348.0,-100.1,88.2,72.9
13,43,1600.0,1849.0,249.0,-100.0,88.2,37.4
37,59,1680.0,1849.0,169.0,-100.0,72.5,71.3
65,78,1732.0,1849.0,117.0,-100.0,81.6,91.0
50,54,1776.0,1849.0,73.0,-100.0,95.3,83.8
50,71,1653.0,1850.0,197.0,-100.0,95.3,36.3
48,66,1724.0,1850.0,126.0,-100.1,93.7,84.1
69,79,1787.0,1850.0,63.0,-100.0,93.3,81.5
41,43,1797.0,1850.0,53.0,-100.0,76.8,37.4
3,48,1510.0,1851.0,341.0,-100.0,87.2,93.7
20,46,1690.0,1851.0,161.0,-100.0,57.3,78.9
20,61,1695.0,1851.0,156.0,-100.0,57.3,67.7
69,76,1759.0,1851.0,92.0,-100.0,93.3,75.1
12,74,1284.0,1852.0,568.0,-100.0,64.1,57.4
18,57,1535.0,1852.0,317.0,-100.0,37.9,69.5
38,51,1608.0,1852.0,244.0,-100.0,48.3,84.2
14,20,1718.0,1852.0,134.0,-100.1,60.5,57.3
14,34,1785.0,1852.0,67.0,-100.0,60.5,73.8
28,31,1615.0,1853.0,238.0,-100.0,94.6,51.1
4,48,1802.0,1853.0,51.0,-100.0,91.3,93.7
58,65,1845.0,1853.0,8.0,-100.0,34.8,81.6
61,77,1495.0,1854.0,359.0,-100.0,67.7,51.5
39,47,1544.0,1854.0,310.0,-100.0,79.6,34.1
41,67,1772.0,1854.0,82.0,-100.1,76.8,62.6
30,69,1797.0,1854.0,57.0,-100.0,61.8,93.3
13,67,1555.0,1855.0,300.0,-100.0,88.2,62.6
3,46,1718.0,1855.0,137.0,-100.0,87.2,78.9
14,77,1824.0,1855.0,31.0,-100.0,60.5,51.5
29,67,1316.0,1856.0,540.0,-100.0,92.3,62.6
42,77,1516.0,1856.0,340.0,-100.0,88.4,51.5
6,9,1632.0,1856.0,224.0,-100.0,84.3,82.7
31,32,1718.0,1856.0,138.0,-100.0,51.1,65.6
35,41,1757.0,1856.0,99.0,-100.0,84.5,76.8
0,73,1723.0,1857.0,134.0,-100.0,31.8,74.2
39,41,1728.0,1857.0,129.0,-100.0,79.6,76.8
41,76,1765.0,1857.0,92.0,-100.0,76.8,75.1
10,77,1773.0,1857.0,84.0,-100.0,37.6,51.5
3,55,1623.0,1858.0,235.0,-99.9,87.2,94.4
53,59,1763.0,1858.0,95.0,-100.0,82.9,71.3
25,59,1796.0,1858.0,62.0,-100.0,54.7,71.3
59,69,1800.0,1858.0,58.0,-100.1,71.3,93.3
9,19,1241.0,1859.0,618.0,-100.0,82.7,61.6
37,40,1329.0,1859.0,530.0,-100.0,72.4,42.3
24,63,1645.0,1859.0,214.0,-100.0,51.1,60.8
5,59,1715.0,1859.0,144.0,-100.0,96.7,71.3
12,27,1738.0,1859.0,121.0,-100.0,64.1,48.9
20,55,1744.0,1859.0,115.0,-100.0,57.3,94.4
48,70,1776.0,1859.0,83.0,-100.0,93.7,36.5
14,73,1858.0,1859.0,1.0,-100.0,60.5,74.2
32,49,1504.0,1860.0,356.0,-100.1,65.6,37.8
12,61,1612.0,1860.0,248.0,-100.0,64.1,67.7
3,9,1814.0,1860.0,46.0,-100.0,87.2,82.7
25,60,1748.0,1861.0,113.0,-100.0,54.7,40.1
13,35,1813.0,1861.0,48.0,-100.0,88.2,84.4
0,2,1664.0,1862.0,198.0,-100.0,31.8,35.1
9,28,1746.0,1862.0,116.0,-100.0,82.7,94.6
12,14,1849.0,1862.0,13.0,-100.0,64.1,60.5
27,74,1681.0,1863.0,182.0,-100.0,48.9,57.4
65,75,1751.0,1863.0,112.0,-100.0,81.6,82.3
65,68,1840.0,1863.0,23.0,-100.0,81.6,70.1
76,77,1736.0,1864.0,128.0,-100.1,75.1,51.5
16,44,1770.0,1864.0,94.0,-99.9,72.9,71.1
4,32,1552.0,1865.0,313.0,-100.0,91.3,65.6
37,75,1730.0,1865.0,135.0,-100.1,72.4,82.3
38,44,1742.0,1865.0,123.0,-100.0,48.3,71.1
62,72,1788.0,1865.0,77.0,-100.0,68.2,34.3
50,79,1578.0,1866.0,288.0,-100.0,95.3,81.5
20,29,1614.0,1866.0,252.0,-100.0,57.3,92.3
53,68,1671.0,1866.0,195.0,-100.0,82.9,70.1
1,17,1716.0,1866.0,150.0,-100.0,92.9,46.8
35,73,1754.0,1866.0,112.0,-100.0,84.4,74.2
10,69,1774.0,1866.0,92.0,-100.1,37.6,93.3
0,59,1782.0,1866.0,84.0,-100.1,31.8,71.3
7,42,1649.0,1867.0,218.0,-100.1,82.7,88.4
3,28,1669.0,1867.0,198.0,-100.0,87.2,94.6
22,61,1380.0,1868.0,488.0,-100.0,53.9,67.7
42,69,1660.0,1868.0,208.0,-100.0,88.4,93.3
3,29,1712.0,1868.0,156.0,-100.0,87.2,92.3
9,32,1745.0,1868.0,123.0,-100.1,82.7,65.6
46,79,1640.0,1869.0,229.0,-100.0,78.9,81.5
33,51,1653.0,1869.0,216.0,-100.0,87.5,84.2
20,50,1690.0,1869.0,179.0,-100.1,57.3,95.3
41,46,1781.0,1869.0,88.0,-100.0,76.8,78.9
12,44,1793.0,1869.0,76.0,-100.0,64.1,71.1
69,75,1802.0,1869.0,67.0,-100.0,93.3,82.3
34,38,1453.0,1870.0,417.0,-100.1,73.8,48.3
2,35,1682.0,1870.0,188.0,-100.1,35.1,84.4
61,76,1714.0,1870.0,156.0,-100.0,67.7,75.1
56,59,1684.0,1871.0,187.0,-100.0,45.9,71.3
26,56,1380.0,1872.0,492.0,-100.0,76.1,45.9
56,76,1504.0,1872.0,368.0,-100.0,45.9,75.1
6,63,1666.0,1872.0,206.0,-100.0,84.3,60.7
28,63,1725.0,1872.0,147.0,-100.1,94.5,60.7
3,50,1750.0,1872.0,122.0,-100.0,87.2,95.2
29,51,1759.0,1872.0,113.0,-100.0,92.3,84.2
41,55,1822.0,1872.0,50.0,-100.0,76.8,94.3
38,52,1851.0,1872.0,21.0,-100.0,48.3,69.7
11,73,1564.0,1873.0,309.0,-100.0,65.7,74.2
19,63,1601.0,1873.0,272.0,-100.0,61.6,60.7
39,73,1679.0,1873.0,194.0,-100.0,79.6,74.2
7,10,1702.0,1873.0,171.0,-100.0,82.7,37.5
1,24,1721.0,1873.0,152.0,-100.1,92.9,51.1
59,78,1830.0,1873.0,43.0,-100.0,71.3,91.0
24,71,1747.0,1874.0,127.0,-100.0,51.0,36.3
40,69,1757.0,1874.0,117.0,-100.1,42.3,93.3
23,77,1765.0,1874.0,109.0,-100.0,53.8,51.5
54,66,1802.0,1874.0,72.0,-100.0,83.8,84.1
32,63,1750.0,1875.0,125.0,-100.1,65.6,60.7
23,51,1769.0,1875.0,106.0,-100.0,53.8,84.2
41,50,1823.0,1875.0,52.0,-100.0,76.8,95.2
3,31,315.0,1876.0,1561.0,-100.0,87.2,51.1
13,46,1753.0,1876.0,123.0,-100.0,88.2,78.9
41,79,1781.0,1876.0,95.0,-100.0,76.8,81.5
13,39,1813.0,1876.0,63.0,-100.0,88.2,79.6
14,41,1815.0,1876.0,61.0,-100.0,60.5,76.8
4,77,1840.0,1876.0,36.0,-100.1,91.3,51.5
20,23,1606.0,1877.0,271.0,-100.0,57.3,53.8
34,57,1385.0,1878.0,493.0,-100.0,73.8,69.4
13,29,1412.0,1878.0,466.0,-100.0,88.2,92.3
5,26,1559.0,1878.0,319.0,-100.0,96.7,76.1
14,51,1772.0,1878.0,106.0,-100.1,60.5,84.2
59,76,1793.0,1878.0,85.0,-100.0,71.3,75.1
25,75,1565.0,1879.0,314.0,-100.0,54.7,82.3
14,29,1724.0,1879.0,155.0,-100.0,60.5,92.3
35,79,1755.0,1879.0,124.0,-100.0,84.4,81.5
56,77,1777.0,1879.0,102.0,-100.0,45.9,51.5
29,41,1796.0,1879.0,83.0,-100.1,92.3,76.8
31,48,1432.0,1880.0,448.0,-100.0,51.1,93.6
13,50,1649.0,1880.0,231.0,-100.1,88.1,95.2
35,76,1695.0,1880.0,185.0,-100.0,84.4,75.1
4,6,1731.0,1880.0,149.0,-100.0,91.3,84.3
32,66,1773.0,1880.0,107.0,-100.0,65.6,84.1
4,60,1801.0,1880.0,79.0,-100.1,91.3,40.1
14,52,1840.0,1880.0,40.0,-100.0,60.5,69.7
11,74,1573.0,1881.0,308.0,-100.0,65.6,57.4
34,46,1809.0,1881.0,72.0,-100.0,73.8,78.9
41,44,1817.0,1881.0,64.0,-100.0,76.8,71.1
13,55,1694.0,1882.0,188.0,-100.0,88.1,94.3
61,74,1742.0,1882.0,140.0,-100.0,67.7,57.4
26,60,1546.0,1883.0,337.0,-100.0,76.1,40.1
7,27,1847.0,1883.0,36.0,-100.0,82.7,48.9
24,31,1683.0,1884.0,201.0,-100.0,51.0,51.1
55,57,1704.0,1884.0,180.0,-100.0,94.3,69.4
41,61,1728.0,1884.0,156.0,-100.1,76.8,67.7
14,15,1817.0,1884.0,67.0,-100.0,60.5,55.1
12,67,1560.0,1885.0,325.0,-100.0,64.1,62.6
34,50,1644.0,1885.0,241.0,-100.1,73.8,95.2
34,55,1656.0,1885.0,229.0,-100.0,73.8,94.3
77,79,1760.0,1885.0,125.0,-100.0,51.5,81.5
14,50,1732.0,1886.0,154.0,-100.0,60.5,95.2
14,46,1734.0,1886.0,152.0,-100.1,60.5,78.9
7,73,1785.0,1886.0,101.0,-100.0,82.7,74.2
51,61,1805.0,1886.0,81.0,-100.0,84.2,67.7
32,54,1521.0,1887.0,366.0,-100.0,65.6,83.8
53,60,1568.0,1887.0,319.0,-100.0,82.9,40.1
34,44,1619.0,1887.0,268.0,-100.0,73.8,71.1
2,39,1721.0,1887.0,166.0,-100.0,35.0,79.6
7,11,1798.0,1887.0,89.0,-100.0,82.7,65.6
14,18,1818.0,1887.0,69.0,-100.0,60.5,37.9
20,64,1629.0,1888.0,259.0,-100.0,57.3,64.7
48,54,1738.0,1888.0,150.0,-100.0,93.6,83.8
16,55,1268.0,1889.0,621.0,-100.0,72.9,94.3
5,60,1626.0,1889.0,263.0,-100.0,96.7,40.1
69,77,1689.0,1889.0,200.0,-99.9,93.3,51.5
31,54,1690.0,1889.0,199.0,-100.0,51.1,83.8
75,78,1772.0,1889.0,117.0,-100.0,82.3,91.0
3,63,1778.0,1889.0,111.0,-100.0,87.2,60.7
32,77,1859.0,1889.0,30.0,-100.0,65.6,51.5
58,69,1873.0,1889.0,16.0,-100.0,34.8,93.3
15,34,1563.0,1890.0,327.0,-100.0,55.1,73.8
0,76,1637.0,1890.0,253.0,-100.0,31.7,75.1
23,76,1663.0,1890.0,227.0,-100.0,53.8,75.1
12,45,1744.0,1890.0,146.0,-100.0,64.1,34.8
66,77,1766.0,1890.0,124.0,-100.0,84.1,51.5
42,59,1809.0,1890.0,81.0,-100.0,88.4,71.2
4,19,1719.0,1891.0,172.0,-100.1,91.3,61.6
9,54,1732.0,1891.0,159.0,-100.0,82.6,83.8
16,50,1749.0,1891.0,142.0,-100.0,72.9,95.2
14,55,1773.0,1891.0,118.0,-100.0,60.5,94.3
23,41,1787.0,1891.0,104.0,-100.1,53.8,76.7
4,26,1838.0,1891.0,53.0,-100.0,91.3,76.1
0,30,1847.0,1891.0,44.0,-100.0,31.7,61.8
44,51,1560.0,1892.0,332.0,-100.0,71.1,84.2
28,48,1660.0,1892.0,232.0,-100.0,94.5,93.6
4,28,1720.0,1892.0,172.0,-100.1,91.3,94.5
36,72,1760.0,1892.0,132.0,-100.0,65.4,34.2
66,75,1764.0,1892.0,128.0,-100.0,84.1,82.3
14,35,1825.0,1892.0,67.0,-100.1,60.5,84.4
51,74,1855.0,1892.0,37.0,-100.0,84.2,57.4
26,53,1355.0,1893.0,538.0,-100.0,76.1,82.9
64,67,1524.0,1893.0,369.0,-100.0,64.7,62.6
61,67,1720.0,1893.0,173.0,-100.1,67.7,62.6
61,79,1741.0,1893.0,152.0,-100.1,67.7,81.5
19,48,1745.0,1893.0,148.0,-100.1,61.6,93.6
10,59,1785.0,1893.0,108.0,-100.0,37.5,71.2
5,77,1807.0,1893.0,86.0,-100.0,96.7,51.5
14,61,1615.0,1894.0,279.0,-100.0,60.5,67.7
5,75,1626.0,1894.0,268.0,-100.0,96.7,82.3
1,49,1662.0,1894.0,232.0,-100.0,92.8,37.7
0,75,1782.0,1894.0,112.0,-100.0,31.7,82.3
32,69,1864.0,1894.0,30.0,-100.0,65.6,93.3
46,67,1651.0,1895.0,244.0,-100.0,78.9,62.6
40,59,1795.0,1895.0,100.0,-100.1,42.3,71.2
12,15,1816.0,1895.0,79.0,-100.0,64.1,55.1
9,48,1762.0,1896.0,134.0,-100.0,82.6,93.6
26,69,1836.0,1896.0,60.0,-100.0,76.1,93.3
16,20,1718.0,1897.0,179.0,-100.0,72.9,57.3
3,61,1817.0,1897.0,80.0,-100.0,87.2,67.6
70,77,1831.0,1897.0,66.0,-100.0,36.5,51.5
15,51,1622.0,1898.0,276.0,-100.0,55.1,84.2
38,55,1662.0,1898.0,236.0,-100.0,48.3,94.3
29,43,1663.0,1898.0,235.0,-100.0,92.2,37.3
14,43,1740.0,1899.0,159.0,-100.0,60.5,37.3
13,61,1784.0,1899.0,115.0,-100.1,88.1,67.6
13,76,1833.0,1899.0,66.0,-100.0,88.1,75.1
7,12,1861.0,1899.0,38.0,-100.0,82.7,64.1
13,20,1640.0,1900.0,260.0,-100.0,88.1,57.3
41,64,1784.0,1900.0,116.0,-100.0,76.7,64.7
26,70,1791.0,1900.0,109.0,-100.0,76.1,36.5
50,57,1850.0,1900.0,50.0,-100.0,95.2,69.4
50,64,1672.0,1901.0,229.0,-100.1,95.2,64.7
60,69,1846.0,1901.0,55.0,-100.1,40.1,93.3
60,66,1564.0,1902.0,338.0,-100.0,40.1,84.0
46,51,1786.0,1903.0,117.0,-100.0,78.9,84.2
35,74,1792.0,1903.0,111.0,-100.0,84.4,57.4
4,65,1822.0,1903.0,81.0,-100.0,91.3,81.6
8,35,1854.0,1903.0,49.0,-100.0,73.1,84.4
33,55,1858.0,1903.0,45.0,-100.0,87.5,94.3
23,67,1541.0,1904.0,363.0,-100.0,53.7,62.5
2,59,1798.0,1904.0,106.0,-100.0,35.0,71.2
14,39,1826.0,1904.0,78.0,-100.2,60.5,79.5
15,33,1631.0,1905.0,274.0,-100.0,55.1,87.5
22,35,1743.0,1905.0,162.0,-100.0,53.8,84.4
54,63,1744.0,1905.0,161.0,-100.0,83.8,60.7
10,66,1827.0,1905.0,78.0,-100.0,37.5,84.0
15,57,1536.0,1906.0,370.0,-100.0,55.0,69.4
13,34,1609.0,1906.0,297.0,-100.0,88.1,73.8
26,65,1653.0,1906.0,253.0,-100.0,76.1,81.6
15,38,1765.0,1906.0,141.0,-100.0,55.0,48.3
7,8,1864.0,1906.0,42.0,-100.1,82.7,73.1
37,78,1723.0,1907.0,184.0,-100.0,72.4,91.0
14,23,1728.0,1907.0,179.0,-100.1,60.5,53.7
4,37,1821.0,1907.0,86.0,-100.0,91.3,72.4
63,77,1858.0,1907.0,49.0,-100.1,60.7,51.4
56,75,1738.0,1908.0,170.0,-100.0,45.8,82.3
13,41,1804.0,1908.0,104.0,-100.1,88.1,76.7
30,59,1815.0,1908.0,93.0,-100.0,61.8,71.2
64,77,1758.0,1909.0,151.0,-100.0,64.7,51.4
18,38,1781.0,1909.0,128.0,-100.0,37.9,48.3
15,67,1853.0,1909.0,56.0,-100.0,55.0,62.5
33,52,1476.0,1910.0,434.0,-100.0,87.5,69.6
16,38,1631.0,1910.0,279.0,-100.0,72.9,48.3
59,73,1831.0,1911.0,80.0,-100.0,71.2,74.1
22,42,1457.0,1912.0,455.0,-100.0,53.8,88.3
46,64,1619.0,1913.0,294.0,-100.0,78.9,64.7
35,45,1826.0,1913.0,87.0,-100.0,84.4,34.7
14,67,1816.0,1914.0,98.0,-100.0,60.5,62.5
32,70,1819.0,1914.0,95.0,-100.0,65.6,36.5
43,64,1631.0,1915.0,284.0,-100.0,37.3,64.7
0,10,1714.0,1915.0,201.0,-100.0,31.7,37.5
7,14,1849.0,1915.0,66.0,-100.0,82.6,60.5
72,73,1880.0,1915.0,35.0,-100.0,34.2,74.1
2,42,1723.0,1916.0,193.0,-100.0,35.0,88.3
32,48,1745.0,1916.0,171.0,-100.0,65.6,93.6
3,14,1769.0,1916.0,147.0,-100.0,87.1,60.5
54,70,1886.0,1916.0,30.0,-100.0,83.7,36.5
53,75,1551.0,1917.0,366.0,-100.0,82.9,82.3
16,71,1606.0,1917.0,311.0,-100.0,72.9,36.3
2,40,1660.0,1917.0,257.0,-100.0,35.0,42.3
28,54,1714.0,1917.0,203.0,-100.0,94.5,83.7
2,7,1770.0,1917.0,147.0,-100.0,35.0,82.6
44,50,1821.0,1917.0,96.0,-100.1,71.1,95.2
53,78,1824.0,1917.0,93.0,-100.0,82.9,91.0
0,4,1833.0,1917.0,84.0,-100.0,31.7,91.3
24,49,1758.0,1918.0,160.0,-100.0,51.0,37.7
35,51,1828.0,1918.0,90.0,-100.0,84.4,84.1
41,77,1631.0,1919.0,288.0,-100.1,76.7,51.4
35,67,1771.0,1919.0,148.0,-100.1,84.4,62.5
6,69,1849.0,1919.0,70.0,-100.0,84.2,93.3
60,70,1614.0,1920.0,306.0,-100.0,40.1,36.5
43,61,1763.0,1920.0,157.0,-100.0,37.3,67.6
5,10,1650.0,1921.0,271.0,-100.0,96.6,37.5
14,64,1732.0,1921.0,189.0,-100.1,60.5,64.7
29,44,1758.0,1921.0,163.0,-100.1,92.2,71.1
29,34,1774.0,1921.0,147.0,-100.0,92.2,73.8
20,77,1806.0,1921.0,115.0,-100.0,57.3,51.4
3,41,1817.0,1921.0,104.0,-100.1,87.1,76.7
7,47,1775.0,1922.0,147.0,-100.0,82.6,34.0
24,31,1887.0,1922.0,35.0,-100.0,51.0,51.1
59,75,1743.0,1923.0,180.0,-100.0,71.2,82.3
41,54,1830.0,1923.0,93.0,-100.0,76.7,83.7
37,69,1805.0,1924.0,119.0,-100.0,72.4,93.3
38,50,1820.0,1924.0,104.0,-100.0,48.2,95.2
4,70,1753.0,1925.0,172.0,-100.0,91.3,36.5
44,46,1784.0,1925.0,141.0,-100.1,71.1,78.9
18,33,1101.0,1926.0,825.0,-100.0,37.9,87.5
1,21,1704.0,1926.0,222.0,-100.0,92.8,44.4
16,46,1808.0,1926.0,118.0,-99.9,72.8,78.9
65,69,1790.0,1927.0,137.0,-100.1,81.5,93.3
1,63,1834.0,1927.0,93.0,-100.1,92.8,60.7
72,74,1907.0,1927.0,20.0,-100.0,34.2,57.4
25,65,1700.0,1928.0,228.0,-100.0,54.6,81.5
39,79,1752.0,1928.0,176.0,-100.0,79.5,81.4
28,69,1851.0,1928.0,77.0,-100.0,94.5,93.3
7,51,1855.0,1928.0,73.0,-100.0,82.6,84.1
2,14,1858.0,1928.0,70.0,-100.1,35.0,60.5
4,10,1861.0,1928.0,67.0,-100.0,91.3,37.5
14,45,1878.0,1928.0,50.0,-100.0,60.5,34.7
74,75,1880.0,1928.0,48.0,-100.0,57.4,82.3
37,53,1327.0,1929.0,602.0,-100.0,72.4,82.9
10,56,1603.0,1929.0,326.0,-100.0,37.5,45.8
14,44,1769.0,1929.0,160.0,-100.0,60.5,71.1
4,5,1812.0,1929.0,117.0,-100.0,91.3,96.6
64,76,1561.0,1930.0,369.0,-100.0,64.7,75.1
1,71,1590.0,1930.0,340.0,-100.0,92.8,36.3
9,24,1741.0,1930.0,189.0,-100.0,82.6,51.0
2,30,1865.0,1930.0,65.0,-100.0,35.0,61.7
13,23,1524.0,1931.0,407.0,-100.0,88.1,53.7
47,74,1580.0,1931.0,351.0,-100.0,34.0,57.4
39,76,1699.0,1931.0,232.0,-100.0,79.5,75.1
19,32,1718.0,1932.0,214.0,-100.0,61.5,65.5
4,56,1830.0,1932.0,102.0,-100.1,91.3,45.8
4,25,1847.0,1932.0,85.0,-100.0,91.3,54.6
29,50,1680.0,1934.0,254.0,-100.0,92.2,95.2
8,45,1692.0,1934.0,242.0,-100.0,73.0,34.7
19,69,1840.0,1934.0,94.0,-100.0,61.5,93.3
67,73,1607.0,1935.0,328.0,-100.0,62.5,74.1
1,77,1882.0,1935.0,53.0,-100.0,92.8,51.4
8,52,1519.0,1936.0,417.0,-100.0,73.0,69.6
35,44,1824.0,1936.0,112.0,-100.0,84.4,71.1
14,22,1846.0,1936.0,90.0,-100.0,60.5,53.8
34,61,1850.0,1936.0,86.0,-100.0,73.7,67.6
33,50,1875.0,1936.0,61.0,-100.0,87.5,95.2
25,30,1253.0,1937.0,684.0,-100.0,54.6,61.7
0,79,1730.0,1937.0,207.0,-100.0,31.7,81.4
1,41,1863.0,1937.0,74.0,-100.1,92.8,76.7
29,64,1434.0,1938.0,504.0,-100.0,92.2,64.6
37,60,1603.0,1938.0,335.0,-100.0,72.4,40.1
44,61,1801.0,1938.0,137.0,-100.0,71.1,67.6
42,75,1816.0,1938.0,122.0,-100.0,88.3,82.3
4,53,1818.0,1938.0,120.0,-100.0,91.2,82.8
14,75,1890.0,1938.0,48.0,-100.0,60.5,82.3
4,14,1901.0,1938.0,37.0,-100.0,91.2,60.5
4,66,1806.0,1939.0,133.0,-100.0,91.2,84.0
7,46,1859.0,1939.0,80.0,-100.1,82.6,78.9
28,53,1861.0,1939.0,78.0,-100.0,94.5,82.8
18,51,1649.0,1940.0,291.0,-100.0,37.8,84.1
7,72,1909.0,1940.0,31.0,-100.0,82.6,34.2
2,74,1803.0,1941.0,138.0,-100.0,35.0,57.4
1,9,1824.0,1941.0,117.0,-100.0,92.8,82.6
32,65,1868.0,1941.0,73.0,-100.0,65.5,81.5
1,31,1478.0,1942.0,464.0,-100.0,92.8,51.0
48,63,1730.0,1942.0,212.0,-100.0,93.6,60.7
43,46,1732.0,1942.0,210.0,-100.0,37.3,78.9
35,43,1809.0,1942.0,133.0,-100.1,84.4,37.3
7,67,1817.0,1942.0,125.0,-100.0,82.6,62.5
13,69,1904.0,1942.0,38.0,-100.0,88.1,93.2
20,24,1917.0,1942.0,25.0,-100.0,57.2,51.0
65,66,1585.0,1943.0,358.0,-100.0,81.5,84.0
29,55,1751.0,1943.0,192.0,-100.0,92.2,94.3
53,65,1771.0,1943.0,172.0,-100.0,82.8,81.5
23,34,1802.0,1943.0,141.0,-100.0,53.7,73.7
4,42,1862.0,1943.0,81.0,-100.1,91.2,88.3
38,61,1885.0,1943.0,58.0,-100.0,48.2,67.6
29,52,1814.0,1944.0,130.0,-100.0,92.2,69.6
50,61,1824.0,1944.0,120.0,-100.0,95.2,67.6
28,60,1853.0,1944.0,91.0,-100.1,94.5,40.0
55,74,1892.0,1944.0,52.0,-100.0,94.3,57.4
6,32,1736.0,1945.0,209.0,-100.0,84.2,65.5
12,38,1934.0,1945.0,11.0,-100.0,64.0,48.2
27,45,1734.0,1946.0,212.0,-100.0,48.8,34.7
54,64,1768.0,1946.0,178.0,-100.0,83.7,64.6
25,69,1821.0,1946.0,125.0,-100.0,54.6,93.2
39,74,1080.0,1947.0,867.0,-100.0,79.5,57.4
73,74,1749.0,1947.0,198.0,-100.0,74.1,57.4
12,51,1803.0,1948.0,145.0,-100.0,64.0,84.1
69,78,1905.0,1948.0,43.0,-100.0,93.2,90.9
42,76,1716.0,1949.0,233.0,-100.0,88.3,75.0
24,41,1916.0,1949.0,33.0,-100.0,51.0,76.7
41,48,1919.0,1949.0,30.0,-100.0,76.7,93.6
44,67,1765.0,1950.0,185.0,-100.0,71.1,62.5
15,16,1809.0,1950.0,141.0,-100.0,55.0,72.8
39,51,1816.0,1950.0,134.0,-100.0,79.5,84.1
14,76,1839.0,1950.0,111.0,-100.0,60.4,75.0
0,69,1752.0,1951.0,199.0,-100.1,31.7,93.2
35,64,1759.0,1951.0,192.0,-100.0,84.4,64.6
3,79,1532.0,1952.0,420.0,-100.0,87.1,81.4
67,74,1792.0,1952.0,160.0,-100.0,62.5,57.3
55,61,1811.0,1952.0,141.0,-100.0,94.3,67.6
6,53,1856.0,1952.0,96.0,-100.0,84.2,82.8
23,43,1586.0,1953.0,367.0,-100.0,53.7,37.3
7,35,1684.0,1953.0,269.0,-100.0,82.6,84.4
18,67,1723.0,1953.0,230.0,-100.0,37.8,62.5
3,20,1726.0,1953.0,227.0,-100.0,87.1,57.2
34,41,1843.0,1953.0,110.0,-100.0,73.7,76.7
7,43,1845.0,1953.0,108.0,-100.1,82.6,37.3
14,73,1860.0,1953.0,93.0,-100.0,60.4,74.1
39,67,1468.0,1954.0,486.0,-100.0,79.5,62.5
23,79,1545.0,1954.0,409.0,-100.0,53.7,81.4
7,76,1783.0,1954.0,171.0,-100.0,82.6,75.0
43,74,1828.0,1954.0,126.0,-100.0,37.3,57.3
4,40,1857.0,1954.0,97.0,-100.0,91.2,42.2
55,64,1773.0,1955.0,182.0,-100.0,94.3,64.6
35,50,1850.0,1955.0,105.0,-100.0,84.4,95.2
11,45,1763.0,1956.0,193.0,-100.0,65.6,34.7
2,72,1875.0,1956.0,81.0,-100.0,35.0,34.2
4,78,1875.0,1956.0,81.0,-100.1,91.2,90.9
19,48,1929.0,1956.0,27.0,-100.0,61.5,93.6
39,45,1770.0,1957.0,187.0,-100.0,79.5,34.7
10,14,1870.0,1957.0,87.0,-100.0,37.5,60.4
28,65,1858.0,1958.0,100.0,-100.1,94.5,81.5
13,66,1919.0,1958.0,39.0,-99.9,88.1,84.0
1,61,1918.0,1959.0,41.0,-100.0,92.8,67.6
23,46,1655.0,1960.0,305.0,-100.0,53.7,78.8
7,22,1775.0,1960.0,185.0,-100.0,82.6,53.8
11,72,1775.0,1960.0,185.0,-100.0,65.6,34.2
47,73,1783.0,1960.0,177.0,-100.0,34.0,74.1
7,61,1823.0,1960.0,137.0,-100.0,82.6,67.6
24,63,1899.0,1960.0,61.0,-100.0,51.0,60.7
25,53,1580.0,1961.0,381.0,-100.0,54.6,82.8
46,50,1701.0,1961.0,260.0,-100.1,78.8,95.2
7,10,1902.0,1961.0,59.0,-100.0,82.6,37.5
58,60,1422.0,1962.0,540.0,-100.0,34.7,40.0
65,70,1788.0,1962.0,174.0,-100.0,81.5,36.4
52,61,1826.0,1962.0,136.0,-100.0,69.6,67.6
7,55,1870.0,1962.0,92.0,-100.1,82.6,94.3
14,45,1936.0,1962.0,26.0,-100.0,60.4,34.7
14,25,1942.0,1962.0,20.0,-100.0,60.4,54.6
15,46,1809.0,1963.0,154.0,-100.1,55.0,78.8
35,55,1841.0,1963.0,122.0,-100.0,84.3,94.3
14,69,1901.0,1963.0,62.0,-100.1,60.4,93.2
22,39,1494.0,1964.0,470.0,-100.0,53.8,79.5
15,29,1789.0,1964.0,175.0,-100.0,55.0,92.2
27,72,1855.0,1964.0,109.0,-100.1,48.8,34.2
19,60,1856.0,1964.0,108.0,-100.0,61.5,40.0
13,79,1750.0,1965.0,215.0,-100.0,88.1,81.4
20,54,1765.0,1965.0,200.0,-100.0,57.2,83.7
13,64,1740.0,1966.0,226.0,-100.0,88.1,64.6
9,71,1872.0,1966.0,94.0,-100.0,82.6,36.2
14,30,1903.0,1966.0,63.0,-100.0,60.4,61.7
37,65,1539.0,1967.0,428.0,-100.0,72.3,81.5
61,64,1723.0,1967.0,244.0,-100.0,67.6,64.6
45,72,1869.0,1967.0,98.0,-100.0,34.7,34.2
4,30,1870.0,1967.0,97.0,-100.0,91.2,61.7
7,50,1874.0,1967.0,93.0,-100.0,82.6,95.2
69,74,1919.0,1967.0,48.0,-100.1,93.2,57.3
1,20,1835.0,1968.0,133.0,-100.0,92.8,57.2
3,23,1403.0,1969.0,566.0,-100.0,87.1,53.7
21,24,1775.0,1969.0,194.0,-100.0,44.3,51.0
5,28,1845.0,1969.0,124.0,-100.0,96.6,94.5
27,75,1943.0,1969.0,26.0,-100.0,48.8,82.2
47,72,1765.0,1970.0,205.0,-100.0,33.9,34.2
56,69,1782.0,1970.0,188.0,-99.9,45.8,93.2
35,52,1837.0,1970.0,133.0,-100.1,84.3,69.6
72,76,1898.0,1971.0,73.0,-100.0,34.2,75.0
69,70,1825.0,1972.0,147.0,-100.1,93.2,36.4
0,28,1855.0,1972.0,117.0,-100.0,31.7,94.4
7,79,1822.0,1973.0,151.0,-100.0,82.6,81.4
15,35,1847.0,1973.0,126.0,-100.1,55.0,84.3
51,72,1896.0,1973.0,77.0,-100.2,84.1,34.2
10,72,1916.0,1973.0,57.0,-100.0,37.4,34.2
13,44,1632.0,1974.0,342.0,-100.0,88.1,71.0
5,65,1713.0,1974.0,261.0,-100.0,96.6,81.5
14,79,1741.0,1974.0,233.0,-100.1,60.4,81.4
7,39,1795.0,1974.0,179.0,-100.0,82.6,79.5
34,64,1843.0,1974.0,131.0,-100.0,73.7,64.6
45,55,1900.0,1974.0,74.0,-100.0,34.7,94.2
66,69,1801.0,1975.0,174.0,-100.1,84.0,93.2
5,69,1803.0,1975.0,172.0,-100.1,96.6,93.2
15,61,1827.0,1975.0,148.0,-100.1,55.0,67.6
28,56,1866.0,1975.0,109.0,-99.9,94.4,45.8
4,59,1949.0,1975.0,26.0,-100.1,91.2,71.2
31,71,1242.0,1976.0,734.0,-100.0,51.0,36.2
29,38,1717.0,1977.0,260.0,-100.0,92.2,48.2
12,35,1784.0,1977.0,193.0,-100.0,64.0,84.3
14,44,1934.0,1977.0,43.0,-100.0,60.4,71.0
30,78,1370.0,1978.0,608.0,-100.0,61.7,90.9
46,52,1817.0,1978.0,161.0,-100.0,78.8,69.6
2,45,1864.0,1978.0,114.0,-100.0,35.0,34.7
48,77,1906.0,1978.0,72.0,-100.0,93.5,51.4
60,77,1909.0,1978.0,69.0,-100.0,40.0,51.4
39,44,1811.0,1979.0,168.0,-100.0,79.5,71.0
67,72,1887.0,1979.0,92.0,-100.1,62.5,34.2
53,77,1921.0,1979.0,58.0,-100.0,82.8,51.4
28,77,1838.0,1980.0,142.0,-100.0,94.4,51.4
14,40,1888.0,1980.0,92.0,-100.0,60.4,42.2
67,75,1927.0,1980.0,53.0,-100.0,62.5,82.2
6,28,1748.0,1981.0,233.0,-100.0,84.2,94.4
10,42,1765.0,1981.0,216.0,-100.0,37.4,88.3
6,48,1781.0,1981.0,200.0,-100.0,84.2,93.5
1,13,1889.0,1981.0,92.0,-100.0,92.8,88.0
66,73,1946.0,1981.0,35.0,-100.0,84.0,74.1
50,64,1954.0,1981.0,27.0,-100.0,95.1,64.6
40,76,1650.0,1982.0,332.0,-100.0,42.2,75.0
51,52,1781.0,1982.0,201.0,-100.0,84.1,69.6
24,71,1890.0,1982.0,92.0,-100.1,50.9,36.2
62,73,1964.0,1982.0,18.0,-100.0,68.1,74.1
22,72,1878.0,1983.0,105.0,-100.0,53.7,34.2
8,72,1888.0,1983.0,95.0,-100.1,73.0,34.2
35,38,1905.0,1983.0,78.0,-100.0,84.3,48.2
11,75,1933.0,1983.0,50.0,-100.0,65.5,82.2
10,40,1651.0,1984.0,333.0,-100.0,37.4,42.2
46,55,1770.0,1984.0,214.0,-100.0,78.8,94.2
17,24,1788.0,1984.0,196.0,-100.0,46.7,50.9
19,53,1850.0,1984.0,134.0,-100.0,61.5,82.8
6,60,1498.0,1985.0,487.0,-100.0,84.2,40.0
17,31,1808.0,1985.0,177.0,-100.0,46.7,51.0
18,35,1828.0,1985.0,157.0,-100.0,37.8,84.3
56,65,1621.0,1986.0,365.0,-100.0,45.7,81.5
74,76,1810.0,1986.0,176.0,-100.0,57.3,75.0
7,45,1836.0,1986.0,150.0,-100.0,82.6,34.7
7,13,1933.0,1986.0,53.0,-100.0,82.6,88.0
18,61,1800.0,1987.0,187.0,-100.0,37.8,67.6
64,79,1539.0,1988.0,449.0,-100.0,64.6,81.4
34,71,1563.0,1988.0,425.0,-100.0,73.7,36.2
23,35,1784.0,1988.0,204.0,-100.0,53.7,84.3
39,50,1848.0,1988.0,140.0,-100.0,79.5,95.1
7,52,1860.0,1988.0,128.0,-100.0,82.6,69.6
59,62,1869.0,1988.0,119.0,-100.0,71.1,68.1
40,77,1977.0,1988.0,11.0,-100.0,42.2,51.4
68,77,1981.0,1988.0,7.0,-100.0,70.0,51.4
15,43,1127.0,1989.0,862.0,-100.0,55.0,37.3
50,72,1925.0,1989.0,64.0,-100.2,95.1,34.1
23,50,1667.0,1990.0,323.0,-100.0,53.7,95.1
45,67,1716.0,1990.0,274.0,-100.0,34.7,62.5
0,53,1817.0,1990.0,173.0,-100.0,31.6,82.8
2,79,1666.0,1991.0,325.0,-100.0,34.9,81.4
54,60,1917.0,1991.0,74.0,-100.0,83.7,40.0
23,55,1747.0,1992.0,245.0,-100.0,53.7,94.2
32,60,1856.0,1992.0,136.0,-100.0,65.5,40.0
7,18,1862.0,1992.0,130.0,-100.0,82.6,37.8
7,14,1961.0,1992.0,31.0,-100.0,82.6,60.4
39,43,1772.0,1993.0,221.0,-100.0,79.4,37.3
18,46,1790.0,1993.0,203.0,-100.0,37.8,78.8
16,34,1618.0,1994.0,376.0,-100.0,72.8,73.7
19,28,1716.0,1994.0,278.0,-100.0,61.5,94.4
12,50,1878.0,1994.0,116.0,-100.0,64.0,95.1
22,75,1884.0,1994.0,110.0,-100.0,53.7,82.2
28,32,1728.0,1995.0,267.0,-100.1,94.4,65.5
8,12,1758.0,1995.0,237.0,-100.0,73.0,64.0
7,44,1857.0,1995.0,138.0,-100.1,82.6,71.0
1,14,1968.0,1995.0,27.0,-100.0,92.7,60.4
43,45,1654.0,1996.0,342.0,-100.0,37.3,34.7
43,72,1903.0,1996.0,93.0,-100.1,37.3,34.1
42,77,1940.0,1996.0,56.0,-100.1,88.3,51.4
45,69,1941.0,1996.0,55.0,-100.0,34.7,93.2
23,61,1728.0,1997.0,269.0,-100.0,53.6,67.5
51,55,1733.0,1997.0,264.0,-100.0,84.1,94.2
10,75,1734.0,1997.0,263.0,-100.1,37.4,82.2
52,67,1804.0,1997.0,193.0,-99.9,69.6,62.5
48,60,1889.0,1997.0,108.0,-100.0,93.5,40.0
18,74,1902.0,1997.0,95.0,-100.0,37.8,57.3
50,74,1952.0,1997.0,45.0,-100.0,95.1,57.3
0,40,1524.0,1998.0,474.0,-100.0,31.6,42.2
10,74,1845.0,1998.0,153.0,-100.0,37.4,57.3
3,44,1850.0,1998.0,148.0,-100.0,87.1,71.0
18,45,1887.0,1998.0,111.0,-100.0,37.8,34.7
14,48,1969.0,1998.0,29.0,-100.0,60.4,93.5
22,74,1492.0,1999.0,507.0,-100.0,53.7,57.3
15,55,1781.0,1999.0,218.0,-100.0,55.0,94.2
28,70,1804.0,1999.0,195.0,-100.0,94.4,36.4
28,66,1808.0,1999.0,191.0,-100.0,94.4,83.9
13,53,1904.0,1999.0,95.0,-100.0,88.0,82.8
59,75,1945.0,1999.0,54.0,-100.1,71.1,82.2
2,75,1826.0,2000.0,174.0,-100.0,34.9,82.2
1,16,1881.0,2000.0,119.0,-100.0,92.7,72.8
23,45,1935.0,2000.0,65.0,-100.0,53.6,34.7
15,72,1941.0,2000.0,59.0,-100.0,55.0,34.1
25,77,1967.0,2000.0,33.0,-100.0,54.6,51.4
8,51,1837.0,2001.0,164.0,-100.0,73.0,84.1
8,50,1912.0,2002.0,90.0,-100.0,73.0,95.1
36,59,1855.0,2003.0,148.0,-100.0,65.3,71.1
70,77,1905.0,2003.0,98.0,-100.0,36.4,51.4
38,57,1479.0,2004.0,525.0,-100.0,48.2,69.3
9,48,1907.0,2004.0,97.0,-100.0,82.5,93.5
0,42,971.0,2005.0,1034.0,-100.0,31.6,88.2
4,62,1929.0,2005.0,76.0,-100.0,91.2,68.1
58,65,1864.0,2007.0,143.0,-100.0,34.6,81.5
14,65,1944.0,2007.0,63.0,-100.1,60.4,81.5
18,50,1840.0,2008.0,168.0,-100.0,37.8,95.1
13,48,1948.0,2008.0,60.0,-100.0,88.0,93.5
75,76,1831.0,2009.0,178.0,-100.0,82.2,75.0
47,75,1919.0,2009.0,90.0,-100.0,33.9,82.2
4,36,1920.0,2009.0,89.0,-100.0,91.2,65.3
27,69,1986.0,2009.0,23.0,-100.0,48.8,93.2
19,65,1847.0,2010.0,163.0,-100.0,61.4,81.5
55,72,1924.0,2010.0,86.0,-100.0,94.2,34.1
48,49,1793.0,2011.0,218.0,-100.0,93.5,37.6
67,69,1976.0,2011.0,35.0,-100.0,62.4,93.2
20,71,1554.0,2012.0,458.0,-100.0,57.2,36.2
59,69,1971.0,2012.0,41.0,-100.1,71.1,93.2
46,61,1722.0,2013.0,291.0,-100.0,78.8,67.5
12,33,1855.0,2014.0,159.0,-100.0,64.0,87.4
0,48,1964.0,2014.0,50.0,-100.0,31.6,93.5
35,46,1747.0,2015.0,268.0,-100.0,84.3,78.8
50,55,1751.0,2015.0,264.0,-100.0,95.1,94.2
4,73,1892.0,2015.0,123.0,-100.0,91.2,74.0
52,72,1919.0,2015.0,96.0,-100.0,69.5,34.1
16,57,1733.0,2016.0,283.0,-99.9,72.8,69.3
45,51,1848.0,2016.0,168.0,-100.0,34.6,84.0
53,66,1794.0,2017.0,223.0,-100.0,82.8,83.9
0,70,1811.0,2017.0,206.0,-100.0,31.6,36.4
31,48,1909.0,2017.0,108.0,-100.0,51.0,93.5
3,53,1941.0,2017.0,76.0,-100.0,87.0,82.8
11,69,1979.0,2017.0,38.0,-100.0,65.5,93.2
62,69,1979.0,2017.0,38.0,-100.0,68.1,93.2
15,39,1840.0,2018.0,178.0,-100.0,54.9,79.4
10,69,1897.0,2018.0,121.0,-100.0,37.4,93.2
34,54,1906.0,2018.0,112.0,-100.0,73.7,83.6
17,20,1917.0,2019.0,102.0,-100.0,46.6,57.2
20,48,1926.0,2019.0,93.0,-100.1,57.2,93.5
53,70,1776.0,2020.0,244.0,-100.0,82.8,36.4
45,47,1812.0,2020.0,208.0,-100.0,34.6,33.9
5,77,1907.0,2020.0,113.0,-100.0,96.5,51.3
37,77,1949.0,2020.0,71.0,-100.0,72.3,51.3
29,46,1589.0,2021.0,432.0,-100.0,92.1,78.8
31,63,1707.0,2021.0,314.0,-100.0,51.0,60.6
42,74,1749.0,2021.0,272.0,-100.0,88.2,57.3
7,23,1855.0,2021.0,166.0,-100.0,82.5,53.6
45,76,1873.0,2021.0,148.0,-100.0,34.6,75.0
28,58,1881.0,2021.0,140.0,-100.0,94.4,34.6
14,53,1898.0,2021.0,123.0,-100.1,60.4,82.8
3,34,1787.0,2022.0,235.0,-100.0,87.0,73.7
74,79,1832.0,2022.0,190.0,-100.0,57.3,81.4
15,50,1834.0,2022.0,188.0,-100.0,54.9,95.1
41,71,1880.0,2022.0,142.0,-100.1,76.6,36.2
13,42,1901.0,2022.0,121.0,-100.0,88.0,88.2
12,46,1579.0,2023.0,444.0,-100.0,64.0,78.8
39,64,1719.0,2023.0,304.0,-100.0,79.4,64.6
14,74,1848.0,2023.0,175.0,-100.1,60.4,57.3
6,65,1850.0,2023.0,173.0,-100.0,84.1,81.5
7,15,1875.0,2023.0,148.0,-100.0,82.5,54.9
62,75,1923.0,2023.0,100.0,-100.0,68.0,82.2
6,42,1945.0,2023.0,78.0,-100.0,84.1,88.2
39,55,1835.0,2024.0,189.0,-100.0,79.4,94.2
40,74,1890.0,2024.0,134.0,-100.0,42.1,57.3
10,45,1894.0,2024.0,130.0,-100.1,37.4,34.6
32,70,1991.0,2024.0,33.0,-100.0,65.5,36.4
1,44,1930.0,2025.0,95.0,-100.0,92.7,71.0
14,77,1937.0,2025.0,88.0,-100.1,60.4,51.3
21,31,1754.0,2026.0,272.0,-100.0,44.3,51.0
44,74,1860.0,2026.0,166.0,-100.0,71.0,57.3
31,41,1866.0,2026.0,160.0,-100.0,51.0,76.6
33,35,1899.0,2026.0,127.0,-100.0,87.4,84.3
32,68,1962.0,2026.0,64.0,-100.0,65.5,69.9
1,34,1846.0,2027.0,181.0,-100.0,92.7,73.7
50,52,1854.0,2028.0,174.0,-100.0,95.1,69.5
18,43,1671.0,2029.0,358.0,-100.0,37.8,37.2
52,74,1894.0,2029.0,135.0,-100.0,69.5,57.3
51,59,1968.0,2029.0,61.0,-100.0,84.0,71.1
28,66,2003.0,2029.0,26.0,-100.0,94.4,83.9
13,65,1911.0,2030.0,119.0,-100.0,88.0,81.4
22,69,1945.0,2030.0,85.0,-100.0,53.7,93.2
16,24,1953.0,2030.0,77.0,-100.0,72.7,50.9
1,18,1965.0,2030.0,65.0,-100.0,92.7,37.8
20,41,1811.0,2031.0,220.0,-100.2,57.2,76.6
9,41,1875.0,2031.0,156.0,-100.0,82.5,76.6
59,73,1969.0,2031.0,62.0,-100.0,71.1,74.0
66,78,1907.0,2032.0,125.0,-100.0,83.9,90.9
45,73,1866.0,2033.0,167.0,-100.0,34.6,74.0
69,76,1923.0,2033.0,110.0,-100.0,93.2,75.0
50,59,1987.0,2033.0,46.0,-100.1,95.1,71.1
43,51,1609.0,2034.0,425.0,-100.0,37.2,84.0
23,44,1763.0,2034.0,271.0,-100.0,53.6,71.0
20,63,1800.0,2034.0,234.0,-100.0,57.1,60.6
53,74,1918.0,2034.0,116.0,-100.0,82.7,57.3
59,79,1997.0,2034.0,37.0,-100.0,71.1,81.3
56,79,1853.0,2035.0,182.0,-100.0,45.7,81.3
7,64,1869.0,2035.0,166.0,-100.1,82.5,64.5
10,51,1937.0,2035.0,98.0,-100.1,37.4,84.0
2,69,1951.0,2036.0,85.0,-100.0,34.9,93.1
19,77,1824.0,2037.0,213.0,-100.1,61.4,51.3
25,42,1908.0,2037.0,129.0,-99.9,54.5,88.2
18,55,1792.0,2038.0,246.0,-100.0,37.7,94.2
30,66,1884.0,2038.0,154.0,-100.0,61.6,83.9
66,75,2010.0,2038.0,28.0,-100.0,83.9,82.2
53,56,1771.0,2039.0,268.0,-100.0,82.7,45.7
22,45,1786.0,2039.0,253.0,-100.0,53.7,34.6
29,33,1879.0,2039.0,160.0,-100.0,92.1,87.4
21,41,1886.0,2039.0,153.0,-100.0,44.2,76.6
17,34,1960.0,2039.0,79.0,-100.0,46.6,73.6
7,16,1970.0,2039.0,69.0,-100.0,82.5,72.7
41,65,2021.0,2039.0,18.0,-100.0,76.6,81.4
12,43,1750.0,2040.0,290.0,-100.0,64.0,37.2
44,64,1801.0,2040.0,239.0,-100.0,71.0,64.5
3,14,1938.0,2040.0,102.0,-100.1,87.0,60.4
13,40,1945.0,2040.0,95.0,-100.0,88.0,42.1
63,71,1881.0,2041.0,160.0,-100.0,60.6,36.2
53,75,1966.0,2041.0,75.0,-100.0,82.7,82.2
25,32,1970.0,2041.0,71.0,-99.9,54.5,65.4
2,69,2037.0,2041.0,4.0,-100.0,34.9,93.1
10,30,1227.0,2042.0,815.0,-100.0,37.4,61.6
56,77,1915.0,2042.0,127.0,-100.0,45.7,51.3
26,77,1962.0,2042.0,80.0,-100.0,76.0,51.3
7,54,1963.0,2042.0,79.0,-100.0,82.5,83.6
52,55,1825.0,2043.0,218.0,-100.0,69.5,94.2
43,50,1840.0,2043.0,203.0,-99.9,37.2,95.1
0,14,1884.0,2043.0,159.0,-100.1,31.6,60.4
19,42,1921.0,2043.0,122.0,-100.0,61.4,88.2
58,77,1935.0,2043.0,108.0,-100.0,34.6,51.3
1,53,2001.0,2043.0,42.0,-100.0,92.7,82.7
23,74,1861.0,2044.0,183.0,-100.0,53.6,57.3
13,70,1907.0,2044.0,137.0,-100.0,88.0,36.3
10,50,1948.0,2044.0,96.0,-100.1,37.4,95.1
50,67,1862.0,2045.0,183.0,-100.0,95.1,62.4
36,75,1879.0,2045.0,166.0,-100.0,65.2,82.2
48,65,1925.0,2045.0,120.0,-100.0,93.5,81.4
14,54,1942.0,2045.0,103.0,-100.0,60.3,83.6
34,48,1946.0,2045.0,99.0,-100.0,73.6,93.5
36,69,1952.0,2045.0,93.0,-100.0,65.2,93.1
51,67,1779.0,2046.0,267.0,-100.0,84.0,62.4
73,75,1848.0,2046.0,198.0,-100.0,74.0,82.2
22,51,1861.0,2046.0,185.0,-100.0,53.7,84.0
44,45,1893.0,2046.0,153.0,-100.0,71.0,34.6
41,49,1897.0,2046.0,149.0,-100.0,76.6,37.6
3,7,1930.0,2046.0,116.0,-100.0,87.0,82.5
10,15,1956.0,2046.0,90.0,-100.0,37.4,54.9
13,74,1888.0,2047.0,159.0,-100.0,88.0,57.3
40,44,1968.0,2047.0,79.0,-100.0,42.1,71.0
1,23,1910.0,2048.0,138.0,-100.0,92.7,53.6
45,50,1927.0,2048.0,121.0,-100.0,34.6,95.1
14,32,1979.0,2048.0,69.0,-100.1,60.3,65.4
3,64,1349.0,2049.0,700.0,-100.0,87.0,64.5
9,31,1745.0,2049.0,304.0,-100.0,82.5,50.9
45,64,1934.0,2049.0,115.0,-100.0,34.6,64.5
32,65,1956.0,2049.0,93.0,-100.0,65.4,81.4
58,78,2018.0,2049.0,31.0,-99.9,34.6,90.8
1,7,1936.0,2050.0,114.0,-100.0,92.7,82.5
2,59,1954.0,2050.0,96.0,-100.1,34.9,71.1
34,41,1968.0,2050.0,82.0,-100.0,73.6,76.6
48,77,1990.0,2050.0,60.0,-100.0,93.5,51.3
45,52,1537.0,2051.0,514.0,-100.0,34.6,69.5
26,78,1731.0,2051.0,320.0,-100.0,76.0,90.8
6,77,1851.0,2051.0,200.0,-100.1,84.1,51.3
12,55,1866.0,2051.0,185.0,-100.0,63.9,94.2
27,51,1880.0,2051.0,171.0,-100.0,48.7,84.0
32,37,1882.0,2051.0,169.0,-100.0,65.4,72.3
53,59,2019.0,2051.0,32.0,-100.0,82.7,71.1
9,63,1452.0,2052.0,600.0,-100.0,82.5,60.6
13,77,1809.0,2052.0,243.0,-100.0,88.0,51.3
47,69,1963.0,2052.0,89.0,-100.0,33.9,93.1
54,65,1897.0,2053.0,156.0,-100.0,83.6,81.4
59,67,1972.0,2053.0,81.0,-100.0,71.1,62.4
44,69,2006.0,2053.0,47.0,-100.0,71.0,93.1
1,65,2007.0,2054.0,47.0,-100.0,92.7,81.4
43,52,1744.0,2055.0,311.0,-100.0,37.2,69.5
27,50,1958.0,2055.0,97.0,-100.0,48.7,95.1
7,48,1974.0,2055.0,81.0,-100.1,82.5,93.5
24,35,1981.0,2055.0,74.0,-100.0,50.9,84.3
24,39,2040.0,2055.0,15.0,-100.0,50.9,79.4
13,14,1756.0,2056.0,300.0,-100.1,88.0,60.3
51,76,1924.0,2056.0,132.0,-100.0,84.0,74.9
3,65,1926.0,2056.0,130.0,-100.0,87.0,81.4
5,74,1934.0,2056.0,122.0,-100.0,96.5,57.2
47,59,1965.0,2056.0,91.0,-100.2,33.9,71.1
66,70,1528.0,2057.0,529.0,-100.0,83.9,36.3
11,51,1889.0,2057.0,168.0,-100.0,65.5,84.0
22,50,1932.0,2057.0,125.0,-100.0,53.7,95.1
4,79,2030.0,2057.0,27.0,-100.0,91.1,81.3
4,50,2031.0,2057.0,26.0,-100.0,91.1,95.1
0,5,1743.0,2058.0,315.0,-100.0,31.6,96.5
20,21,1856.0,2058.0,202.0,-100.0,57.1,44.2
26,70,1901.0,2058.0,157.0,-100.0,75.9,36.3
34,63,1903.0,2058.0,155.0,-100.0,73.6,60.6
48,54,1913.0,2058.0,145.0,-100.0,93.5,83.6
44,51,1976.0,2058.0,82.0,-100.0,70.9,84.0
7,41,2000.0,2058.0,58.0,-100.0,82.5,76.6
45,70,2003.0,2058.0,55.0,-100.0,34.6,36.3
42,66,1852.0,2059.0,207.0,-100.0,88.2,83.9
14,66,1900.0,2059.0,159.0,-100.1,60.3,83.9
45,48,2023.0,2059.0,36.0,-100.0,34.6,93.5
1,41,2025.0,2059.0,34.0,-100.0,92.7,76.6
50,76,1943.0,2060.0,117.0,-100.0,95.1,74.9
11,50,1961.0,2060.0,99.0,-100.0,65.5,95.1
14,26,1983.0,2060.0,77.0,-100.0,60.3,75.9
14,45,1987.0,2060.0,73.0,-100.0,60.3,34.6
17,41,1913.0,2061.0,148.0,-100.0,46.6,76.6
45,53,1945.0,2061.0,116.0,-100.1,34.6,82.7
11,59,1958.0,2061.0,103.0,-100.1,65.5,71.1
59,76,1977.0,2061.0,84.0,-100.0,71.1,74.9
75,79,1874.0,2062.0,188.0,-100.0,82.1,81.3
3,48,1941.0,2062.0,121.0,-100.0,87.0,93.5
1,52,1975.0,2062.0,87.0,-100.0,92.7,69.5
45,79,1892.0,2063.0,171.0,-100.0,34.6,81.3
69,73,1911.0,2063.0,152.0,-100.1,93.1,74.0
27,59,1962.0,2063.0,101.0,-100.0,48.7,71.1
44,59,2006.0,2063.0,57.0,-100.0,70.9,71.1
24,72,2019.0,2063.0,44.0,-100.1,50.9,34.1
19,32,1955.0,2064.0,109.0,-100.1,61.4,65.4
4,78,1978.0,2064.0,86.0,-100.1,91.1,90.8
17,71,1891.0,2065.0,174.0,-100.0,46.6,36.1
33,72,1977.0,2065.0,88.0,-100.0,87.3,34.1
51,53,1986.0,2065.0,79.0,-100.1,84.0,82.7
43,59,1987.0,2065.0,78.0,-100.0,37.2,71.1
44,50,1927.0,2066.0,139.0,-100.1,70.9,95.1
0,65,1276.0,2067.0,791.0,-100.0,31.6,81.4
9,34,1902.0,2067.0,165.0,-100.0,82.5,73.6
8,59,1988.0,2067.0,79.0,-100.1,72.9,71.1
7,17,2033.0,2067.0,34.0,-100.0,82.5,46.6
6,14,1941.0,2068.0,127.0,-100.0,84.1,60.3
32,77,1962.0,2068.0,106.0,-100.0,65.4,51.3
4,14,2011.0,2068.0,57.0,-100.0,91.1,60.3
46,72,1952.0,2069.0,117.0,-100.0,78.7,34.1
51,69,1970.0,2069.0,99.0,-100.0,84.0,93.1
50,53,1981.0,2069.0,88.0,-100.0,95.1,82.7
67,79,1642.0,2070.0,428.0,-100.0,62.4,81.3
53,69,1821.0,2070.0,249.0,-100.0,82.7,93.1
21,34,1905.0,2070.0,165.0,-100.0,44.2,73.6
22,59,1984.0,2070.0,86.0,-100.1,53.7,71.1
32,42,2044.0,2070.0,26.0,-100.0,65.4,88.2
54,77,1823.0,2071.0,248.0,-100.0,83.6,51.3
35,57,1920.0,2071.0,151.0,-100.1,84.2,69.2
4,70,1991.0,2071.0,80.0,-100.0,91.1,36.3
7,63,2001.0,2071.0,70.0,-100.0,82.5,60.5
42,78,1949.0,2072.0,123.0,-99.9,88.2,90.8
24,29,1986.0,2072.0,86.0,-100.0,50.9,92.1
14,37,1987.0,2072.0,85.0,-100.0,60.3,72.2
12,44,2004.0,2072.0,68.0,-100.0,63.9,70.9
15,44,1654.0,2073.0,419.0,-100.0,54.9,70.9
30,75,1786.0,2073.0,287.0,-100.1,61.6,82.1
14,56,1894.0,2073.0,179.0,-100.1,60.3,45.7
4,30,1969.0,2073.0,104.0,-100.0,91.1,61.6
2,55,2007.0,2073.0,66.0,-100.0,34.9,94.1
52,59,2015.0,2073.0,58.0,-100.1,69.5,71.1
5,53,1568.0,2074.0,506.0,-100.0,96.5,82.7
57,72,1997.0,2074.0,77.0,-100.0,69.2,34.1
6,74,2002.0,2074.0,72.0,-100.0,84.1,57.2
66,77,1944.0,2075.0,131.0,-100.0,83.9,51.3
1,48,1957.0,2075.0,118.0,-100.1,92.7,93.4
14,28,2016.0,2075.0,59.0,-100.1,60.3,94.3
10,79,1819.0,2076.0,257.0,-100.0,37.3,81.3
9,20,1837.0,2076.0,239.0,-100.0,82.5,57.1
14,19,1934.0,2076.0,142.0,-100.1,60.3,61.4
14,58,1954.0,2076.0,122.0,-100.0,60.3,34.6
51,73,1975.0,2076.0,101.0,-100.0,84.0,74.0
55,59,2000.0,2076.0,76.0,-100.2,94.1,71.1
1,77,2008.0,2076.0,68.0,-99.9,92.7,51.3
3,77,1816.0,2077.0,261.0,-100.1,87.0,51.3
4,75,1850.0,2077.0,227.0,-100.0,91.1,82.1
52,76,1933.0,2077.0,144.0,-100.0,69.5,74.9
0,32,1965.0,2077.0,112.0,-100.1,31.6,65.4
50,69,1985.0,2077.0,92.0,-100.1,95.0,93.1
4,42,1990.0,2077.0,87.0,-100.1,91.1,88.2
69,78,2031.0,2077.0,46.0,-100.0,93.1,90.8
41,74,2032.0,2077.0,45.0,-100.1,76.6,57.2
1,64,1899.0,2078.0,179.0,-100.0,92.7,64.5
47,50,1940.0,2078.0,138.0,-100.1,33.8,95.0
47,55,1948.0,2078.0,130.0,-100.0,33.8,94.1
50,73,1988.0,2078.0,90.0,-100.0,95.0,74.0
14,69,2023.0,2078.0,55.0,-100.1,60.3,93.1
14,79,2068.0,2078.0,10.0,-100.0,60.3,81.3
9,17,1749.0,2079.0,330.0,-100.0,82.4,46.6
7,74,1792.0,2079.0,287.0,-100.0,82.5,57.2
40,73,1806.0,2079.0,273.0,-100.0,42.1,74.0
30,45,1950.0,2079.0,129.0,-100.0,61.6,34.6
6,32,1948.0,2080.0,132.0,-100.0,84.1,65.4
14,30,2000.0,2080.0,80.0,-100.0,60.3,61.6
14,68,2002.0,2080.0,78.0,-100.0,60.3,69.9
40,53,1829.0,2081.0,252.0,-100.0,42.1,82.7
48,74,1987.0,2081.0,94.0,-99.9,93.4,57.2
14,25,1988.0,2081.0,93.0,-100.0,60.3,54.5
42,45,1954.0,2082.0,128.0,-100.1,88.2,34.6
2,50,1960.0,2082.0,122.0,-100.1,34.9,95.0
26,32,1921.0,2083.0,162.0,-100.0,75.9,65.4
0,58,1922.0,2083.0,161.0,-100.0,31.6,34.6
18,44,1618.0,2084.0,466.0,-100.0,37.7,70.9
69,79,1905.0,2084.0,179.0,-100.0,93.1,81.3
4,68,2008.0,2084.0,76.0,-100.1,91.1,69.9
0,77,1704.0,2085.0,381.0,-100.0,31.6,51.3
25,66,1857.0,2085.0,228.0,-100.0,54.5,83.9
49,71,1920.0,2085.0,165.0,-100.0,37.5,36.1
33,61,1926.0,2085.0,159.0,-100.0,87.3,67.5
13,32,1976.0,2085.0,109.0,-100.0,87.9,65.4
4,25,2000.0,2085.0,85.0,-100.1,91.1,54.5
28,70,2001.0,2085.0,84.0,-100.1,94.3,36.3
10,59,1984.0,2087.0,103.0,-100.1,37.3,71.0
69,70,2010.0,2087.0,77.0,-100.1,93.1,36.3
21,63,1822.0,2088.0,266.0,-100.0,44.2,60.5
39,57,1998.0,2088.0,90.0,-100.0,79.4,69.2
58,74,2008.0,2088.0,80.0,-100.0,34.6,57.2
59,72,2056.0,2088.0,32.0,-100.1,71.0,34.1
5,14,1898.0,2089.0,191.0,-100.1,96.5,60.3
30,36,1842.0,2090.0,248.0,-100.0,61.6,65.2
66,68,1911.0,2090.0,179.0,-100.0,83.9,69.9
30,70,1913.0,2090.0,177.0,-99.9,61.6,36.3
4,19,2019.0,2090.0,71.0,-100.0,91.1,61.4
18,59,2027.0,2090.0,63.0,-100.1,37.7,71.0
22,67,1731.0,2091.0,360.0,-99.9,53.6,62.4
30,50,1991.0,2091.0,100.0,-100.1,61.6,95.0
4,37,2023.0,2091.0,68.0,-100.0,91.1,72.2
27,52,2052.0,2091.0,39.0,-100.0,48.7,69.5
56,70,1789.0,2092.0,303.0,-100.0,45.6,36.3
40,66,1841.0,2093.0,252.0,-99.9,42.1,83.9
4,40,1985.0,2093.0,108.0,-100.1,91.1,42.1
12,59,2023.0,2093.0,70.0,-100.0,63.9,71.0
23,59,2055.0,2093.0,38.0,-100.0,53.6,71.0
0,25,1843.0,2094.0,251.0,-100.0,31.5,54.5
58,68,1887.0,2094.0,207.0,-100.0,34.6,69.9
2,8,1943.0,2094.0,151.0,-100.0,34.8,72.9
19,66,1769.0,2095.0,326.0,-100.0,61.4,83.9
10,52,1948.0,2095.0,147.0,-100.0,37.3,69.5
42,69,1881.0,2096.0,215.0,-100.0,88.2,93.1
30,69,1893.0,2096.0,203.0,-100.0,61.6,93.1
14,40,1982.0,2096.0,114.0,-100.1,60.3,42.1
10,12,1998.0,2096.0,98.0,-100.0,37.3,63.9
4,5,2002.0,2096.0,94.0,-100.1,91.1,96.5
15,79,1932.0,2097.0,165.0,-100.0,54.9,81.3
42,75,1969.0,2097.0,128.0,-100.1,88.2,82.1
5,66,1614.0,2098.0,484.0,-100.0,96.5,83.8
14,75,2015.0,2098.0,83.0,-100.1,60.3,82.1
28,58,2042.0,2098.0,56.0,-100.0,94.3,34.6
41,59,2090.0,2098.0,8.0,-100.0,76.5,71.0
5,50,2019.0,2099.0,80.0,-100.0,96.5,95.0
29,59,2089.0,2099.0,10.0,-100.0,92.0,71.0
49,63,1781.0,2100.0,319.0,-100.0,37.5,60.5
41,63,1863.0,2100.0,237.0,-100.0,76.5,60.5
64,74,1863.0,2100.0,237.0,-100.0,64.5,57.2
50,79,1953.0,2100.0,147.0,-100.0,95.0,81.3
15,53,1989.0,2100.0,111.0,-100.0,54.9,82.7
32,45,2020.0,2100.0,80.0,-100.1,65.4,34.6
58,70,1884.0,2101.0,217.0,-100.0,34.6,36.3
58,75,2029.0,2101.0,72.0,-100.0,34.6,82.1
37,66,1424.0,2102.0,678.0,-100.0,72.2,83.8
31,49,1705.0,2102.0,397.0,-100.0,50.9,37.5
16,41,2002.0,2102.0,100.0,-100.0,72.7,76.5
2,67,1767.0,2103.0,336.0,-100.0,34.8,62.3
51,75,1950.0,2103.0,153.0,-100.0,84.0,82.1
32,66,1986.0,2103.0,117.0,-100.1,65.4,83.8
40,50,2003.0,2103.0,100.0,-100.0,42.1,95.0
4,28,2013.0,2103.0,90.0,-100.0,91.1,94.3
7,9,2028.0,2103.0,75.0,-100.1,82.5,82.4
44,52,1531.0,2104.0,573.0,-100.0,70.9,69.5
25,58,1901.0,2104.0,203.0,-100.0,54.5,34.5
19,58,1905.0,2104.0,199.0,-100.0,61.3,34.5
32,74,2013.0,2104.0,91.0,-100.1,65.4,57.2
4,58,2017.0,2104.0,87.0,-100.1,91.1,34.5
35,39,1738.0,2105.0,367.0,-100.0,84.2,79.3
0,19,1832.0,2105.0,273.0,-100.0,31.5,61.3
8,47,1847.0,2105.0,258.0,-100.0,72.9,33.8
32,56,1981.0,2105.0,124.0,-100.0,65.4,45.6
5,32,1992.0,2105.0,113.0,-100.0,96.5,65.4
4,6,2027.0,2105.0,78.0,-100.2,91.1,84.0
3,32,1996.0,2106.0,110.0,-100.0,86.9,65.4
4,32,2034.0,2106.0,72.0,-100.0,91.1,65.4
15,41,2044.0,2106.0,62.0,-100.0,54.8,76.5
2,10,1699.0,2107.0,408.0,-100.0,34.8,37.3
28,78,1949.0,2107.0,158.0,-100.0,94.3,90.8
1,32,2020.0,2107.0,87.0,-100.2,92.6,65.4
32,40,2025.0,2107.0,82.0,-100.0,65.4,42.1
15,23,1810.0,2108.0,298.0,-100.0,54.8,53.5
10,67,1874.0,2108.0,234.0,-100.0,37.3,62.3
34,60,1999.0,2108.0,109.0,-100.1,73.6,39.9
51,62,2019.0,2108.0,89.0,-100.0,84.0,68.0
5,28,2049.0,2108.0,59.0,-100.0,96.5,94.3
6,70,1607.0,2109.0,502.0,-100.0,84.0,36.3
69,75,1909.0,2109.0,200.0,-100.0,93.1,82.1
10,18,1967.0,2109.0,142.0,-100.0,37.3,37.7
52,73,2074.0,2109.0,35.0,-100.0,69.4,73.9
42,53,1858.0,2110.0,252.0,-100.0,88.1,82.7
10,47,1906.0,2110.0,204.0,-100.0,37.3,33.8
58,66,1911.0,2110.0,199.0,-100.0,34.5,83.8
15,48,2005.0,2110.0,105.0,-100.1,54.8,93.4
16,48,2016.0,2110.0,94.0,-100.0,72.7,93.4
37,58,1749.0,2111.0,362.0,-100.0,72.2,34.5
47,67,1843.0,2111.0,268.0,-100.0,33.8,62.3
36,73,1878.0,2111.0,233.0,-100.0,65.2,73.9
52,79,1953.0,2111.0,158.0,-100.0,69.4,81.3
33,39,1956.0,2111.0,155.0,-100.0,87.3,79.3
31,60,1958.0,2111.0,153.0,-100.0,50.9,39.9
52,72,2056.0,2111.0,55.0,-100.0,69.4,34.0
13,75,2070.0,2111.0,41.0,-100.0,87.9,82.1
0,69,2071.0,2111.0,40.0,-100.0,31.5,93.1
35,41,2031.0,2112.0,81.0,-100.1,84.2,76.5
69,74,2071.0,2112.0,41.0,-100.1,93.1,57.2
12,53,2053.0,2113.0,60.0,-100.0,63.9,82.7
9,49,1736.0,2114.0,378.0,-100.0,82.4,37.5
4,69,1834.0,2114.0,280.0,-100.1,91.1,93.1
56,74,1934.0,2114.0,180.0,-100.0,45.6,57.2
40,75,1778.0,2115.0,337.0,-100.0,42.1,82.1
32,54,1980.0,2115.0,135.0,-100.0,65.4,83.5
41,72,2052.0,2115.0,63.0,-100.1,76.5,34.0
4,56,2010.0,2116.0,106.0,-100.2,91.1,45.6
15,74,1908.0,2118.0,210.0,-100.0,54.8,57.2
7,21,2036.0,2118.0,82.0,-100.0,82.4,44.2
4,15,2058.0,2118.0,60.0,-100.0,91.1,54.8
25,70,1845.0,2119.0,274.0,-100.0,54.4,36.3
68,70,1915.0,2119.0,204.0,-100.0,69.9,36.3
5,75,1994.0,2119.0,125.0,-100.0,96.4,82.1
40,45,1948.0,2120.0,172.0,-100.0,42.0,34.5
45,58,2011.0,2120.0,109.0,-100.0,34.5,34.5
4,54,2038.0,2120.0,82.0,-100.0,91.1,83.5
39,72,1920.0,2121.0,201.0,-100.1,79.3,34.0
0,68,2040.0,2121.0,81.0,-100.0,31.5,69.8
35,48,2043.0,2121.0,78.0,-100.0,84.2,93.4
39,59,2043.0,2121.0,78.0,-100.1,79.3,71.0
26,75,2057.0,2121.0,64.0,-100.0,75.9,82.1
41,61,2058.0,2121.0,63.0,-100.0,76.5,67.4
42,56,1778.0,2122.0,344.0,-100.0,88.1,45.6
6,66,1788.0,2122.0,334.0,-100.0,84.0,83.8
15,22,1935.0,2122.0,187.0,-100.0,54.8,53.6
31,77,2014.0,2122.0,108.0,-100.0,50.9,51.2
28,69,2059.0,2122.0,63.0,-100.0,94.3,93.1
14,62,2080.0,2122.0,42.0,-100.0,60.3,67.9
59,61,2089.0,2122.0,33.0,-100.1,71.0,67.4
0,37,1378.0,2123.0,745.0,-100.0,31.5,72.2
37,70,1773.0,2123.0,350.0,-99.9,72.2,36.3
2,36,1891.0,2123.0,232.0,-100.0,34.8,65.2
70,75,1991.0,2123.0,132.0,-100.0,36.3,82.1
19,69,2045.0,2123.0,78.0,-100.0,61.3,93.1
48,72,2056.0,2123.0,67.0,-100.2,93.4,34.0
19,70,1327.0,2124.0,797.0,-100.0,61.3,36.3
30,56,1745.0,2124.0,379.0,-100.0,61.5,45.6
50,62,2047.0,2124.0,77.0,-100.0,95.0,67.9
14,75,2106.0,2124.0,18.0,-100.0,60.3,82.1
31,65,1976.0,2125.0,149.0,-100.0,50.9,81.3
66,69,2029.0,2125.0,96.0,-100.1,83.8,93.1
29,41,2038.0,2125.0,87.0,-100.1,92.0,76.5
3,4,2040.0,2125.0,85.0,-100.0,86.9,91.1
15,42,2072.0,2125.0,53.0,-100.0,54.8,88.1
32,72,2087.0,2125.0,38.0,-100.0,65.4,34.0
54,74,1956.0,2126.0,170.0,-100.0,83.5,57.2
5,45,1971.0,2126.0,155.0,-100.0,96.4,34.5
4,45,2027.0,2126.0,99.0,-100.0,91.1,34.5
36,51,1989.0,2127.0,138.0,-100.0,65.2,83.9
1,58,2025.0,2127.0,102.0,-100.1,92.6,34.5
25,69,2044.0,2127.0,83.0,-100.0,54.4,93.1
18,72,1929.0,2129.0,200.0,-100.0,37.7,34.0
32,69,2047.0,2129.0,82.0,-100.0,65.4,93.1
68,69,2055.0,2129.0,74.0,-100.0,69.8,93.1
45,69,1997.0,2130.0,133.0,-100.1,34.5,93.1
4,26,2021.0,2130.0,109.0,-100.1,91.1,75.9
1,5,2020.0,2131.0,111.0,-100.0,92.6,96.4
29,57,1817.0,2132.0,315.0,-100.0,92.0,69.2
60,77,2008.0,2132.0,124.0,-100.0,39.9,51.2
4,13,2029.0,2132.0,103.0,-100.1,91.1,87.9
51,78,2074.0,2132.0,58.0,-100.0,83.9,90.8
0,4,2041.0,2133.0,92.0,-100.1,31.5,91.1
1,4,2047.0,2133.0,86.0,-100.1,92.6,91.1
32,35,2090.0,2133.0,43.0,-100.1,65.3,84.2
6,58,1883.0,2134.0,251.0,-100.0,84.0,34.5
56,75,2011.0,2134.0,123.0,-100.0,45.6,82.1
7,60,2034.0,2134.0,100.0,-100.1,82.4,39.9
15,32,2040.0,2134.0,94.0,-100.1,54.8,65.3
1,40,2043.0,2134.0,91.0,-100.0,92.6,42.0
36,50,2019.0,2135.0,116.0,-100.0,65.2,95.0
28,75,2034.0,2135.0,101.0,-100.0,94.3,82.1
1,69,2052.0,2135.0,83.0,-100.2,92.6,93.1
42,73,1669.0,2136.0,467.0,-100.0,88.1,73.9
11,67,1829.0,2136.0,307.0,-100.0,65.4,62.3
41,64,2025.0,2136.0,111.0,-100.1,76.5,64.4
26,58,1651.0,2137.0,486.0,-100.0,75.9,34.5
15,64,1857.0,2137.0,280.0,-100.0,54.8,64.4
14,36,2071.0,2137.0,66.0,-100.0,60.3,65.2
37,69,2057.0,2138.0,81.0,-100.0,72.2,93.0
52,53,2003.0,2139.0,136.0,-100.0,69.4,82.6
51,70,2043.0,2139.0,96.0,-100.0,83.9,36.2
2,43,1901.0,2140.0,239.0,-99.9,34.8,37.1
13,25,1987.0,2140.0,153.0,-100.0,87.9,54.4
32,47,2098.0,2140.0,42.0,-100.0,65.3,33.8
50,75,1995.0,2141.0,146.0,-100.0,95.0,82.1
12,41,2055.0,2141.0,86.0,-100.2,63.9,76.5
41,52,2056.0,2141.0,85.0,-100.0,76.5,69.4
2,76,1320.0,2143.0,823.0,-100.0,34.8,74.8
32,58,1876.0,2143.0,267.0,-100.0,65.3,34.5
26,69,2053.0,2143.0,90.0,-100.0,75.9,93.0
0,54,1871.0,2144.0,273.0,-100.0,31.5,83.5
3,74,1920.0,2144.0,224.0,-100.0,86.9,57.2
35,61,1736.0,2145.0,409.0,-99.9,84.2,67.4
23,72,1956.0,2145.0,189.0,-100.0,53.5,34.0
3,58,1985.0,2145.0,160.0,-100.0,86.9,34.5
48,52,2034.0,2145.0,111.0,-100.0,93.4,69.4
2,27,1896.0,2146.0,250.0,-100.0,34.8,48.6
53,79,1898.0,2146.0,248.0,-100.0,82.6,81.2
10,43,1922.0,2146.0,224.0,-100.0,37.3,37.1
48,63,1946.0,2146.0,200.0,-100.0,93.4,60.5
27,79,2003.0,2146.0,143.0,-100.0,48.6,81.2
23,41,2031.0,2146.0,115.0,-100.0,53.5,76.5
35,63,2037.0,2147.0,110.0,-100.0,84.2,60.5
6,69,2046.0,2147.0,101.0,-100.0,84.0,93.0
36,44,2102.0,2147.0,45.0,-100.0,65.1,70.9
54,66,1995.0,2148.0,153.0,-100.1,83.5,83.8
18,53,2029.0,2148.0,119.0,-100.0,37.6,82.6
3,69,2050.0,2149.0,99.0,-100.0,86.9,93.0
34,45,2120.0,2149.0,29.0,-100.0,73.5,34.5
24,57,1979.0,2150.0,171.0,-100.1,50.8,69.2
61,72,1990.0,2150.0,160.0,-100.0,67.4,34.0
28,37,1864.0,2151.0,287.0,-100.0,94.3,72.2
15,66,2061.0,2151.0,90.0,-100.0,54.8,83.8
24,59,2087.0,2151.0,64.0,-100.0,50.8,71.0
2,32,2094.0,2151.0,57.0,-100.0,34.8,65.3
0,6,1865.0,2152.0,287.0,-100.0,31.5,84.0
53,67,2036.0,2152.0,116.0,-100.0,82.6,62.3
63,72,2071.0,2152.0,81.0,-100.0,60.5,34.0
25,28,1901.0,2153.0,252.0,-100.0,54.4,94.3
13,37,1980.0,2153.0,173.0,-100.0,87.9,72.2
2,53,2014.0,2153.0,139.0,-100.0,34.8,82.6
6,28,2040.0,2153.0,113.0,-100.0,84.0,94.3
29,48,2054.0,2153.0,99.0,-100.0,92.0,93.4
29,72,1981.0,2154.0,173.0,-100.0,92.0,34.0
12,48,2048.0,2154.0,106.0,-100.1,63.8,93.4
24,29,2100.0,2154.0,54.0,-100.0,50.8,92.0
64,72,2046.0,2155.0,109.0,-100.0,64.4,34.0
29,35,1807.0,2156.0,349.0,-100.0,92.0,84.2
28,68,1918.0,2156.0,238.0,-100.0,94.3,69.8
23,35,2014.0,2156.0,142.0,-100.0,53.5,84.2
18,41,2049.0,2156.0,107.0,-100.1,37.6,76.5
4,31,2096.0,2156.0,60.0,-100.1,91.0,50.8
13,19,1871.0,2157.0,286.0,-100.0,87.9,61.3
57,61,1894.0,2157.0,263.0,-100.0,69.1,67.4
12,72,1930.0,2157.0,227.0,-100.0,63.8,34.0
17,35,2052.0,2157.0,105.0,-100.0,46.5,84.1
48,64,1992.0,2158.0,166.0,-100.0,93.4,64.4
13,68,2008.0,2158.0,150.0,-100.0,87.9,69.8
15,45,1926.0,2159.0,233.0,-100.0,54.8,34.5
12,22,1995.0,2159.0,164.0,-99.9,63.8,53.6
45,54,2000.0,2159.0,159.0,-100.1,34.5,83.5
38,59,2091.0,2159.0,68.0,-100.1,48.0,71.0
50,79,2108.0,2159.0,51.0,-100.0,95.0,81.2
17,21,1645.0,2160.0,515.0,-100.0,46.5,44.1
18,35,2041.0,2160.0,119.0,-100.0,37.6,84.1
13,69,2060.0,2160.0,100.0,-100.0,87.9,93.0
32,52,2062.0,2160.0,98.0,-100.1,65.3,69.4
13,45,2002.0,2161.0,159.0,-100.1,87.9,34.5
30,43,2068.0,2161.0,93.0,-100.0,61.5,37.1
41,46,2105.0,2161.0,56.0,-100.1,76.5,78.6
2,73,1743.0,2162.0,419.0,-100.0,34.8,73.9
6,13,1904.0,2162.0,258.0,-100.0,84.0,87.9
14,70,1909.0,2162.0,253.0,-100.0,60.2,36.2
39,41,2061.0,2162.0,101.0,-100.0,79.3,76.5
46,59,2061.0,2162.0,101.0,-100.0,78.6,71.0
1,37,2078.0,2162.0,84.0,-100.0,92.6,72.1
14,79,2103.0,2162.0,59.0,-100.0,60.2,81.2
4,35,2105.0,2163.0,58.0,-100.1,91.0,84.1
5,26,1931.0,2164.0,233.0,-100.0,96.4,75.8
4,66,1998.0,2164.0,166.0,-100.2,91.0,83.8
56,69,2023.0,2164.0,141.0,-100.1,45.6,93.0
1,6,2033.0,2164.0,131.0,-100.0,92.6,84.0
12,32,2078.0,2164.0,86.0,-100.0,63.8,65.3
4,7,2108.0,2164.0,56.0,-100.1,91.0,82.4
27,47,1763.0,2165.0,402.0,-100.0,48.6,33.7
0,13,1865.0,2165.0,300.0,-100.0,31.5,87.9
51,79,1952.0,2165.0,213.0,-100.1,83.9,81.2
44,67,1977.0,2165.0,188.0,-100.0,70.8,62.3
7,77,2010.0,2165.0,155.0,-100.0,82.4,51.2
67,73,1991.0,2166.0,175.0,-100.0,62.3,73.9
30,32,2059.0,2166.0,107.0,-100.0,61.5,65.3
28,54,2074.0,2166.0,92.0,-100.0,94.3,83.5
48,61,2082.0,2166.0,84.0,-100.0,93.3,67.4
4,34,2088.0,2166.0,78.0,-100.2,91.0,73.5
73,79,1700.0,2167.0,467.0,-100.0,73.9,81.2
59,61,2142.0,2167.0,25.0,-100.0,71.0,67.4
1,54,1839.0,2168.0,329.0,-100.0,92.6,83.5
34,65,1983.0,2168.0,185.0,-100.0,73.5,81.3
15,18,1652.0,2169.0,517.0,-100.0,54.8,37.6
7,65,1992.0,2169.0,177.0,-100.0,82.4,81.3
43,47,1884.0,2170.0,286.0,-100.0,37.1,33.7
6,45,2020.0,2170.0,150.0,-100.0,84.0,34.5
33,59,2068.0,2170.0,102.0,-100.1,87.2,71.0
1,25,2088.0,2170.0,82.0,-100.0,92.6,54.4
12,58,2127.0,2170.0,43.0,-100.0,63.8,34.5
18,69,2131.0,2170.0,39.0,-100.0,37.6,93.0
47,76,1867.0,2171.0,304.0,-100.0,33.7,74.8
14,42,1872.0,2171.0,299.0,-100.2,60.2,88.1
42,51,2008.0,2171.0,163.0,-100.0,88.1,83.9
4,74,2053.0,2171.0,118.0,-100.2,91.0,57.1
15,69,2055.0,2171.0,116.0,-100.0,54.8,93.0
29,32,2112.0,2171.0,59.0,-100.0,92.0,65.3
4,16,2121.0,2171.0,50.0,-100.0,91.0,72.6
50,69,2124.0,2171.0,47.0,-100.0,94.9,93.0
25,26,1620.0,2172.0,552.0,-100.0,54.4,75.8
45,66,2000.0,2172.0,172.0,-100.0,34.5,83.8
42,50,2001.0,2172.0,171.0,-100.0,88.1,94.9
19,28,2004.0,2172.0,168.0,-100.0,61.3,94.2
14,78,2011.0,2172.0,161.0,-100.0,60.2,90.7
50,70,2035.0,2172.0,137.0,-100.0,94.9,36.2
56,58,1926.0,2173.0,247.0,-100.0,45.6,34.5
24,61,1975.0,2173.0,198.0,-100.0,50.8,67.4
7,49,2012.0,2173.0,161.0,-100.0,82.4,37.4
1,13,2024.0,2173.0,149.0,-100.1,92.6,87.9
24,33,2026.0,2173.0,147.0,-100.0,50.8,87.2
18,48,2033.0,2173.0,140.0,-100.0,37.6,93.3
45,74,1773.0,2174.0,401.0,-100.0,34.5,57.1
1,15,1933.0,2174.0,241.0,-100.0,92.6,54.8
6,26,1945.0,2174.0,229.0,-100.0,84.0,75.8
14,69,2121.0,2174.0,53.0,-100.0,60.2,93.0
26,37,1274.0,2175.0,901.0,-100.0,75.8,72.1
30,76,1905.0,2175.0,270.0,-100.0,61.5,74.8
15,30,2042.0,2175.0,133.0,-100.0,54.8,61.5
11,32,2111.0,2175.0,64.0,-100.0,65.3,65.3
76,79,1617.0,2176.0,559.0,-100.0,74.8,81.2
22,43,1823.0,2176.0,353.0,-100.0,53.5,37.1
54,69,2049.0,2176.0,127.0,-100.1,83.5,93.0
6,75,2052.0,2177.0,125.0,-100.0,84.0,82.0
21,77,2085.0,2177.0,92.0,-100.0,44.1,51.2
4,77,2093.0,2177.0,84.0,-100.0,91.0,51.2
50,58,2123.0,2177.0,54.0,-100.0,94.9,34.5
75,78,2005.0,2178.0,173.0,-100.0,82.0,90.7
22,42,2040.0,2178.0,138.0,-100.0,53.5,88.1
32,64,2053.0,2178.0,125.0,-100.0,65.3,64.4
12,63,2102.0,2178.0,76.0,-100.0,63.8,60.4
11,41,2112.0,2178.0,66.0,-100.0,65.3,76.5
47,73,1970.0,2179.0,209.0,-100.0,33.7,73.9
17,72,2094.0,2179.0,85.0,-100.0,46.5,34.0
8,10,1989.0,2180.0,191.0,-100.0,72.8,37.2
37,75,2049.0,2180.0,131.0,-100.1,72.1,82.0
51,69,2105.0,2180.0,75.0,-100.0,83.9,93.0
6,51,2115.0,2180.0,65.0,-100.0,84.0,83.9
32,61,2128.0,2180.0,52.0,-100.1,65.3,67.4
46,57,1868.0,2181.0,313.0,-100.0,78.6,69.1
23,48,2009.0,2181.0,172.0,-100.0,53.5,93.3
45,50,2178.0,2181.0,3.0,-100.1,34.5,94.9
14,30,2122.0,2182.0,60.0,-100.1,60.2,61.5
51,68,2148.0,2182.0,34.0,-100.0,83.9,69.8
35,64,2036.0,2183.0,147.0,-100.0,84.1,64.4
30,54,2085.0,2183.0,98.0,-100.0,61.5,83.5
37,51,2123.0,2183.0,60.0,-100.0,72.1,83.9
10,76,1733.0,2184.0,451.0,-100.0,37.2,74.8
68,75,2041.0,2184.0,143.0,-100.0,69.8,82.0
37,45,2056.0,2184.0,128.0,-100.0,72.1,34.5
22,41,2089.0,2184.0,95.0,-100.1,53.5,76.5
14,58,2118.0,2184.0,66.0,-100.0,60.2,34.5
22,51,2127.0,2184.0,57.0,-100.0,53.5,83.9
24,63,2154.0,2184.0,30.0,-100.0,50.7,60.4
32,41,2069.0,2185.0,116.0,-100.0,65.3,76.4
1,68,2089.0,2185.0,96.0,-100.0,92.6,69.8
52,69,2101.0,2185.0,84.0,-100.0,69.4,93.0
1,34,2115.0,2185.0,70.0,-100.0,92.6,73.5
65,77,1889.0,2186.0,297.0,-100.1,81.3,51.2
54,58,1958.0,2186.0,228.0,-100.0,83.5,34.5
20,60,1975.0,2186.0,211.0,-100.0,57.0,39.8
15,58,2049.0,2186.0,137.0,-100.0,54.8,34.5
3,28,2076.0,2186.0,110.0,-100.1,86.9,94.2
22,48,2085.0,2186.0,101.0,-100.0,53.5,93.3
15,28,2127.0,2186.0,59.0,-100.0,54.8,94.2
7,72,2136.0,2186.0,50.0,-100.1,82.4,34.0
0,50,2175.0,2186.0,11.0,-100.0,31.5,94.9
28,45,2070.0,2187.0,117.0,-100.1,94.2,34.5
74,77,1989.0,2188.0,199.0,-100.0,57.1,51.2
19,75,2041.0,2188.0,147.0,-100.0,61.3,82.0
24,38,2070.0,2188.0,118.0,-100.0,50.7,48.0
14,28,2173.0,2188.0,15.0,-100.0,60.2,94.2
1,56,2014.0,2189.0,175.0,-100.0,92.5,45.5
28,56,2045.0,2189.0,144.0,-100.0,94.2,45.5
35,77,2111.0,2189.0,78.0,-100.0,84.1,51.2
72,77,2117.0,2189.0,72.0,-100.0,33.9,51.2
66,72,2133.0,2189.0,56.0,-100.0,83.8,33.9
41,43,2161.0,2189.0,28.0,-100.0,76.4,37.1
7,20,2003.0,2190.0,187.0,-100.1,82.4,57.0
16,72,2038.0,2190.0,152.0,-100.0,72.6,33.9
34,72,2117.0,2190.0,73.0,-100.0,73.5,33.9
22,79,1783.0,2191.0,408.0,-100.0,53.5,81.2
23,52,1835.0,2191.0,356.0,-100.0,53.5,69.4
5,13,1895.0,2191.0,296.0,-100.0,96.4,87.8
11,43,1931.0,2191.0,260.0,-100.0,65.3,37.1
26,45,2037.0,2191.0,154.0,-100.1,75.8,34.5
32,53,2084.0,2191.0,107.0,-100.0,65.3,82.6
48,53,2105.0,2191.0,86.0,-100.0,93.3,82.6
14,47,2130.0,2191.0,61.0,-100.0,60.2,33.7
59,63,2146.0,2191.0,45.0,-100.0,70.9,60.4
12,14,2174.0,2192.0,18.0,-100.1,63.8,60.2
3,13,1730.0,2193.0,463.0,-100.1,86.9,87.8
5,19,1784.0,2193.0,409.0,-100.0,96.4,61.3
40,69,1878.0,2193.0,315.0,-100.1,42.0,93.0
13,58,1954.0,2194.0,240.0,-100.0,87.8,34.5
45,56,1977.0,2194.0,217.0,-100.0,34.5,45.5
35,72,1984.0,2195.0,211.0,-100.0,84.1,33.9
2,79,1995.0,2195.0,200.0,-100.0,34.7,81.2
16,35,1923.0,2196.0,273.0,-100.0,72.6,84.1
10,55,1956.0,2196.0,240.0,-100.0,37.2,94.0
49,60,1984.0,2196.0,212.0,-100.0,37.4,39.8
9,65,2134.0,2196.0,62.0,-100.0,82.3,81.3
32,38,2177.0,2196.0,19.0,-100.0,65.3,48.0
43,44,1645.0,2197.0,552.0,-100.0,37.0,70.8
16,63,1997.0,2197.0,200.0,-100.0,72.6,60.4
20,31,1647.0,2198.0,551.0,-100.0,57.0,50.8
69,70,2180.0,2198.0,18.0,-99.9,93.0,36.2
44,79,1831.0,2199.0,368.0,-100.0,70.8,81.2
42,44,1952.0,2199.0,247.0,-100.0,88.1,70.8
25,75,2025.0,2199.0,174.0,-100.0,54.4,82.0
39,48,2063.0,2199.0,136.0,-100.1,79.2,93.3
51,58,2086.0,2199.0,113.0,-100.0,83.9,34.5
35,49,2104.0,2199.0,95.0,-100.0,84.1,37.4
2,69,2110.0,2199.0,89.0,-100.2,34.7,93.0
11,51,2113.0,2199.0,86.0,-100.0,65.3,83.9
7,50,2187.0,2199.0,12.0,-100.0,82.4,94.9
66,77,2121.0,2201.0,80.0,-100.0,83.7,51.2
14,34,2174.0,2201.0,27.0,-100.0,60.2,73.5
5,69,2012.0,2202.0,190.0,-100.0,96.4,93.0
23,24,2137.0,2202.0,65.0,-100.0,53.4,50.7
13,14,2142.0,2203.0,61.0,-100.0,87.8,60.2
31,72,2173.0,2203.0,30.0,-100.0,50.8,33.9
5,25,1686.0,2204.0,518.0,-100.0,96.4,54.4
2,42,2042.0,2204.0,162.0,-100.0,34.7,88.0
50,78,2065.0,2204.0,139.0,-100.0,94.9,90.7
49,66,2139.0,2204.0,65.0,-100.0,37.4,83.7
60,65,1702.0,2205.0,503.0,-100.0,39.8,81.3
33,46,1867.0,2205.0,338.0,-100.0,87.2,78.6
11,76,1934.0,2205.0,271.0,-100.0,65.3,74.8
57,59,2089.0,2205.0,116.0,-100.1,69.1,70.9
10,41,2101.0,2205.0,104.0,-100.0,37.2,76.4
72,74,2119.0,2205.0,86.0,-100.1,33.9,57.1
71,72,2181.0,2206.0,25.0,-100.0,36.0,33.9
8,11,1727.0,2207.0,480.0,-100.0,72.8,65.3
30,51,1985.0,2207.0,222.0,-100.0,61.5,83.9
13,28,2042.0,2207.0,165.0,-100.0,87.8,94.2
5,51,2045.0,2207.0,162.0,-100.1,96.4,83.9
7,13,2149.0,2207.0,58.0,-100.0,82.4,87.8
60,72,2172.0,2207.0,35.0,-100.0,39.8,33.9
47,51,1878.0,2208.0,330.0,-100.0,33.7,83.9
26,40,2042.0,2208.0,166.0,-100.0,75.8,42.0
35,52,2107.0,2208.0,101.0,-100.0,84.1,69.3
14,45,2189.0,2208.0,19.0,-100.0,60.2,34.4
7,68,2190.0,2208.0,18.0,-100.0,82.4,69.8
10,53,1827.0,2209.0,382.0,-100.1,37.2,82.6
12,15,1955.0,2209.0,254.0,-100.0,63.8,54.7
41,48,1984.0,2209.0,225.0,-100.1,76.4,93.3
3,66,1999.0,2209.0,210.0,-100.0,86.8,83.7
3,51,2126.0,2209.0,83.0,-100.1,86.8,83.9
17,59,2166.0,2210.0,44.0,-100.0,46.4,70.9
65,71,2131.0,2211.0,80.0,-100.0,81.3,36.0
26,68,1726.0,2212.0,486.0,-100.0,75.8,69.8
32,48,2035.0,2212.0,177.0,-100.0,65.3,93.3
25,50,2118.0,2212.0,94.0,-100.0,54.3,94.9
43,73,2013.0,2213.0,200.0,-100.0,37.0,73.8
13,15,2090.0,2213.0,123.0,-100.0,87.8,54.7
20,35,2140.0,2213.0,73.0,-100.0,57.0,84.1
30,79,1919.0,2214.0,295.0,-100.0,61.4,81.2
47,53,1986.0,2214.0,228.0,-100.0,33.7,82.6
4,60,2141.0,2214.0,73.0,-100.0,91.0,39.8
7,45,2141.0,2214.0,73.0,-100.1,82.3,34.4
3,5,1940.0,2215.0,275.0,-100.0,86.8,96.4
13,35,2132.0,2215.0,83.0,-100.1,87.8,84.1
1,14,2192.0,2215.0,23.0,-100.0,92.5,60.2
40,58,1984.0,2216.0,232.0,-100.0,42.0,34.4
46,48,2109.0,2216.0,107.0,-100.0,78.6,93.3
18,24,2173.0,2216.0,43.0,-100.0,37.6,50.7
44,76,1868.0,2217.0,349.0,-100.0,70.8,74.8
34,49,1945.0,2217.0,272.0,-100.0,73.5,37.4
0,28,2067.0,2217.0,150.0,-100.0,31.4,94.2
4,9,2158.0,2217.0,59.0,-100.1,91.0,82.3
40,79,1853.0,2218.0,365.0,-100.0,41.9,81.2
19,50,2116.0,2218.0,102.0,-100.0,61.2,94.9
7,15,2174.0,2218.0,44.0,-100.0,82.3,54.7
7,14,2176.0,2218.0,42.0,-100.1,82.3,60.2
22,76,1721.0,2219.0,498.0,-100.0,53.5,74.8
40,51,2013.0,2219.0,206.0,-100.0,41.9,83.8
47,69,2114.0,2219.0,105.0,-100.0,33.7,93.0
27,48,2155.0,2219.0,64.0,-100.0,48.6,93.3
3,7,2161.0,2219.0,58.0,-100.0,86.8,82.3
8,44,2043.0,2220.0,177.0,-100.0,72.8,70.8
6,50,2120.0,2220.0,100.0,-100.0,83.9,94.9
3,50,2139.0,2220.0,81.0,-100.1,86.8,94.9
13,40,2070.0,2221.0,151.0,-100.0,87.8,41.9
32,73,2129.0,2221.0,92.0,-100.0,65.3,73.8
14,78,2190.0,2221.0,31.0,-100.0,60.2,90.7
11,73,1991.0,2222.0,231.0,-100.0,65.3,73.8
19,78,2015.0,2222.0,207.0,-100.0,61.2,90.7
44,69,2145.0,2222.0,77.0,-100.0,70.8,93.0
13,54,1790.0,2223.0,433.0,-100.0,87.8,83.4
30,42,1811.0,2223.0,412.0,-100.0,61.4,88.0
1,45,1980.0,2223.0,243.0,-100.0,92.5,34.4
31,45,2130.0,2223.0,93.0,-100.0,50.8,34.4
4,71,2154.0,2223.0,69.0,-100.0,91.0,36.0
50,68,2121.0,2224.0,103.0,-100.0,94.9,69.7
7,54,2184.0,2224.0,40.0,-100.0,82.3,83.4
70,78,1924.0,2225.0,301.0,-100.0,36.2,90.7
11,79,1993.0,2225.0,232.0,-100.0,65.3,81.2
34,77,2015.0,2225.0,210.0,-100.0,73.5,51.1
3,26,2024.0,2225.0,201.0,-100.0,86.8,75.8
7,56,2169.0,2225.0,56.0,-99.9,82.3,45.5
15,51,2110.0,2226.0,116.0,-100.0,54.7,83.8
13,47,2192.0,2226.0,34.0,-100.0,87.8,33.7
24,46,2040.0,2228.0,188.0,-100.0,50.7,78.6
55,73,2078.0,2228.0,150.0,-100.0,94.0,73.8
24,48,2123.0,2228.0,105.0,-100.1,50.7,93.3
19,51,2145.0,2228.0,83.0,-100.0,61.2,83.8
1,15,2211.0,2228.0,17.0,-100.0,92.5,54.7
49,77,2044.0,2229.0,185.0,-100.0,37.4,51.1
21,65,2075.0,2229.0,154.0,-100.0,44.0,81.2
18,63,2134.0,2229.0,95.0,-100.0,37.6,60.4
4,21,2137.0,2229.0,92.0,-100.0,91.0,44.0
10,58,2194.0,2229.0,35.0,-100.0,37.2,34.4
13,56,1900.0,2230.0,330.0,-100.0,87.8,45.5
52,64,1907.0,2230.0,323.0,-100.0,69.3,64.4
28,35,2149.0,2230.0,81.0,-100.1,94.2,84.1
14,35,2173.0,2230.0,57.0,-100.0,60.2,84.1
37,50,2118.0,2231.0,113.0,-100.0,72.1,94.9
58,73,2151.0,2231.0,80.0,-100.0,34.4,73.8
58,76,2191.0,2231.0,40.0,-100.0,34.4,74.8
50,51,1846.0,2232.0,386.0,-100.0,94.9,83.8
1,3,1847.0,2232.0,385.0,-100.0,92.5,86.8
24,39,2100.0,2232.0,132.0,-100.0,50.7,79.2
27,32,2143.0,2232.0,89.0,-100.0,48.5,65.2
12,77,2153.0,2232.0,79.0,-100.0,63.8,51.1
15,34,2154.0,2232.0,78.0,-100.0,54.7,73.4
45,68,2073.0,2233.0,160.0,-100.0,34.4,69.7
41,44,2133.0,2233.0,100.0,-100.0,76.4,70.8
11,41,2218.0,2233.0,15.0,-100.0,65.3,76.4
22,52,1893.0,2234.0,341.0,-100.0,53.5,69.3
7,34,1959.0,2234.0,275.0,-100.1,82.3,73.4
44,73,1992.0,2234.0,242.0,-100.0,70.8,73.8
0,14,2175.0,2234.0,59.0,-100.0,31.4,60.2
42,50,2197.0,2234.0,37.0,-100.0,88.0,94.9
28,66,2052.0,2235.0,183.0,-100.0,94.2,83.7
14,25,2121.0,2235.0,114.0,-100.0,60.2,54.3
28,31,2129.0,2235.0,106.0,-100.1,94.2,50.7
28,34,2133.0,2235.0,102.0,-100.0,94.2,73.4
26,50,2153.0,2235.0,82.0,-100.0,75.8,94.9
51,77,2220.0,2235.0,15.0,-100.0,83.8,51.1
6,14,2119.0,2236.0,117.0,-100.0,83.9,60.2
12,39,1497.0,2237.0,740.0,-100.0,63.8,79.2
57,63,2124.0,2237.0,113.0,-100.0,69.1,60.4
15,50,2139.0,2237.0,98.0,-100.0,54.7,94.9
40,42,1693.0,2238.0,545.0,-100.0,41.9,88.0
36,47,2086.0,2238.0,152.0,-99.9,65.1,33.7
34,35,2106.0,2238.0,132.0,-100.0,73.4,84.1
7,66,2117.0,2238.0,121.0,-100.1,82.3,83.7
2,22,1736.0,2239.0,503.0,-100.0,34.7,53.5
12,23,1973.0,2239.0,266.0,-100.0,63.8,53.4
20,66,2126.0,2239.0,113.0,-100.0,56.9,83.7
50,54,2130.0,2239.0,109.0,-100.0,94.9,83.4
30,41,2223.0,2239.0,16.0,-100.0,61.4,76.4
6,19,1491.0,2240.0,749.0,-100.0,83.9,61.2
0,45,2019.0,2240.0,221.0,-100.0,31.4,34.4
69,73,2153.0,2240.0,87.0,-100.0,92.9,73.8
35,65,2199.0,2240.0,41.0,-100.0,84.1,81.2
44,53,1941.0,2241.0,300.0,-100.0,70.8,82.5
11,42,2081.0,2241.0,160.0,-100.0,65.3,88.0
51,54,2111.0,2241.0,130.0,-100.0,83.8,83.4
3,14,2135.0,2241.0,106.0,-100.0,86.8,60.2
47,54,2153.0,2241.0,88.0,-100.0,33.7,83.4
35,51,2169.0,2241.0,72.0,-100.0,84.1,83.8
24,32,2140.0,2242.0,102.0,-100.1,50.7,65.2
41,73,2120.0,2243.0,123.0,-100.0,76.4,73.8
18,77,2197.0,2243.0,46.0,-100.0,37.5,51.1
55,76,1943.0,2244.0,301.0,-100.0,94.0,74.7
15,26,2090.0,2244.0,154.0,-100.0,54.7,75.8
10,48,2117.0,2244.0,127.0,-100.0,37.2,93.3
35,66,2118.0,2244.0,126.0,-100.0,84.1,83.7
7,20,2212.0,2244.0,32.0,-100.0,82.3,56.9
20,34,1782.0,2245.0,463.0,-100.0,56.9,73.4
19,45,2022.0,2245.0,223.0,-100.1,61.2,34.4
10,24,2140.0,2245.0,105.0,-100.1,37.2,50.7
51,56,2103.0,2246.0,143.0,-100.0,83.8,45.5
14,19,2119.0,2246.0,127.0,-100.0,60.1,61.2
15,66,2157.0,2246.0,89.0,-100.0,54.7,83.7
54,78,2160.0,2246.0,86.0,-100.0,83.4,90.6
8,58,2197.0,2246.0,49.0,-100.0,72.7,34.4
11,53,2018.0,2247.0,229.0,-100.0,65.3,82.5
14,51,2052.0,2247.0,195.0,-100.0,60.1,83.8
30,40,1561.0,2248.0,687.0,-100.0,61.4,41.9
20,77,2028.0,2248.0,220.0,-100.0,56.9,51.1
12,14,2211.0,2248.0,37.0,-100.0,63.7,60.1
5,54,1910.0,2249.0,339.0,-100.0,96.3,83.4
14,37,2119.0,2249.0,130.0,-100.0,60.1,72.1
28,74,2123.0,2249.0,126.0,-100.0,94.2,57.1
50,56,2128.0,2249.0,121.0,-100.0,94.9,45.5
13,58,2245.0,2249.0,4.0,-100.0,87.8,34.4
30,52,2056.0,2250.0,194.0,-100.0,61.4,69.3
7,19,2179.0,2250.0,71.0,-100.0,82.3,61.2
22,41,2197.0,2250.0,53.0,-100.0,53.5,76.4
39,52,1818.0,2251.0,433.0,-100.0,79.2,69.3
12,35,2043.0,2251.0,208.0,-100.0,63.7,84.1
15,47,2062.0,2251.0,189.0,-100.0,54.7,33.7
50,70,2194.0,2251.0,57.0,-100.0,94.9,36.1
14,68,2120.0,2252.0,132.0,-100.0,60.1,69.7
14,15,2134.0,2252.0,118.0,-100.2,60.1,54.7
10,27,1958.0,2253.0,295.0,-100.0,37.2,48.5
65,74,2012.0,2253.0,241.0,-100.0,81.2,57.0
6,70,2162.0,2253.0,91.0,-100.0,83.9,36.1
26,28,1907.0,2254.0,347.0,-100.0,75.7,94.2
26,35,2140.0,2254.0,114.0,-100.0,75.7,84.1
16,77,2115.0,2255.0,140.0,-100.0,72.5,51.1
32,63,2154.0,2255.0,101.0,-100.0,65.2,60.4
15,74,2207.0,2255.0,48.0,-100.0,54.7,57.0
12,18,1764.0,2256.0,492.0,-100.0,63.7,37.5
51,52,2120.0,2256.0,136.0,-100.1,83.8,69.3
69,76,2167.0,2256.0,89.0,-100.1,92.9,74.7
29,63,2056.0,2257.0,201.0,-100.0,91.9,60.4
7,74,2102.0,2257.0,155.0,-100.0,82.3,57.0
7,26,2141.0,2257.0,116.0,-100.1,82.3,75.7
18,51,2150.0,2257.0,107.0,-100.0,37.5,83.8
39,51,2207.0,2257.0,50.0,-100.0,79.2,83.8
32,77,2217.0,2257.0,40.0,-100.0,65.2,51.1
30,53,1850.0,2258.0,408.0,-100.0,61.4,82.5
19,37,1861.0,2258.0,397.0,-100.0,61.2,72.0
49,74,2094.0,2258.0,164.0,-100.0,37.4,57.0
14,54,2126.0,2258.0,132.0,-100.0,60.1,83.4
5,30,1875.0,2259.0,384.0,-100.0,96.3,61.4
4,28,2198.0,2259.0,61.0,-100.0,90.9,94.2
20,65,1979.0,2260.0,281.0,-100.0,56.9,81.2
21,72,2141.0,2260.0,119.0,-100.0,44.0,33.9
28,29,2240.0,2260.0,20.0,-100.0,94.2,91.9
1,28,2082.0,2261.0,179.0,-100.0,92.5,94.2
13,52,2126.0,2261.0,135.0,-100.1,87.8,69.3
12,13,2140.0,2262.0,122.0,-100.0,63.7,87.8
2,37,2198.0,2262.0,64.0,-100.0,34.7,72.0
2,51,1918.0,2263.0,345.0,-100.0,34.7,83.8
3,45,1980.0,2263.0,283.0,-100.0,86.8,34.4
25,45,2056.0,2263.0,207.0,-100.0,54.3,34.4
61,63,2061.0,2263.0,202.0,-100.0,67.3,60.4
35,74,2095.0,2263.0,168.0,-100.1,84.0,57.0
7,35,2132.0,2263.0,131.0,-100.0,82.3,84.0
53,58,2163.0,2264.0,101.0,-100.0,82.5,34.4
17,28,2218.0,2264.0,46.0,-100.0,46.4,94.2
10,11,1950.0,2265.0,315.0,-100.0,37.2,65.3
5,78,1970.0,2265.0,295.0,-99.9,96.3,90.6
19,40,1973.0,2265.0,292.0,-100.0,61.2,41.9
40,50,2105.0,2265.0,160.0,-100.1,41.9,94.9
0,51,2208.0,2265.0,57.0,-100.0,31.4,83.8
5,15,2041.0,2266.0,225.0,-100.0,96.3,54.7
2,3,2187.0,2266.0,79.0,-100.0,34.7,86.8
23,51,2207.0,2266.0,59.0,-100.0,53.4,83.8
8,22,1942.0,2267.0,325.0,-100.0,72.7,53.5
7,28,2137.0,2267.0,130.0,-100.0,82.3,94.2
4,7,2215.0,2267.0,52.0,-100.0,90.9,82.3
7,72,2215.0,2267.0,52.0,-100.0,82.3,33.9
20,74,2104.0,2268.0,164.0,-100.0,56.9,57.0
4,20,2110.0,2268.0,158.0,-100.1,90.9,56.9
0,7,2123.0,2268.0,145.0,-100.1,31.4,82.3
14,26,2147.0,2268.0,121.0,-100.0,60.1,75.7
50,52,2162.0,2268.0,106.0,-100.0,94.9,69.3
41,58,2205.0,2268.0,63.0,-100.0,76.4,34.4
22,53,1958.0,2269.0,311.0,-100.0,53.5,82.5
2,15,2089.0,2269.0,180.0,-100.0,34.7,54.7
5,50,2106.0,2269.0,163.0,-100.0,96.3,94.9
4,49,2110.0,2269.0,159.0,-100.1,90.9,37.3
14,56,2124.0,2269.0,145.0,-100.0,60.1,45.5
10,32,2129.0,2269.0,140.0,-100.1,37.1,65.2
13,51,2128.0,2270.0,142.0,-100.0,87.8,83.8
24,44,2178.0,2270.0,92.0,-100.1,50.7,70.7
7,31,2010.0,2271.0,261.0,-100.1,82.3,50.7
20,21,2110.0,2271.0,161.0,-100.0,56.9,44.0
27,41,2116.0,2271.0,155.0,-100.0,48.5,76.4
1,35,2152.0,2271.0,119.0,-100.0,92.5,84.0
28,65,2180.0,2271.0,91.0,-100.0,94.1,81.2
61,77,2156.0,2272.0,116.0,-100.0,67.3,51.1
10,73,1809.0,2273.0,464.0,-100.0,37.1,73.8
53,73,1909.0,2273.0,364.0,-100.0,82.5,73.8
65,72,2127.0,2273.0,146.0,-99.9,81.2,33.9
8,69,2176.0,2273.0,97.0,-100.0,72.7,92.9
12,56,2184.0,2273.0,89.0,-100.0,63.7,45.5
31,51,2213.0,2273.0,60.0,-100.0,50.7,83.8
14,24,2264.0,2273.0,9.0,-100.0,60.1,50.7
12,64,2007.0,2275.0,268.0,-100.0,63.7,64.3
41,76,2128.0,2275.0,147.0,-100.1,76.4,74.7
34,51,2171.0,2275.0,104.0,-100.0,73.4,83.8
12,52,1778.0,2276.0,498.0,-100.0,63.7,69.3
16,23,1907.0,2276.0,369.0,-100.0,72.5,53.4
8,55,1935.0,2276.0,341.0,-100.0,72.7,93.9
4,65,2101.0,2276.0,175.0,-100.0,90.9,81.2
35,56,2162.0,2276.0,114.0,-100.0,84.0,45.5
51,66,2173.0,2276.0,103.0,-100.0,83.8,83.7
14,74,2207.0,2276.0,69.0,-100.0,60.1,57.0
71,72,2208.0,2276.0,68.0,-100.0,35.9,33.9
32,51,2229.0,2276.0,47.0,-100.0,65.2,83.8
24,47,2231.0,2276.0,45.0,-100.0,50.6,33.6
12,28,2176.0,2277.0,101.0,-100.0,63.7,94.1
4,29,2235.0,2277.0,42.0,-100.0,90.9,91.9
4,35,2219.0,2278.0,59.0,-100.0,90.9,84.0
24,50,2234.0,2278.0,44.0,-100.1,50.6,94.8
13,74,2065.0,2279.0,214.0,-100.0,87.8,57.0
43,69,2164.0,2279.0,115.0,-100.0,37.0,92.9
13,16,2187.0,2279.0,92.0,-100.0,87.8,72.5
19,34,2223.0,2279.0,56.0,-100.0,61.2,73.4
17,63,1886.0,2280.0,394.0,-100.0,46.4,60.3
4,72,2115.0,2280.0,165.0,-100.1,90.9,33.9
16,34,2125.0,2280.0,155.0,-100.0,72.5,73.4
2,50,2136.0,2280.0,144.0,-100.0,34.7,94.8
14,52,2150.0,2280.0,130.0,-100.1,60.1,69.3
24,73,2171.0,2280.0,109.0,-100.0,50.6,73.8
11,24,2184.0,2280.0,96.0,-100.0,65.2,50.6
16,66,2162.0,2281.0,119.0,-100.0,72.5,83.7
50,55,2213.0,2281.0,68.0,-100.0,94.8,93.9
4,51,2222.0,2281.0,59.0,-100.1,90.9,83.8
2,5,2084.0,2282.0,198.0,-100.0,34.7,96.3
14,40,2102.0,2282.0,180.0,-100.0,60.1,41.9
5,14,2106.0,2282.0,176.0,-100.0,96.3,60.1
47,50,2147.0,2282.0,135.0,-100.0,33.6,94.8
12,17,2164.0,2282.0,118.0,-100.0,63.7,46.4
33,63,2200.0,2282.0,82.0,-100.0,87.1,60.3
58,67,2215.0,2282.0,67.0,-100.0,34.4,62.2
42,47,2031.0,2283.0,252.0,-100.0,88.0,33.6
12,34,2146.0,2283.0,137.0,-100.0,63.7,73.4
53,69,2164.0,2283.0,119.0,-100.0,82.5,92.9
4,16,2192.0,2283.0,91.0,-100.1,90.9,72.5
32,50,2226.0,2283.0,57.0,-100.1,65.2,94.8
14,70,2244.0,2283.0,39.0,-99.9,60.1,36.1
6,54,1656.0,2284.0,628.0,-99.9,83.9,83.4
23,32,2075.0,2284.0,209.0,-100.0,53.4,65.2
0,34,2078.0,2284.0,206.0,-100.0,31.4,73.4
24,30,2189.0,2284.0,95.0,-100.0,50.6,61.4
41,69,2198.0,2284.0,86.0,-100.1,76.4,92.9
22,32,2082.0,2285.0,203.0,-100.0,53.4,65.2
29,77,2152.0,2285.0,133.0,-100.0,91.9,51.1
9,72,2237.0,2285.0,48.0,-100.0,82.2,33.9
10,44,1904.0,2286.0,382.0,-100.0,37.1,70.7
12,66,2159.0,2286.0,127.0,-100.1,63.7,83.7
34,54,2188.0,2286.0,98.0,-100.0,73.4,83.4
1,52,2252.0,2286.0,34.0,-100.0,92.5,69.3
30,32,2190.0,2287.0,97.0,-100.0,61.4,65.2
42,58,1963.0,2288.0,325.0,-100.0,88.0,34.4
5,68,2015.0,2288.0,273.0,-100.0,96.3,69.7
51,74,2187.0,2288.0,101.0,-100.1,83.8,57.0
50,69,2238.0,2288.0,50.0,-100.0,94.8,92.9
67,69,2187.0,2289.0,102.0,-100.0,62.2,92.9
1,56,2191.0,2289.0,98.0,-100.0,92.4,45.4
19,66,2201.0,2289.0,88.0,-100.0,61.2,83.7
35,68,2212.0,2289.0,77.0,-100.0,84.0,69.7
39,77,2191.0,2290.0,99.0,-100.0,79.2,51.1
51,61,2198.0,2290.0,92.0,-100.1,83.8,67.3
49,65,2006.0,2291.0,285.0,-100.0,37.3,81.2
63,64,2066.0,2291.0,225.0,-100.0,60.3,64.3
28,72,2167.0,2291.0,124.0,-100.0,94.1,33.8
54,66,2180.0,2291.0,111.0,-100.0,83.4,83.7
50,58,2185.0,2291.0,106.0,-100.0,94.8,34.4
24,58,2195.0,2291.0,96.0,-100.0,50.6,34.4
14,32,2234.0,2291.0,57.0,-100.2,60.1,65.2
14,55,2238.0,2291.0,53.0,-100.1,60.1,93.9
37,54,2038.0,2292.0,254.0,-100.0,72.0,83.4
8,41,2135.0,2292.0,157.0,-100.0,72.7,76.3
22,24,2169.0,2292.0,123.0,-100.1,53.4,50.6
41,67,2184.0,2292.0,108.0,-100.1,76.3,62.2
13,32,2207.0,2292.0,85.0,-100.1,87.7,65.2
50,61,2234.0,2292.0,58.0,-100.0,94.8,67.3
24,69,2208.0,2293.0,85.0,-100.1,50.6,92.9
14,47,2209.0,2293.0,84.0,-100.0,60.1,33.6
16,65,2221.0,2293.0,72.0,-100.0,72.5,81.2
26,54,2005.0,2294.0,289.0,-100.0,75.7,83.4
42,69,2098.0,2294.0,196.0,-100.1,88.0,92.9
2,12,2149.0,2294.0,145.0,-100.0,34.6,63.7
36,69,2157.0,2294.0,137.0,-100.0,65.0,92.9
30,55,2141.0,2295.0,154.0,-100.0,61.4,93.9
51,64,2177.0,2295.0,118.0,-100.0,83.8,64.3
4,37,2290.0,2295.0,5.0,-100.0,90.9,72.0
1,54,2208.0,2296.0,88.0,-100.0,92.4,83.4
31,34,1892.0,2297.0,405.0,-99.9,50.7,73.4
50,66,2216.0,2297.0,81.0,-100.0,94.8,83.6
16,28,2193.0,2298.0,105.0,-100.1,72.5,94.1
9,59,2202.0,2298.0,96.0,-100.0,82.2,70.8
14,69,2250.0,2298.0,48.0,-100.2,60.1,92.9
0,66,1514.0,2299.0,785.0,-100.0,31.3,83.6
2,14,2124.0,2299.0,175.0,-100.1,34.6,60.1
14,61,2238.0,2299.0,61.0,-100.1,60.1,67.2
14,17,2287.0,2299.0,12.0,-99.9,60.1,46.4
27,43,1928.0,2300.0,372.0,-100.0,48.5,36.9
13,26,1979.0,2300.0,321.0,-100.0,87.7,75.7
30,47,1991.0,2300.0,309.0,-100.0,61.4,33.6
1,34,2198.0,2300.0,102.0,-100.0,92.4,73.4
34,50,2215.0,2300.0,85.0,-100.0,73.4,94.8
14,58,2230.0,2300.0,70.0,-100.0,60.1,34.4
51,65,2241.0,2300.0,59.0,-100.0,83.8,81.2
39,63,2110.0,2301.0,191.0,-100.0,79.1,60.3
17,51,2219.0,2301.0,82.0,-100.1,46.4,83.8
32,72,2273.0,2301.0,28.0,-100.0,65.2,33.8
44,50,2210.0,2302.0,92.0,-100.1,70.7,94.8
12,72,2228.0,2302.0,74.0,-100.0,63.7,33.8
17,32,2230.0,2302.0,72.0,-100.0,46.3,65.2
22,61,2236.0,2302.0,66.0,-100.0,53.4,67.2
50,64,2245.0,2302.0,57.0,-100.0,94.8,64.3
4,18,2275.0,2302.0,27.0,-100.0,90.9,37.5
4,11,2287.0,2302.0,15.0,-100.0,90.9,65.2
27,69,2170.0,2303.0,133.0,-100.0,48.5,92.9
12,20,2194.0,2303.0,109.0,-100.0,63.7,56.9
30,61,2230.0,2303.0,73.0,-100.0,61.4,67.2
5,56,1579.0,2304.0,725.0,-100.0,96.3,45.4
1,66,2027.0,2304.0,277.0,-100.0,92.4,83.6
64,77,2153.0,2304.0,151.0,-100.0,64.3,51.0
0,15,2173.0,2304.0,131.0,-100.0,31.3,54.7
10,61,2201.0,2304.0,103.0,-100.0,37.1,67.2
4,15,2273.0,2304.0,31.0,-100.1,90.9,54.7
5,22,2281.0,2304.0,23.0,-99.9,96.3,53.4
30,69,2098.0,2305.0,207.0,-100.0,61.4,92.9
17,77,2117.0,2305.0,188.0,-100.0,46.3,51.0
15,19,2143.0,2305.0,162.0,-100.0,54.7,61.1
4,47,2282.0,2305.0,23.0,-100.0,90.9,33.6
4,25,2283.0,2305.0,22.0,-100.0,90.9,54.3
4,58,2287.0,2305.0,18.0,-100.1,90.9,34.3
2,54,2125.0,2306.0,181.0,-100.0,34.6,83.4
32,46,2137.0,2306.0,169.0,-100.0,65.2,78.5
46,77,2205.0,2306.0,101.0,-100.0,78.5,51.0
14,77,2302.0,2306.0,4.0,-100.0,60.1,51.0
19,25,1930.0,2307.0,377.0,-100.0,61.1,54.3
32,64,2185.0,2307.0,122.0,-100.0,65.2,64.3
13,44,2212.0,2308.0,96.0,-99.9,87.7,70.7
10,22,1829.0,2309.0,480.0,-100.0,37.1,53.4
37,70,2166.0,2309.0,143.0,-100.0,72.0,36.1
11,50,2197.0,2309.0,112.0,-100.0,65.2,94.8
14,64,2245.0,2309.0,64.0,-100.1,60.1,64.3
15,40,2056.0,2310.0,254.0,-100.0,54.6,41.9
51,72,2232.0,2310.0,78.0,-100.1,83.8,33.8
66,68,2258.0,2310.0,52.0,-100.0,83.6,69.7
44,70,2272.0,2310.0,38.0,-100.0,70.7,36.1
50,67,2275.0,2310.0,35.0,-100.0,94.8,62.1
20,28,2164.0,2311.0,147.0,-100.1,56.9,94.1
24,27,2172.0,2311.0,139.0,-100.0,50.6,48.5
33,48,2243.0,2311.0,68.0,-100.0,87.1,93.2
26,56,1930.0,2312.0,382.0,-100.0,75.7,45.4
27,44,2006.0,2312.0,306.0,-99.9,48.5,70.7
8,73,2062.0,2312.0,250.0,-100.0,72.7,73.7
31,66,2095.0,2312.0,217.0,-100.0,50.7,83.6
26,52,2146.0,2312.0,166.0,-100.0,75.7,69.2
12,74,2175.0,2312.0,137.0,-100.1,63.7,57.0
14,23,2264.0,2312.0,48.0,-100.0,60.1,53.3
4,40,2272.0,2312.0,40.0,-100.0,90.9,41.9
30,58,2028.0,2313.0,285.0,-100.0,61.3,34.3
62,70,2116.0,2313.0,197.0,-100.0,67.8,36.1
13,61,2186.0,2313.0,127.0,-100.1,87.7,67.2
38,57,2130.0,2314.0,184.0,-100.0,47.9,69.0
11,13,2196.0,2314.0,118.0,-100.0,65.2,87.7
23,44,2216.0,2314.0,98.0,-100.0,53.3,70.7
75,78,2260.0,2314.0,54.0,-100.0,81.9,90.6
22,55,1908.0,2315.0,407.0,-100.0,53.4,93.9
22,69,2125.0,2315.0,190.0,-100.1,53.4,92.9
18,50,2199.0,2315.0,116.0,-100.0,37.5,94.8
1,65,2214.0,2315.0,101.0,-100.0,92.4,81.2
4,34,2219.0,2315.0,96.0,-100.0,90.9,73.4
14,38,2294.0,2315.0,21.0,-100.1,60.1,47.9
46,63,2140.0,2316.0,176.0,-100.0,78.5,60.3
0,25,2150.0,2316.0,166.0,-100.0,31.3,54.2
39,50,2230.0,2316.0,86.0,-100.1,79.1,94.8
10,14,2265.0,2316.0,51.0,-100.0,37.1,60.1
18,32,2072.0,2317.0,245.0,-100.0,37.5,65.2
4,66,2219.0,2317.0,98.0,-100.2,90.9,83.6
59,60,2220.0,2317.0,97.0,-100.0,70.8,39.7
20,61,2230.0,2317.0,87.0,-100.0,56.9,67.2
55,67,1824.0,2318.0,494.0,-100.0,93.9,62.1
12,61,2088.0,2318.0,230.0,-100.0,63.7,67.2
40,54,2024.0,2319.0,295.0,-100.0,41.8,83.3
32,39,2106.0,2319.0,213.0,-100.0,65.2,79.1
13,34,2117.0,2319.0,202.0,-100.0,87.7,73.4
13,66,1970.0,2320.0,350.0,-100.0,87.7,83.6
24,55,2192.0,2320.0,128.0,-100.0,50.6,93.9
46,50,2246.0,2320.0,74.0,-100.0,78.5,94.8
18,29,1746.0,2321.0,575.0,-100.0,37.5,91.8
23,63,2071.0,2321.0,250.0,-100.0,53.3,60.3
28,49,2178.0,2321.0,143.0,-100.1,94.1,37.3
2,68,2201.0,2321.0,120.0,-100.0,34.6,69.6
28,59,2275.0,2321.0,46.0,-100.2,94.1,70.8
1,31,2131.0,2322.0,191.0,-100.0,92.4,50.7
29,32,2196.0,2322.0,126.0,-100.0,91.8,65.2
69,70,2229.0,2322.0,93.0,-100.1,92.9,36.1
14,44,2231.0,2322.0,91.0,-100.0,60.1,70.7
16,32,2264.0,2322.0,58.0,-100.0,72.4,65.2
4,69,2289.0,2322.0,33.0,-100.0,90.9,92.9
10,18,2150.0,2323.0,173.0,-100.0,37.1,37.5
13,14,2204.0,2323.0,119.0,-100.1,87.7,60.1
29,51,2209.0,2323.0,114.0,-100.0,91.8,83.7
59,71,2209.0,2323.0,114.0,-100.1,70.8,35.9
5,52,2098.0,2324.0,226.0,-99.9,96.2,69.2
26,51,2137.0,2324.0,187.0,-100.0,75.7,83.7
27,58,2184.0,2324.0,140.0,-100.0,48.5,34.3
33,38,1793.0,2325.0,532.0,-100.0,87.1,47.8
69,79,2114.0,2325.0,211.0,-100.0,92.9,81.1
16,72,2220.0,2325.0,105.0,-100.0,72.4,33.8
23,50,2253.0,2325.0,72.0,-100.0,53.3,94.8
27,55,1973.0,2326.0,353.0,-100.0,48.5,93.9
23,77,2166.0,2326.0,160.0,-100.0,53.3,51.0
11,32,2188.0,2326.0,138.0,-100.0,65.2,65.2
23,34,2213.0,2326.0,113.0,-100.0,53.3,73.4
32,34,2225.0,2326.0,101.0,-100.0,65.2,73.4
1,32,2268.0,2326.0,58.0,-100.0,92.4,65.2
2,13,2145.0,2327.0,182.0,-100.0,34.6,87.7
13,18,2152.0,2327.0,175.0,-100.0,87.7,37.5
32,66,2230.0,2327.0,97.0,-100.1,65.2,83.6
27,50,2241.0,2327.0,86.0,-100.0,48.5,94.8
4,68,2265.0,2327.0,62.0,-100.0,90.9,69.6
18,52,1532.0,2328.0,796.0,-100.0,37.5,69.2
12,29,1994.0,2328.0,334.0,-100.0,63.7,91.8
49,72,2116.0,2328.0,212.0,-100.0,37.3,33.8
72,74,2214.0,2328.0,114.0,-100.0,33.8,57.0
26,34,2119.0,2329.0,210.0,-100.0,75.7,73.4
15,31,2228.0,2329.0,101.0,-100.0,54.6,50.7
44,72,2300.0,2329.0,29.0,-100.0,70.7,33.8
30,44,1980.0,2330.0,350.0,-100.0,61.3,70.7
13,29,2190.0,2330.0,140.0,-100.1,87.7,91.8
20,39,2302.0,2330.0,28.0,-99.9,56.9,79.1
14,50,2044.0,2331.0,287.0,-100.0,60.1,94.8
18,26,2195.0,2331.0,136.0,-100.0,37.5,75.7
2,19,2212.0,2331.0,119.0,-100.0,34.6,61.1
12,31,2215.0,2331.0,116.0,-100.0,63.7,50.7
14,46,2255.0,2331.0,76.0,-100.0,60.1,78.5
22,58,2100.0,2332.0,232.0,-100.0,53.4,34.3
20,51,2217.0,2332.0,115.0,-100.0,56.8,83.7
5,44,2224.0,2332.0,108.0,-100.0,96.2,70.7
57,77,2245.0,2332.0,87.0,-100.0,69.0,51.0
26,66,1910.0,2333.0,423.0,-100.0,75.7,83.6
45,75,1915.0,2333.0,418.0,-100.0,34.3,81.9
36,67,2197.0,2333.0,136.0,-100.0,65.0,62.1
26,32,2241.0,2333.0,92.0,-100.1,75.7,65.1
4,52,2252.0,2333.0,81.0,-100.2,90.9,69.2
4,44,2278.0,2333.0,55.0,-100.0,90.9,70.7
29,34,2189.0,2334.0,145.0,-100.0,91.8,73.3
10,63,2193.0,2334.0,141.0,-100.0,37.1,60.3
22,50,2209.0,2334.0,125.0,-100.0,53.4,94.8
61,72,2257.0,2334.0,77.0,-100.0,67.2,33.8
3,4,2269.0,2334.0,65.0,-100.0,86.7,90.9
2,52,2060.0,2335.0,275.0,-100.0,34.6,69.2
23,61,2062.0,2335.0,273.0,-100.0,53.3,67.2
42,55,2169.0,2335.0,166.0,-100.0,87.9,93.9
14,39,2241.0,2335.0,94.0,-100.0,60.1,79.1
16,71,2276.0,2335.0,59.0,-100.0,72.4,35.9
14,48,2292.0,2335.0,43.0,-100.1,60.1,93.2
34,52,2169.0,2336.0,167.0,-100.0,73.3,69.2
52,66,2179.0,2336.0,157.0,-100.0,69.2,83.6
10,50,2249.0,2336.0,87.0,-100.0,37.1,94.8
4,56,2250.0,2336.0,86.0,-100.0,90.8,45.4
2,47,1831.0,2337.0,506.0,-100.0,34.6,33.6
26,31,2148.0,2337.0,189.0,-100.0,75.7,50.6
12,51,2155.0,2337.0,182.0,-100.0,63.7,83.7
29,66,2211.0,2337.0,126.0,-100.0,91.8,83.6
2,32,2224.0,2337.0,113.0,-100.1,34.6,65.1
32,47,2233.0,2337.0,104.0,-100.0,65.1,33.6
2,4,2249.0,2337.0,88.0,-100.1,34.6,90.8
31,65,2191.0,2338.0,147.0,-100.0,50.6,81.1
13,22,2202.0,2338.0,136.0,-100.0,87.7,53.4
12,32,2241.0,2338.0,97.0,-100.0,63.7,65.1
22,47,1698.0,2339.0,641.0,-100.0,53.4,33.6
27,53,2023.0,2339.0,316.0,-99.9,48.4,82.4
5,69,2238.0,2339.0,101.0,-100.0,96.2,92.8
55,62,2273.0,2339.0,66.0,-100.0,93.9,67.7
14,63,2277.0,2339.0,62.0,-100.0,60.1,60.3
49,59,2312.0,2339.0,27.0,-100.0,37.3,70.8
1,44,2319.0,2340.0,21.0,-100.0,92.4,70.7
9,21,1795.0,2341.0,546.0,-100.0,82.2,43.9
2,58,2088.0,2341.0,253.0,-100.0,34.6,34.3
7,51,2182.0,2341.0,159.0,-100.1,82.2,83.7
13,39,2191.0,2341.0,150.0,-100.0,87.7,79.1
10,77,2230.0,2341.0,111.0,-100.1,37.1,51.0
18,55,2256.0,2341.0,85.0,-100.0,37.4,93.9
7,32,2313.0,2341.0,28.0,-100.1,82.2,65.1
15,37,2136.0,2342.0,206.0,-100.0,54.6,72.0
7,65,2209.0,2342.0,133.0,-100.0,82.2,81.1
23,66,2252.0,2342.0,90.0,-100.0,53.3,83.6
44,55,1755.0,2343.0,588.0,-100.0,70.7,93.9
2,40,2065.0,2343.0,278.0,-100.0,34.6,41.8
19,35,2192.0,2343.0,151.0,-100.0,61.1,84.0
16,17,2019.0,2344.0,325.0,-99.9,72.4,46.3
42,67,2213.0,2344.0,131.0,-100.0,87.9,62.1
1,51,2214.0,2344.0,130.0,-100.0,92.4,83.7
18,69,2262.0,2344.0,82.0,-100.0,37.4,92.8
21,49,1433.0,2345.0,912.0,-100.0,43.9,37.3
22,44,1867.0,2345.0,478.0,-100.0,53.4,70.7
0,1,2013.0,2345.0,332.0,-100.0,31.3,92.4
15,56,2048.0,2345.0,297.0,-100.0,54.6,45.4
12,26,2159.0,2345.0,186.0,-100.0,63.6,75.7
10,30,2168.0,2345.0,177.0,-100.0,37.1,61.3
21,59,2209.0,2345.0,136.0,-100.0,43.9,70.8
1,12,2216.0,2345.0,129.0,-100.0,92.4,63.6
15,75,2244.0,2345.0,101.0,-100.1,54.6,81.9
2,69,2270.0,2345.0,75.0,-100.0,34.6,92.8
34,69,2274.0,2345.0,71.0,-100.1,73.3,92.8
66,69,2275.0,2345.0,70.0,-100.2,83.6,92.8
7,59,2314.0,2345.0,31.0,-100.0,82.2,70.8
4,31,2217.0,2346.0,129.0,-100.1,90.8,50.6
1,72,2223.0,2346.0,123.0,-100.0,92.4,33.8
58,70,2228.0,2346.0,118.0,-100.0,34.3,36.0
56,66,1511.0,2348.0,837.0,-100.0,45.4,83.6
3,37,2058.0,2348.0,290.0,-100.0,86.7,72.0
12,54,2203.0,2348.0,145.0,-99.9,63.6,83.3
16,51,2207.0,2348.0,141.0,-100.1,72.4,83.7
13,46,2218.0,2348.0,130.0,-100.0,87.7,78.5
29,72,2246.0,2348.0,102.0,-99.9,91.8,33.8
8,79,2253.0,2348.0,95.0,-100.0,72.6,81.0
4,75,2282.0,2348.0,66.0,-100.0,90.8,81.9
1,19,2064.0,2349.0,285.0,-100.0,92.4,61.1
26,72,2234.0,2349.0,115.0,-100.0,75.7,33.8
32,40,2252.0,2349.0,97.0,-100.0,65.1,41.8
4,32,2258.0,2349.0,91.0,-100.1,90.8,65.1
34,72,2268.0,2349.0,81.0,-100.0,73.3,33.8
11,72,2316.0,2349.0,33.0,-100.0,65.2,33.8
69,78,2323.0,2349.0,26.0,-100.0,92.8,90.5
6,15,2110.0,2350.0,240.0,-100.0,83.8,54.6
4,54,2249.0,2350.0,101.0,-100.0,90.8,83.3
39,69,2291.0,2350.0,59.0,-100.0,79.1,92.8
51,59,2299.0,2350.0,51.0,-100.1,83.7,70.8
34,56,2165.0,2351.0,186.0,-100.0,73.3,45.4
4,61,2248.0,2351.0,103.0,-100.0,90.8,67.2
43,67,1664.0,2352.0,688.0,-100.0,36.9,62.1
16,20,2159.0,2352.0,193.0,-100.0,72.4,56.8
38,77,2237.0,2352.0,115.0,-100.1,47.8,51.0
37,69,2275.0,2352.0,77.0,-100.1,72.0,92.8
55,66,2294.0,2352.0,58.0,-100.0,93.9,83.6
34,74,2037.0,2353.0,316.0,-100.0,73.3,56.9
55,69,2158.0,2353.0,195.0,-100.0,93.9,92.8
11,14,2223.0,2353.0,130.0,-100.1,65.2,60.0
40,74,2261.0,2353.0,92.0,-100.0,41.8,56.9
47,74,2278.0,2353.0,75.0,-100.0,33.6,56.9
2,56,2136.0,2354.0,218.0,-100.0,34.6,45.4
38,63,2188.0,2354.0,166.0,-100.0,47.8,60.3
9,28,2237.0,2354.0,117.0,-100.0,82.2,94.1
9,51,2279.0,2354.0,75.0,-100.0,82.2,83.7
7,31,2280.0,2354.0,74.0,-100.0,82.2,50.6
40,70,1873.0,2355.0,482.0,-100.0,41.8,36.0
66,74,2009.0,2355.0,346.0,-100.0,83.6,56.9
15,54,2024.0,2355.0,331.0,-100.0,54.6,83.3
41,62,2247.0,2355.0,108.0,-100.0,76.3,67.7
48,77,2278.0,2355.0,77.0,-100.2,93.2,51.0
11,55,1980.0,2356.0,376.0,-100.0,65.2,93.9
55,70,2215.0,2356.0,141.0,-100.1,93.9,36.0
58,74,2283.0,2357.0,74.0,-100.0,34.3,56.9
28,49,2335.0,2357.0,22.0,-100.0,94.1,37.3
41,42,2227.0,2358.0,131.0,-100.1,76.3,87.9
17,49,1550.0,2359.0,809.0,-100.0,46.3,37.3
11,69,2129.0,2359.0,230.0,-100.0,65.2,92.8
34,64,2153.0,2359.0,206.0,-99.9,73.3,64.2
1,61,2268.0,2359.0,91.0,-100.0,92.4,67.2
3,78,2163.0,2360.0,197.0,-100.0,86.7,90.5
47,70,2184.0,2360.0,176.0,-100.0,33.6,36.0
32,58,2200.0,2360.0,160.0,-100.0,65.1,34.3
1,4,2220.0,2360.0,140.0,-100.1,92.4,90.8
14,30,2228.0,2360.0,132.0,-100.1,60.0,61.3
32,74,2246.0,2360.0,114.0,-100.0,65.1,56.9
34,55,2293.0,2360.0,67.0,-100.0,73.3,93.9
19,68,1975.0,2361.0,386.0,-100.0,61.1,69.6
7,12,2183.0,2361.0,178.0,-100.0,82.2,63.6
0,4,2233.0,2361.0,128.0,-100.0,31.3,90.8
20,46,2285.0,2361.0,76.0,-100.0,56.8,78.4
4,74,2204.0,2362.0,158.0,-100.0,90.8,56.9
4,26,2221.0,2362.0,141.0,-100.0,90.8,75.6
49,51,2224.0,2362.0,138.0,-100.0,37.3,83.7
4,29,2303.0,2362.0,59.0,-100.1,90.8,91.8
65,75,2323.0,2362.0,39.0,-100.0,81.1,81.8
34,61,2190.0,2363.0,173.0,-100.1,73.3,67.2
61,66,2207.0,2363.0,156.0,-100.0,67.2,83.6
2,31,2244.0,2363.0,119.0,-100.0,34.6,50.6
14,73,2277.0,2363.0,86.0,-100.1,60.0,73.7
18,72,2293.0,2363.0,70.0,-100.0,37.4,33.8
6,75,2302.0,2363.0,61.0,-99.9,83.8,81.8
10,39,2127.0,2364.0,237.0,-100.0,37.1,79.1
12,49,2201.0,2364.0,163.0,-100.0,63.6,37.3
0,12,2222.0,2364.0,142.0,-100.0,31.3,63.6
39,72,2275.0,2364.0,89.0,-100.1,79.1,33.8
18,74,2230.0,2365.0,135.0,-100.0,37.4,56.9
46,72,2278.0,2365.0,87.0,-100.0,78.4,33.8
6,69,2288.0,2365.0,77.0,-100.0,83.8,92.8
18,23,1758.0,2366.0,608.0,-100.0,37.4,53.3
64,66,2181.0,2366.0,185.0,-100.0,64.2,83.6
66,72,2267.0,2366.0,99.0,-100.0,83.6,33.8
50,77,2286.0,2366.0,80.0,-100.1,94.8,51.0
43,55,1708.0,2367.0,659.0,-100.0,36.9,93.9
53,55,2076.0,2367.0,291.0,-100.0,82.4,93.9
0,35,2170.0,2367.0,197.0,-100.0,31.3,83.9
54,74,2203.0,2367.0,164.0,-100.0,83.3,56.9
4,7,2303.0,2367.0,64.0,-100.1,90.8,82.2
42,70,1878.0,2368.0,490.0,-100.0,87.9,36.0
19,52,2208.0,2368.0,160.0,-100.0,61.1,69.2
58,66,2257.0,2368.0,111.0,-100.1,34.3,83.6
8,27,62.0,2369.0,2307.0,-100.0,72.6,48.4
5,11,2148.0,2369.0,221.0,-100.0,96.2,65.2
41,43,2190.0,2369.0,179.0,-100.0,76.3,36.9
14,18,2219.0,2369.0,150.0,-100.0,60.0,37.4
48,63,2254.0,2369.0,115.0,-100.1,93.1,60.2
2,72,2284.0,2369.0,85.0,-100.0,34.6,33.8
61,64,2091.0,2370.0,279.0,-100.0,67.2,64.2
28,60,2259.0,2370.0,111.0,-100.1,94.0,39.6
4,65,2304.0,2370.0,66.0,-100.1,90.8,81.1
1,39,2305.0,2370.0,65.0,-100.0,92.4,79.1
44,64,2226.0,2371.0,145.0,-99.9,70.6,64.2
32,44,2159.0,2372.0,213.0,-100.0,65.1,70.6
13,17,2211.0,2372.0,161.0,-100.1,87.7,46.3
25,75,2215.0,2372.0,157.0,-100.0,54.2,81.8
44,66,2243.0,2372.0,129.0,-100.0,70.6,83.6
34,58,2254.0,2372.0,118.0,-100.0,73.3,34.3
37,56,1434.0,2373.0,939.0,-100.0,71.9,45.4
42,79,1782.0,2373.0,591.0,-100.0,87.9,81.0
10,46,2137.0,2373.0,236.0,-100.0,37.0,78.4
34,44,2239.0,2373.0,134.0,-100.1,73.3,70.6
52,74,2206.0,2374.0,168.0,-100.0,69.2,56.9
5,27,2304.0,2374.0,70.0,-100.0,96.2,48.4
14,22,2235.0,2375.0,140.0,-100.1,60.0,53.3
43,70,2244.0,2375.0,131.0,-99.9,36.9,36.0
13,64,2150.0,2376.0,226.0,-100.0,87.7,64.2
32,44,2375.0,2376.0,1.0,-100.0,65.1,70.6
11,52,2055.0,2377.0,322.0,-100.0,65.1,69.2
18,58,2117.0,2377.0,260.0,-100.0,37.4,34.3
36,41,2232.0,2377.0,145.0,-100.1,64.9,76.3
62,79,2127.0,2378.0,251.0,-100.0,67.7,81.0
2,34,2195.0,2378.0,183.0,-100.0,34.6,73.3
20,29,2210.0,2378.0,168.0,-100.0,56.8,91.8
30,46,2226.0,2378.0,152.0,-100.0,61.3,78.4
13,63,2232.0,2378.0,146.0,-100.0,87.7,60.2
11,70,2236.0,2378.0,142.0,-100.0,65.1,36.0
35,75,2245.0,2378.0,133.0,-100.1,83.9,81.8
64,72,2257.0,2378.0,121.0,-100.1,64.2,33.8
32,75,2300.0,2378.0,78.0,-100.0,65.1,81.8
20,72,2136.0,2379.0,243.0,-100.0,56.8,33.8
14,27,2259.0,2379.0,120.0,-100.1,60.0,48.4
51,71,2275.0,2379.0,104.0,-100.1,83.7,35.8
14,41,2336.0,2379.0,43.0,-100.2,60.0,76.3
65,69,2359.0,2379.0,20.0,-100.0,81.1,92.8
18,61,2113.0,2380.0,267.0,-100.0,37.4,67.2
13,50,2151.0,2380.0,229.0,-100.0,87.6,94.7
14,66,2173.0,2381.0,208.0,-100.1,60.0,83.6
2,66,2196.0,2381.0,185.0,-100.0,34.6,83.6
37,52,2223.0,2381.0,158.0,-100.0,71.9,69.2
10,29,2247.0,2381.0,134.0,-100.0,37.0,91.8
19,32,2276.0,2381.0,105.0,-100.1,61.1,65.1
24,62,2280.0,2381.0,101.0,-100.0,50.5,67.7
13,73,2303.0,2381.0,78.0,-100.0,87.6,73.7
17,61,2081.0,2382.0,301.0,-100.0,46.3,67.2
26,61,2219.0,2382.0,163.0,-100.0,75.6,67.2
26,44,2270.0,2382.0,112.0,-100.0,75.6,70.6
1,46,2308.0,2382.0,74.0,-100.0,92.4,78.4
4,49,2317.0,2382.0,65.0,-100.0,90.8,37.2
16,59,2330.0,2382.0,52.0,-100.0,72.4,70.7
36,55,2188.0,2383.0,195.0,-100.0,64.9,93.8
14,34,2204.0,2383.0,179.0,-100.0,60.0,73.3
10,72,2289.0,2383.0,94.0,-100.0,37.0,33.8
4,59,2334.0,2383.0,49.0,-100.2,90.8,70.7
32,61,2184.0,2384.0,200.0,-100.0,65.1,67.2
19,31,2195.0,2384.0,189.0,-100.0,61.1,50.6
39,58,2212.0,2384.0,172.0,-100.0,79.1,34.3
0,32,2275.0,2384.0,109.0,-100.1,31.3,65.1
19,69,2322.0,2384.0,62.0,-100.1,61.1,92.8
18,64,1849.0,2385.0,536.0,-100.0,37.4,64.2
35,54,2184.0,2385.0,201.0,-100.1,83.9,83.3
30,39,2187.0,2385.0,198.0,-100.0,61.3,79.1
24,42,2244.0,2385.0,141.0,-100.1,50.5,87.9
31,32,2274.0,2385.0,111.0,-100.0,50.6,65.1
51,60,2302.0,2385.0,83.0,-100.0,83.7,39.6
11,30,2035.0,2386.0,351.0,-100.0,65.1,61.3
0,65,2250.0,2386.0,136.0,-100.0,31.3,81.1
68,74,2251.0,2386.0,135.0,-100.0,69.6,56.9
17,72,2242.0,2387.0,145.0,-100.0,46.3,33.8
69,74,2290.0,2387.0,97.0,-100.0,92.8,56.9
5,58,1926.0,2388.0,462.0,-99.9,96.2,34.3
18,44,2168.0,2388.0,220.0,-100.0,37.4,70.6
2,61,2233.0,2388.0,155.0,-100.1,34.5,67.2
4,19,2245.0,2388.0,143.0,-100.1,90.8,61.1
14,67,2284.0,2388.0,104.0,-100.0,60.0,62.1
4,16,2302.0,2388.0,86.0,-100.0,90.8,72.4
25,37,1609.0,2389.0,780.0,-100.0,54.2,71.9
19,56,1848.0,2389.0,541.0,-100.0,61.1,45.3
54,75,2253.0,2389.0,136.0,-100.1,83.3,81.8
32,68,2278.0,2389.0,111.0,-100.1,65.1,69.6
17,44,2279.0,2389.0,110.0,-100.0,46.3,70.6
7,19,2286.0,2389.0,103.0,-100.0,82.2,61.1
13,48,2293.0,2389.0,96.0,-100.0,87.6,93.1
32,56,2257.0,2390.0,133.0,-100.0,65.1,45.3
23,72,2267.0,2390.0,123.0,-100.0,53.3,33.7
63,67,2346.0,2390.0,44.0,-100.0,60.2,62.1
3,6,1907.0,2391.0,484.0,-100.0,86.7,83.7
41,55,2125.0,2391.0,266.0,-100.1,76.2,93.8
2,22,2269.0,2391.0,122.0,-100.0,34.5,53.3
37,41,2310.0,2391.0,81.0,-100.0,71.9,76.2
32,35,2315.0,2391.0,76.0,-100.0,65.1,83.9
15,54,2362.0,2391.0,29.0,-100.0,54.6,83.3
2,44,2008.0,2392.0,384.0,-100.0,34.5,70.6
41,53,2098.0,2392.0,294.0,-100.0,76.2,82.4
48,72,2319.0,2392.0,73.0,-100.1,93.1,33.7
36,70,2090.0,2393.0,303.0,-100.0,64.9,36.0
14,70,2310.0,2393.0,83.0,-100.1,60.0,36.0
73,76,1727.0,2394.0,667.0,-100.0,73.7,74.6
8,24,2200.0,2394.0,194.0,-100.0,72.6,50.5
1,16,2243.0,2394.0,151.0,-100.0,92.3,72.4
47,66,2246.0,2394.0,148.0,-100.0,33.5,83.6
32,69,2273.0,2394.0,121.0,-100.1,65.1,92.8
11,26,2315.0,2394.0,79.0,-99.9,65.1,75.6
8,67,1851.0,2395.0,544.0,-100.0,72.6,62.1
21,60,2059.0,2395.0,336.0,-100.0,43.9,39.6
1,17,2281.0,2395.0,114.0,-100.0,92.3,46.3
38,72,2301.0,2395.0,94.0,-100.2,47.8,33.7
7,61,2315.0,2395.0,80.0,-100.0,82.2,67.2
24,55,2329.0,2395.0,66.0,-100.0,50.5,93.8
31,54,2215.0,2396.0,181.0,-100.0,50.6,83.3
22,63,2260.0,2396.0,136.0,-100.0,53.3,60.2
14,24,2336.0,2396.0,60.0,-100.0,60.0,50.5
34,48,2343.0,2396.0,53.0,-100.0,73.3,93.1
2,18,2108.0,2397.0,289.0,-100.0,34.5,37.4
17,74,2265.0,2397.0,132.0,-100.0,46.3,56.9
24,43,2236.0,2398.0,162.0,-100.0,50.5,36.8
63,73,2264.0,2398.0,134.0,-100.0,60.2,73.7
35,44,2366.0,2398.0,32.0,-100.0,83.9,70.6
7,18,2388.0,2398.0,10.0,-100.0,82.2,37.4
1,74,1950.0,2399.0,449.0,-100.0,92.3,56.9
31,74,2074.0,2399.0,325.0,-100.0,50.6,56.9
38,50,2283.0,2399.0,116.0,-100.0,47.8,94.7
54,69,2311.0,2399.0,88.0,-100.1,83.3,92.8
14,79,2324.0,2399.0,75.0,-100.1,60.0,81.0
21,71,1818.0,2400.0,582.0,-100.0,43.9,35.8
17,20,2180.0,2400.0,220.0,-100.0,46.3,56.8
5,41,2264.0,2400.0,136.0,-100.1,96.2,76.2
37,68,1795.0,2401.0,606.0,-100.0,71.9,69.6
43,76,1872.0,2401.0,529.0,-100.0,36.8,74.6
52,75,2285.0,2401.0,116.0,-100.0,69.2,81.8
34,47,2244.0,2402.0,158.0,-100.0,73.3,33.5
34,46,2250.0,2402.0,152.0,-100.0,73.3,78.4
13,38,2268.0,2402.0,134.0,-100.0,87.6,47.8
41,58,2322.0,2402.0,80.0,-100.0,76.2,34.3
58,75,2325.0,2402.0,77.0,-100.1,34.3,81.8
4,51,2366.0,2402.0,36.0,-100.0,90.8,83.7
54,68,2078.0,2403.0,325.0,-100.0,83.3,69.6
46,66,2259.0,2403.0,144.0,-100.0,78.4,83.5
22,72,2329.0,2403.0,74.0,-100.0,53.3,33.7
27,46,2336.0,2403.0,67.0,-100.0,48.4,78.4
48,66,2339.0,2403.0,64.0,-100.0,93.1,83.5
6,44,2344.0,2403.0,59.0,-100.0,83.7,70.6
40,66,2222.0,2404.0,182.0,-100.0,41.8,83.5
50,72,2335.0,2404.0,69.0,-100.1,94.7,33.7
19,59,2345.0,2404.0,59.0,-100.1,61.0,70.7
20,49,1889.0,2405.0,516.0,-100.0,56.8,37.2
41,70,2244.0,2405.0,161.0,-100.0,76.2,36.0
28,51,2182.0,2406.0,224.0,-100.1,94.0,83.7
50,63,2264.0,2406.0,142.0,-100.0,94.7,60.2
1,29,2267.0,2407.0,140.0,-100.0,92.3,91.7
48,50,2283.0,2407.0,124.0,-100.0,93.1,94.7
12,59,2318.0,2407.0,89.0,-100.1,63.6,70.7
7,61,2400.0,2407.0,7.0,-99.9,82.2,67.1
11,58,2114.0,2408.0,294.0,-100.0,65.1,34.2
35,45,2228.0,2408.0,180.0,-100.1,83.9,34.2
24,36,2257.0,2408.0,151.0,-100.1,50.5,64.9
16,64,1941.0,2409.0,468.0,-100.0,72.4,64.2
3,35,2171.0,2409.0,238.0,-100.0,86.6,83.9
56,74,2188.0,2409.0,221.0,-100.0,45.3,56.9
3,32,2289.0,2409.0,120.0,-100.0,86.6,65.1
35,61,2371.0,2409.0,38.0,-100.0,83.9,67.1
7,73,2390.0,2409.0,19.0,-100.0,82.2,73.6
12,65,2234.0,2410.0,176.0,-100.0,63.6,81.1
69,75,2313.0,2410.0,97.0,-100.0,92.8,81.8
41,74,2408.0,2410.0,2.0,-100.0,76.2,56.9
26,39,2250.0,2411.0,161.0,-100.0,75.6,79.0
19,65,2274.0,2411.0,137.0,-100.0,61.0,81.1
2,16,2289.0,2411.0,122.0,-100.0,34.5,72.4
7,20,2325.0,2411.0,86.0,-100.1,82.2,56.8
12,16,2090.0,2412.0,322.0,-100.0,63.6,72.4
23,46,2118.0,2412.0,294.0,-100.0,53.2,78.4
5,70,1593.0,2413.0,820.0,-100.0,96.2,36.0
0,54,2183.0,2414.0,231.0,-100.0,31.2,83.2
34,39,2218.0,2414.0,196.0,-100.0,73.3,79.0
27,72,2352.0,2414.0,62.0,-100.0,48.4,33.7
30,41,2388.0,2414.0,26.0,-100.0,61.2,76.2
23,41,2406.0,2415.0,9.0,-100.1,53.2,76.2
2,30,2013.0,2416.0,403.0,-99.9,34.5,61.2
39,66,2232.0,2416.0,184.0,-100.0,79.0,83.5
47,75,2328.0,2416.0,88.0,-100.0,33.5,81.8
72,73,2333.0,2416.0,83.0,-100.0,33.7,73.6
19,26,1939.0,2417.0,478.0,-100.0,61.0,75.6
58,79,2054.0,2417.0,363.0,-99.9,34.2,81.0
25,54,2066.0,2417.0,351.0,-100.0,54.1,83.2
26,46,2277.0,2417.0,140.0,-100.0,75.6,78.4
24,37,2353.0,2417.0,64.0,-100.1,50.5,71.9
22,46,2208.0,2418.0,210.0,-100.0,53.3,78.4
32,52,2226.0,2418.0,192.0,-100.0,65.1,69.1
11,34,2236.0,2418.0,182.0,-99.9,65.1,73.3
11,66,2241.0,2418.0,177.0,-100.0,65.1,83.5
17,26,2242.0,2418.0,176.0,-100.0,46.2,75.6
30,48,2294.0,2418.0,124.0,-100.1,61.2,93.1
0,69,2312.0,2418.0,106.0,-100.0,31.2,92.8
29,31,2354.0,2418.0,64.0,-100.0,91.7,50.6
6,61,2386.0,2418.0,32.0,-100.0,83.7,67.1
54,56,1925.0,2420.0,495.0,-100.0,83.2,45.3
6,25,1957.0,2420.0,463.0,-100.0,83.7,54.1
42,53,2208.0,2420.0,212.0,-100.0,87.8,82.4
15,32,2335.0,2420.0,85.0,-100.0,54.5,65.1
20,48,2344.0,2420.0,76.0,-100.0,56.8,93.1
0,26,1947.0,2421.0,474.0,-100.0,31.2,75.6
25,32,2313.0,2421.0,108.0,-100.0,54.1,65.1
0,58,2337.0,2421.0,84.0,-100.0,31.2,34.2
45,69,2352.0,2421.0,69.0,-100.0,34.2,92.8
41,44,2361.0,2421.0,60.0,-100.0,76.2,70.6
7,41,2391.0,2421.0,30.0,-100.0,82.1,76.2
5,55,2204.0,2422.0,218.0,-100.0,96.1,93.8
11,23,2336.0,2422.0,86.0,-100.0,65.1,53.2
41,61,2375.0,2422.0,47.0,-100.0,76.2,67.1
2,41,2385.0,2422.0,37.0,-100.0,34.5,76.2
23,39,1726.0,2423.0,697.0,-100.0,53.2,79.0
34,40,2229.0,2423.0,194.0,-100.0,73.3,41.7
6,52,2282.0,2423.0,141.0,-100.0,83.7,69.1
3,69,2300.0,2423.0,123.0,-100.0,86.6,92.8
63,72,2333.0,2423.0,90.0,-100.1,60.2,33.7
32,45,2339.0,2423.0,84.0,-100.0,65.1,34.2
44,69,2225.0,2424.0,199.0,-100.0,70.6,92.8
37,58,2274.0,2424.0,150.0,-100.0,71.9,34.2
0,52,2237.0,2425.0,188.0,-100.0,31.2,69.1
40,75,2310.0,2425.0,115.0,-100.0,41.7,81.8
1,48,2364.0,2425.0,61.0,-100.0,92.3,93.1
70,79,2054.0,2426.0,372.0,-100.0,36.0,81.0
1,7,2136.0,2426.0,290.0,-100.1,92.3,82.1
24,76,2198.0,2426.0,228.0,-100.0,50.5,74.6
19,75,2237.0,2426.0,189.0,-100.0,61.0,81.8
3,75,2226.0,2427.0,201.0,-100.0,86.6,81.8
7,17,2336.0,2427.0,91.0,-100.1,82.1,46.2
19,54,1674.0,2428.0,754.0,-100.0,61.0,83.2
43,79,1847.0,2428.0,581.0,-100.0,36.8,80.9
2,46,2275.0,2428.0,153.0,-100.0,34.5,78.4
41,64,2393.0,2428.0,35.0,-100.0,76.2,64.2
0,2,2236.0,2429.0,193.0,-100.0,31.2,34.5
39,74,2263.0,2429.0,166.0,-100.0,79.0,56.9
22,48,2304.0,2429.0,125.0,-100.0,53.3,93.1
42,76,2307.0,2429.0,122.0,-100.0,87.8,74.6
68,78,1059.0,2430.0,1371.0,-100.0,69.5,90.5
3,40,2017.0,2430.0,413.0,-100.0,86.6,41.7
30,50,2191.0,2430.0,239.0,-100.1,61.2,94.7
61,74,2229.0,2430.0,201.0,-100.0,67.1,56.9
2,39,2253.0,2430.0,177.0,-100.0,34.5,79.0
5,24,2267.0,2430.0,163.0,-100.1,96.1,50.5
19,61,2295.0,2430.0,135.0,-100.0,61.0,67.1
61,75,2322.0,2430.0,108.0,-100.0,67.1,81.8
29,41,2394.0,2430.0,36.0,-100.1,91.7,76.2
24,30,2401.0,2430.0,29.0,-100.0,50.5,61.2
55,79,2145.0,2431.0,286.0,-100.0,93.8,80.9
48,67,2377.0,2431.0,54.0,-100.0,93.1,62.0
5,42,1838.0,2432.0,594.0,-100.0,96.1,87.8
61,69,2292.0,2432.0,140.0,-100.1,67.1,92.8
30,64,2223.0,2433.0,210.0,-100.0,61.2,64.2
7,10,2358.0,2433.0,75.0,-100.0,82.1,37.0
2,74,2218.0,2434.0,216.0,-100.0,34.5,56.9
44,75,2324.0,2434.0,110.0,-100.0,70.6,81.8
27,48,2330.0,2434.0,104.0,-100.0,48.3,93.1
24,70,2253.0,2435.0,182.0,-100.0,50.5,35.9
11,74,2273.0,2435.0,162.0,-100.0,65.1,56.9
5,67,2306.0,2435.0,129.0,-100.0,96.1,62.0
18,48,2333.0,2435.0,102.0,-100.0,37.3,93.1
14,42,2341.0,2435.0,94.0,-100.2,60.0,87.8
9,38,2376.0,2435.0,59.0,-100.0,82.1,47.7
11,69,2376.0,2435.0,59.0,-100.0,65.1,92.8
31,75,2264.0,2436.0,172.0,-100.1,50.5,81.8
32,54,2270.0,2436.0,166.0,-100.0,65.0,83.2
38,41,2395.0,2436.0,41.0,-100.1,47.7,76.2
16,26,2213.0,2438.0,225.0,-100.0,72.3,75.6
56,75,2267.0,2438.0,171.0,-100.0,45.3,81.8
46,69,2380.0,2438.0,58.0,-100.0,78.4,92.7
41,48,2385.0,2438.0,53.0,-100.1,76.2,93.1
18,30,2106.0,2439.0,333.0,-99.9,37.3,61.2
9,49,2161.0,2439.0,278.0,-100.0,82.1,37.2
52,69,2272.0,2439.0,167.0,-100.0,69.1,92.7
8,70,2282.0,2439.0,157.0,-100.0,72.5,35.9
35,56,2306.0,2439.0,133.0,-100.0,83.9,45.3
4,21,2364.0,2439.0,75.0,-100.0,90.7,43.8
32,59,2373.0,2439.0,66.0,-100.1,65.0,70.7
0,41,2386.0,2439.0,53.0,-100.0,31.2,76.2
24,69,2403.0,2439.0,36.0,-100.1,50.5,92.7
6,78,2057.0,2440.0,383.0,-100.0,83.7,90.4
40,44,2241.0,2440.0,199.0,-100.0,41.7,70.6
53,62,2282.0,2440.0,158.0,-100.0,82.3,67.6
7,23,2349.0,2440.0,91.0,-100.0,82.1,53.2
2,11,1853.0,2441.0,588.0,-100.0,34.5,65.1
68,75,2240.0,2441.0,201.0,-100.0,69.5,81.8
8,14,2318.0,2441.0,123.0,-100.0,72.5,60.0
1,38,2348.0,2441.0,93.0,-100.0,92.3,47.7
41,75,2375.0,2441.0,66.0,-100.0,76.2,81.8
39,69,2382.0,2441.0,59.0,-100.0,79.0,92.7
33,77,2271.0,2442.0,171.0,-100.0,87.0,50.9
35,68,2294.0,2442.0,148.0,-100.0,83.9,69.5
35,52,2316.0,2442.0,126.0,-100.0,83.9,69.1
24,66,2357.0,2442.0,85.0,-100.1,50.5,83.5
30,34,2246.0,2443.0,197.0,-100.0,61.2,73.2
46,74,2286.0,2443.0,157.0,-100.0,78.4,56.9
6,58,2292.0,2443.0,151.0,-100.0,83.7,34.2
20,38,2313.0,2443.0,130.0,-100.0,56.7,47.7
24,34,2356.0,2443.0,87.0,-100.0,50.5,73.2
5,47,2080.0,2444.0,364.0,-100.0,96.1,33.5
29,61,1713.0,2445.0,732.0,-100.0,91.7,67.1
11,50,2388.0,2445.0,57.0,-100.0,65.1,94.7
30,38,2307.0,2446.0,139.0,-100.0,61.2,47.7
25,69,2311.0,2446.0,135.0,-100.0,54.1,92.7
55,68,2316.0,2446.0,130.0,-100.0,93.8,69.5
18,75,2372.0,2446.0,74.0,-100.0,37.3,81.8
58,69,2031.0,2447.0,416.0,-100.0,34.2,92.7
21,28,2230.0,2447.0,217.0,-100.0,43.8,94.0
16,75,2354.0,2447.0,93.0,-100.0,72.3,81.8
55,56,2316.0,2448.0,132.0,-100.0,93.8,45.3
8,53,2074.0,2449.0,375.0,-100.0,72.5,82.3
46,64,2165.0,2449.0,284.0,-100.0,78.4,64.1
64,74,2229.0,2449.0,220.0,-100.0,64.1,56.9
2,17,2280.0,2449.0,169.0,-100.0,34.5,46.2
6,55,2288.0,2449.0,161.0,-100.1,83.7,93.8
2,7,2326.0,2449.0,123.0,-99.9,34.5,82.1
7,39,2341.0,2449.0,108.0,-100.0,82.1,79.0
7,71,2399.0,2449.0,50.0,-100.0,82.1,35.7
56,69,2282.0,2450.0,168.0,-100.0,45.3,92.7
27,63,2300.0,2450.0,150.0,-100.0,48.3,60.2
34,73,2323.0,2450.0,127.0,-100.0,73.2,73.6
35,58,2346.0,2450.0,104.0,-100.0,83.9,34.2
41,70,2417.0,2450.0,33.0,-100.0,76.2,35.9
14,66,2418.0,2450.0,32.0,-100.0,59.9,83.5
3,31,2195.0,2451.0,256.0,-100.0,86.6,50.5
31,44,2306.0,2451.0,145.0,-100.0,50.5,70.6
41,56,2362.0,2451.0,89.0,-100.0,76.2,45.3
24,50,2382.0,2451.0,69.0,-100.2,50.5,94.7
39,50,2392.0,2451.0,59.0,-100.0,79.0,94.7
50,73,2265.0,2452.0,187.0,-100.0,94.7,73.6
44,74,2266.0,2452.0,186.0,-100.0,70.6,56.8
1,49,2244.0,2453.0,209.0,-100.0,92.3,37.2
23,72,2428.0,2453.0,25.0,-100.0,53.2,33.7
47,50,2429.0,2453.0,24.0,-100.0,33.5,94.7
40,52,2111.0,2454.0,343.0,-100.0,41.7,69.1
74,75,2307.0,2454.0,147.0,-100.0,56.8,81.7
66,73,2324.0,2454.0,130.0,-100.1,83.5,73.6
18,38,2362.0,2454.0,92.0,-100.0,37.3,47.7
71,74,2445.0,2454.0,9.0,-99.9,35.7,56.8
53,70,2253.0,2455.0,202.0,-100.0,82.3,35.9
24,47,2358.0,2455.0,97.0,-100.0,50.5,33.5
41,46,2366.0,2455.0,89.0,-100.1,76.2,78.3
27,39,2317.0,2456.0,139.0,-100.0,48.3,79.0
9,33,2441.0,2456.0,15.0,-100.0,82.1,86.9
30,72,2319.0,2457.0,138.0,-100.0,61.2,33.7
15,69,2326.0,2457.0,131.0,-100.0,54.5,92.7
66,79,2329.0,2457.0,128.0,-100.0,83.5,80.9
45,65,2353.0,2457.0,104.0,-100.0,34.2,81.0
14,62,2360.0,2457.0,97.0,-100.0,59.9,67.6
36,79,2040.0,2458.0,418.0,-100.0,64.8,80.9
24,41,2130.0,2458.0,328.0,-100.1,50.5,76.2
11,41,2345.0,2458.0,113.0,-100.1,65.1,76.2
6,15,2391.0,2458.0,67.0,-100.0,83.7,54.5
38,74,2409.0,2458.0,49.0,-100.0,47.7,56.8
10,72,2417.0,2458.0,41.0,-100.0,37.0,33.7
1,64,2282.0,2459.0,177.0,-100.0,92.3,64.1
7,64,2332.0,2459.0,127.0,-100.0,82.1,64.1
7,75,2344.0,2459.0,115.0,-100.1,82.1,81.7
24,53,2169.0,2460.0,291.0,-100.0,50.5,82.3
10,48,2261.0,2460.0,199.0,-100.0,37.0,93.1
17,48,2320.0,2460.0,140.0,-100.1,46.2,93.1
13,57,2365.0,2460.0,95.0,-100.0,87.6,68.8
41,73,2371.0,2460.0,89.0,-100.1,76.2,73.6
44,47,1973.0,2461.0,488.0,-100.0,70.5,33.5
20,64,2230.0,2461.0,231.0,-100.0,56.7,64.1
29,44,2289.0,2461.0,172.0,-100.0,91.7,70.5
19,44,2323.0,2461.0,138.0,-100.0,61.0,70.5
27,41,2340.0,2461.0,121.0,-100.1,48.3,76.2
70,73,2324.0,2462.0,138.0,-100.0,35.9,73.6
7,46,2338.0,2462.0,124.0,-100.0,82.1,78.3
27,50,2344.0,2462.0,118.0,-100.0,48.3,94.7
46,75,2352.0,2462.0,110.0,-100.0,78.3,81.7
14,34,2413.0,2462.0,49.0,-100.0,59.9,73.2
7,26,2288.0,2463.0,175.0,-100.0,82.1,75.5
72,77,2339.0,2463.0,124.0,-100.0,33.7,50.9
2,48,2344.0,2463.0,119.0,-100.0,34.5,93.1
41,68,2358.0,2463.0,105.0,-100.0,76.2,69.5
18,46,2165.0,2464.0,299.0,-99.9,37.3,78.3
31,52,2249.0,2464.0,215.0,-100.0,50.5,69.1
3,47,2295.0,2464.0,169.0,-100.0,86.6,33.4
1,10,2334.0,2464.0,130.0,-100.1,92.3,37.0
39,41,2363.0,2464.0,101.0,-100.1,79.0,76.2
35,50,2442.0,2464.0,22.0,-100.0,83.8,94.7
0,19,2137.0,2465.0,328.0,-100.0,31.2,61.0
39,44,2187.0,2465.0,278.0,-100.0,79.0,70.5
20,26,2213.0,2465.0,252.0,-100.0,56.7,75.5
30,66,2256.0,2465.0,209.0,-100.0,61.2,83.5
7,11,2358.0,2465.0,107.0,-100.0,82.1,65.1
31,50,2428.0,2465.0,37.0,-100.0,50.5,94.7
11,22,1394.0,2466.0,1072.0,-100.0,65.1,53.3
22,39,2129.0,2466.0,337.0,-100.0,53.3,79.0
7,38,2364.0,2466.0,102.0,-100.0,82.1,47.7
40,50,2417.0,2466.0,49.0,-100.0,41.7,94.7
62,69,2447.0,2466.0,19.0,-100.1,67.6,92.7
39,64,2048.0,2467.0,419.0,-100.0,79.0,64.1
40,58,2224.0,2467.0,243.0,-100.0,41.7,34.2
13,33,2347.0,2467.0,120.0,-100.0,87.6,86.9
45,58,2379.0,2467.0,88.0,-100.0,34.2,34.2
23,48,2304.0,2468.0,164.0,-100.1,53.2,93.0
31,58,2317.0,2468.0,151.0,-100.0,50.5,34.2
5,31,2444.0,2468.0,24.0,-100.0,96.1,50.5
19,59,2457.0,2468.0,11.0,-100.0,61.0,70.7
18,47,2101.0,2469.0,368.0,-100.0,37.3,33.4
42,43,2153.0,2469.0,316.0,-100.0,87.8,36.8
25,45,2307.0,2469.0,162.0,-100.0,54.1,34.2
59,65,2330.0,2469.0,139.0,-100.1,70.7,81.0
18,24,2362.0,2469.0,107.0,-100.0,37.3,50.5
35,62,2446.0,2469.0,23.0,-100.0,83.8,67.6
3,25,2078.0,2470.0,392.0,-100.0,86.6,54.1
17,46,2207.0,2470.0,263.0,-100.0,46.2,78.3
4,12,2217.0,2470.0,253.0,-100.0,90.7,63.5
3,58,2307.0,2470.0,163.0,-100.0,86.6,34.2
26,48,2362.0,2470.0,108.0,-100.0,75.5,93.0
6,24,2363.0,2470.0,107.0,-100.0,83.7,50.5
11,27,1630.0,2471.0,841.0,-100.0,65.1,48.3
16,61,1867.0,2471.0,604.0,-100.0,72.3,67.1
14,76,2311.0,2471.0,160.0,-100.0,59.9,74.5
39,75,2350.0,2471.0,121.0,-100.1,79.0,81.7
50,70,2364.0,2471.0,107.0,-100.0,94.6,35.9
11,44,2004.0,2472.0,468.0,-100.0,65.1,70.5
41,47,2321.0,2472.0,151.0,-100.0,76.2,33.4
41,67,2335.0,2472.0,137.0,-100.1,76.2,62.0
14,36,2341.0,2472.0,131.0,-100.1,59.9,64.8
30,63,2259.0,2473.0,214.0,-100.0,61.2,60.1
50,67,2351.0,2473.0,122.0,-100.0,94.6,62.0
45,52,2353.0,2473.0,120.0,-100.0,34.2,69.1
58,59,2432.0,2473.0,41.0,-100.0,34.2,70.7
5,40,1778.0,2474.0,696.0,-100.0,96.1,41.7
11,61,2233.0,2474.0,241.0,-99.9,65.0,67.1
19,29,2331.0,2474.0,143.0,-100.0,61.0,91.7
14,50,2418.0,2474.0,56.0,-100.2,59.9,94.6
17,23,2142.0,2475.0,333.0,-100.0,46.2,53.2
0,61,2292.0,2475.0,183.0,-100.0,31.2,67.1
40,61,2300.0,2475.0,175.0,-100.0,41.7,67.1
24,40,2365.0,2475.0,110.0,-100.0,50.4,41.7
25,59,2435.0,2475.0,40.0,-100.0,54.1,70.7
52,59,2424.0,2477.0,53.0,-100.1,69.1,70.7
0,74,1943.0,2478.0,535.0,-100.0,31.2,56.8
22,41,2348.0,2478.0,130.0,-100.0,53.2,76.2
48,75,2387.0,2478.0,91.0,-100.1,93.0,81.7
4,44,2444.0,2478.0,34.0,-100.0,90.7,70.5
16,24,2464.0,2478.0,14.0,-100.0,72.3,50.4
58,68,2289.0,2479.0,190.0,-100.0,34.2,69.5
14,43,2338.0,2479.0,141.0,-100.0,59.9,36.8
69,78,2376.0,2479.0,103.0,-100.0,92.7,90.4
18,70,2305.0,2480.0,175.0,-100.0,37.3,35.9
66,67,2328.0,2480.0,152.0,-100.1,83.5,62.0
31,37,2393.0,2480.0,87.0,-100.0,50.5,71.8
50,79,2394.0,2480.0,86.0,-100.1,94.6,80.9
19,45,2414.0,2480.0,66.0,-100.0,61.0,34.2
27,66,2305.0,2481.0,176.0,-100.0,48.3,83.5
0,44,2309.0,2481.0,172.0,-100.0,31.2,70.5
0,47,2362.0,2481.0,119.0,-100.0,31.2,33.4
24,56,2409.0,2481.0,72.0,-100.0,50.4,45.3
35,36,2441.0,2481.0,40.0,-100.0,83.8,64.8
26,74,2061.0,2482.0,421.0,-100.0,75.5,56.8
5,14,2328.0,2482.0,154.0,-100.0,96.1,59.9
3,65,2365.0,2482.0,117.0,-100.0,86.6,81.0
31,41,2366.0,2482.0,116.0,-100.1,50.5,76.2
31,78,2402.0,2482.0,80.0,-100.0,50.5,90.4
4,71,2463.0,2482.0,19.0,-100.0,90.7,35.7
52,68,2217.0,2483.0,266.0,-100.0,69.1,69.5
7,29,2309.0,2483.0,174.0,-100.0,82.1,91.7
1,23,2314.0,2483.0,169.0,-100.0,92.3,53.2
53,66,2373.0,2483.0,110.0,-100.0,82.3,83.5
17,41,2375.0,2483.0,108.0,-100.0,46.2,76.2
34,36,2400.0,2483.0,83.0,-100.0,73.2,64.8
4,26,2432.0,2483.0,51.0,-100.0,90.7,75.5
30,73,1862.0,2484.0,622.0,-100.0,61.2,73.6
20,71,2192.0,2484.0,292.0,-100.0,56.7,35.7
37,47,2224.0,2484.0,260.0,-100.0,71.8,33.4
0,7,2280.0,2484.0,204.0,-100.0,31.2,82.1
17,64,2147.0,2485.0,338.0,-100.0,46.2,64.1
3,52,2209.0,2485.0,276.0,-100.0,86.6,69.1
4,19,2402.0,2485.0,83.0,-100.1,90.7,61.0
14,41,2431.0,2485.0,54.0,-100.1,59.9,76.1
37,78,1983.0,2486.0,503.0,-100.0,71.8,90.4
29,74,2239.0,2486.0,247.0,-100.0,91.7,56.8
13,72,2270.0,2486.0,216.0,-100.0,87.5,33.7
11,75,2345.0,2486.0,141.0,-100.0,65.0,81.7
22,38,2346.0,2486.0,140.0,-100.0,53.2,47.7
17,75,2373.0,2486.0,113.0,-100.0,46.2,81.7
50,69,2427.0,2486.0,59.0,-100.1,94.6,92.7
11,18,2108.0,2487.0,379.0,-100.0,65.0,37.3
7,49,2228.0,2487.0,259.0,-99.9,82.1,37.1
22,50,2341.0,2487.0,146.0,-100.0,53.2,94.6
17,50,2362.0,2487.0,125.0,-100.0,46.2,94.6
6,50,2414.0,2487.0,73.0,-100.0,83.7,94.6
4,7,2423.0,2487.0,64.0,-100.0,90.7,82.1
27,76,1943.0,2488.0,545.0,-100.0,48.3,74.5
63,77,2156.0,2488.0,332.0,-100.0,60.1,50.9
36,53,2229.0,2488.0,259.0,-100.0,64.8,82.3
8,34,2401.0,2488.0,87.0,-100.0,72.5,73.2
4,74,2412.0,2488.0,76.0,-100.1,90.7,56.8
7,28,2414.0,2488.0,74.0,-100.0,82.1,93.9
45,74,2442.0,2488.0,46.0,-100.0,34.2,56.8
24,46,2393.0,2489.0,96.0,-100.0,50.4,78.3
14,37,2402.0,2489.0,87.0,-100.0,59.9,71.8
12,59,2442.0,2489.0,47.0,-100.0,63.5,70.6
38,46,1816.0,2490.0,674.0,-100.0,47.7,78.3
44,68,2303.0,2490.0,187.0,-100.0,70.5,69.5
48,64,2324.0,2490.0,166.0,-100.0,93.0,64.1
40,41,2325.0,2490.0,165.0,-100.1,41.7,76.1
41,66,2342.0,2490.0,148.0,-100.0,76.1,83.5
36,69,2433.0,2490.0,57.0,-100.0,64.8,92.7
7,59,2452.0,2490.0,38.0,-100.0,82.1,70.6
3,74,2278.0,2491.0,213.0,-100.0,86.6,56.8
2,73,2363.0,2491.0,128.0,-100.0,34.4,73.6
50,53,2395.0,2491.0,96.0,-100.2,94.6,82.3
24,31,2396.0,2491.0,95.0,-100.0,50.4,50.5
14,17,2456.0,2491.0,35.0,-100.0,59.9,46.2
41,79,2227.0,2492.0,265.0,-100.1,76.1,80.9
2,29,2267.0,2492.0,225.0,-100.0,34.4,91.7
20,77,2434.0,2492.0,58.0,-100.0,56.7,50.9
39,61,1514.0,2493.0,979.0,-100.0,78.9,67.1
52,54,2102.0,2493.0,391.0,-100.0,69.1,83.2
34,41,2340.0,2493.0,153.0,-100.0,73.2,76.1
55,69,2377.0,2493.0,116.0,-100.0,93.7,92.7
15,59,2440.0,2493.0,53.0,-100.0,54.5,70.6
31,61,2291.0,2494.0,203.0,-100.0,50.5,67.1
10,20,2298.0,2494.0,196.0,-100.0,36.9,56.7
15,45,2303.0,2494.0,191.0,-100.0,54.5,34.2
17,30,2305.0,2494.0,189.0,-100.0,46.2,61.2
19,28,2403.0,2494.0,91.0,-100.1,61.0,93.9
59,61,2423.0,2494.0,71.0,-100.1,70.6,67.1
22,75,2427.0,2494.0,67.0,-100.0,53.2,81.7
38,68,2465.0,2494.0,29.0,-100.0,47.7,69.5
55,58,2159.0,2495.0,336.0,-100.0,93.7,34.2
17,38,2276.0,2495.0,219.0,-100.0,46.2,47.7
10,26,2325.0,2495.0,170.0,-100.0,36.9,75.5
24,68,2403.0,2495.0,92.0,-100.0,50.4,69.5
24,48,2408.0,2495.0,87.0,-100.0,50.4,93.0
9,72,2433.0,2495.0,62.0,-100.0,82.0,33.6
35,41,2444.0,2495.0,51.0,-100.1,83.8,76.1
41,69,2384.0,2496.0,112.0,-100.1,76.1,92.7
40,67,2474.0,2496.0,22.0,-100.0,41.7,62.0
5,79,1891.0,2497.0,606.0,-100.0,96.1,80.9
26,29,2233.0,2497.0,264.0,-100.0,75.5,91.6
0,75,2253.0,2497.0,244.0,-100.0,31.1,81.7
37,79,2286.0,2497.0,211.0,-100.0,71.8,80.9
41,53,2416.0,2497.0,81.0,-100.1,76.1,82.3
14,18,2424.0,2497.0,73.0,-100.1,59.9,37.3
16,49,2099.0,2498.0,399.0,-100.0,72.3,37.1
48,73,2159.0,2498.0,339.0,-100.0,93.0,73.6
56,58,2269.0,2498.0,229.0,-100.0,45.2,34.2
52,55,2287.0,2498.0,211.0,-100.0,69.1,93.7
45,61,2380.0,2498.0,118.0,-100.1,34.2,67.0
3,29,2394.0,2498.0,104.0,-100.0,86.6,91.6
0,17,2402.0,2498.0,96.0,-100.0,31.1,46.2
31,55,2361.0,2499.0,138.0,-100.0,50.5,93.7
28,74,2405.0,2499.0,94.0,-100.1,93.9,56.8
44,59,2423.0,2499.0,76.0,-100.1,70.5,70.6
3,4,2443.0,2499.0,56.0,-100.1,86.6,90.7
24,79,2251.0,2500.0,249.0,-100.0,50.4,80.9
5,34,2293.0,2500.0,207.0,-100.0,96.1,73.2
4,16,2405.0,2500.0,95.0,-100.1,90.7,72.3
5,35,2412.0,2500.0,88.0,-100.0,96.1,83.8
45,47,2412.0,2500.0,88.0,-100.0,34.2,33.4
1,13,2421.0,2500.0,79.0,-100.0,92.2,87.5
7,45,2438.0,2500.0,62.0,-100.0,82.1,34.2
60,71,2076.0,2501.0,425.0,-100.0,39.5,35.7
54,59,2365.0,2501.0,136.0,-100.1,83.2,70.6
15,55,2375.0,2501.0,126.0,-100.0,54.5,93.7
37,69,2389.0,2501.0,112.0,-100.0,71.8,92.7
16,28,2397.0,2501.0,104.0,-100.0,72.3,93.9
6,41,2315.0,2502.0,187.0,-100.0,83.6,76.1
24,39,2387.0,2502.0,115.0,-100.0,50.4,78.9
4,75,2447.0,2502.0,55.0,-100.0,90.7,81.7
54,65,2305.0,2503.0,198.0,-100.1,83.2,81.0
1,71,2326.0,2503.0,177.0,-100.0,92.2,35.7
37,53,2366.0,2503.0,137.0,-100.0,71.8,82.3
17,29,2093.0,2504.0,411.0,-100.0,46.1,91.6
11,17,2298.0,2504.0,206.0,-100.0,65.0,46.1
9,57,2351.0,2504.0,153.0,-100.0,82.0,68.8
5,69,2409.0,2504.0,95.0,-100.0,96.1,92.7
27,79,2287.0,2505.0,218.0,-100.0,48.3,80.9
34,50,2363.0,2505.0,142.0,-100.0,73.2,94.6
47,59,2459.0,2505.0,46.0,-100.1,33.4,70.6
18,50,2363.0,2506.0,143.0,-100.1,37.3,94.6
37,50,2428.0,2506.0,78.0,-100.0,71.8,94.6
22,63,2429.0,2506.0,77.0,-100.0,53.2,60.1
43,69,2432.0,2506.0,74.0,-100.0,36.7,92.7
18,68,2437.0,2506.0,69.0,-100.0,37.3,69.5
38,39,2284.0,2507.0,223.0,-100.0,47.7,78.9
38,48,2165.0,2508.0,343.0,-100.1,47.7,93.0
14,55,2447.0,2508.0,61.0,-100.1,59.9,93.7
25,65,2480.0,2508.0,28.0,-100.0,54.1,81.0
24,53,2488.0,2508.0,20.0,-100.0,50.4,82.3
61,68,2316.0,2509.0,193.0,-100.0,67.0,69.5
3,59,2395.0,2509.0,114.0,-100.1,86.5,70.6
6,46,2399.0,2509.0,110.0,-100.0,83.6,78.3
40,45,2431.0,2509.0,78.0,-100.0,41.7,34.1
4,48,2438.0,2509.0,71.0,-100.0,90.7,93.0
1,9,2333.0,2510.0,177.0,-100.0,92.2,82.0
48,49,2390.0,2510.0,120.0,-100.0,93.0,37.1
2,28,2436.0,2510.0,74.0,-100.0,34.4,93.9
9,60,1961.0,2511.0,550.0,-100.0,82.0,39.5
5,53,2301.0,2511.0,210.0,-100.0,96.1,82.3
16,59,2439.0,2511.0,72.0,-100.0,72.3,70.6
4,13,2506.0,2511.0,5.0,-100.0,90.7,87.5
44,58,2141.0,2512.0,371.0,-100.0,70.5,34.1
17,66,2240.0,2512.0,272.0,-100.0,46.1,83.4
2,10,2327.0,2512.0,185.0,-100.0,34.4,36.9
30,67,2261.0,2513.0,252.0,-100.0,61.1,61.9
5,66,2293.0,2513.0,220.0,-100.0,96.1,83.4
3,39,2380.0,2513.0,133.0,-100.0,86.5,78.9
14,78,2452.0,2513.0,61.0,-100.1,59.9,90.4
22,66,2266.0,2514.0,248.0,-100.0,53.2,83.4
29,75,2352.0,2514.0,162.0,-100.0,91.6,81.7
6,14,2417.0,2514.0,97.0,-100.0,83.6,59.9
28,48,2434.0,2514.0,80.0,-100.1,93.9,93.0
35,52,2491.0,2514.0,23.0,-100.0,83.8,69.0
3,19,1773.0,2515.0,742.0,-100.0,86.5,60.9
37,40,2065.0,2515.0,450.0,-100.0,71.8,41.7
35,37,2359.0,2515.0,156.0,-100.0,83.8,71.8
4,49,2413.0,2515.0,102.0,-100.0,90.7,37.1
35,43,2428.0,2515.0,87.0,-100.0,83.8,36.7
14,73,2500.0,2515.0,15.0,-100.0,59.9,73.5
16,29,1673.0,2516.0,843.0,-100.0,72.3,91.6
18,66,2197.0,2516.0,319.0,-100.0,37.3,83.4
46,73,2326.0,2516.0,190.0,-100.0,78.3,73.5
6,36,2388.0,2516.0,128.0,-100.0,83.6,64.8
17,24,2392.0,2516.0,124.0,-100.1,46.1,50.4
26,28,2402.0,2516.0,114.0,-100.1,75.5,93.9
44,65,2406.0,2516.0,110.0,-100.0,70.5,81.0
48,59,2456.0,2516.0,60.0,-100.1,93.0,70.6
1,26,2050.0,2517.0,467.0,-100.0,92.2,75.5
3,68,2081.0,2517.0,436.0,-100.0,86.5,69.5
18,73,2311.0,2517.0,206.0,-100.0,37.3,73.5
31,48,2481.0,2517.0,36.0,-100.0,50.5,93.0
4,47,2506.0,2517.0,11.0,-100.0,90.7,33.4
41,50,2384.0,2518.0,134.0,-100.1,76.1,94.6
41,42,2492.0,2518.0,26.0,-100.0,76.1,87.7
10,49,2353.0,2519.0,166.0,-100.0,36.9,37.1
73,75,2406.0,2519.0,113.0,-100.1,73.5,81.7
0,3,1886.0,2520.0,634.0,-100.0,31.1,86.5
13,30,2166.0,2520.0,354.0,-100.0,87.5,61.1
17,39,2189.0,2520.0,331.0,-100.0,46.1,78.9
43,50,2439.0,2520.0,81.0,-100.0,36.7,94.6
46,59,2447.0,2520.0,73.0,-100.2,78.3,70.6
4,23,2470.0,2520.0,50.0,-100.0,90.7,53.1
14,59,2477.0,2520.0,43.0,-100.1,59.9,70.6
67,76,1643.0,2521.0,878.0,-100.0,61.9,74.5
48,74,2387.0,2521.0,134.0,-100.0,93.0,56.8
19,49,2346.0,2522.0,176.0,-100.0,60.9,37.1
50,76,2366.0,2522.0,156.0,-100.0,94.6,74.5
29,48,2369.0,2522.0,153.0,-100.1,91.6,93.0
17,68,2471.0,2522.0,51.0,-100.0,46.1,69.4
4,14,2487.0,2522.0,35.0,-100.2,90.7,59.9
24,30,2501.0,2522.0,21.0,-100.0,50.4,61.1
47,69,2228.0,2523.0,295.0,-100.1,33.4,92.7
6,47,2272.0,2523.0,251.0,-100.0,83.6,33.4
49,74,2335.0,2523.0,188.0,-100.0,37.1,56.8
14,69,2424.0,2523.0,99.0,-100.1,59.9,92.7
12,74,2433.0,2523.0,90.0,-100.0,63.5,56.8
6,37,1857.0,2524.0,667.0,-100.0,83.6,71.8
29,46,2103.0,2524.0,421.0,-100.0,91.6,78.3
52,56,2123.0,2524.0,401.0,-100.0,69.0,45.2
15,40,2401.0,2524.0,123.0,-100.0,54.4,41.6
28,75,2440.0,2524.0,84.0,-100.0,93.9,81.7
4,46,2453.0,2524.0,71.0,-100.0,90.7,78.3
75,77,2475.0,2524.0,49.0,-100.1,81.7,50.8
18,39,1803.0,2525.0,722.0,-100.0,37.3,78.9
34,79,2326.0,2525.0,199.0,-100.0,73.2,80.9
14,53,2329.0,2525.0,196.0,-100.0,59.9,82.3
67,75,2428.0,2525.0,97.0,-100.0,61.9,81.7
48,68,2431.0,2525.0,94.0,-100.0,93.0,69.4
19,48,2434.0,2525.0,91.0,-100.0,60.9,93.0
13,77,2192.0,2526.0,334.0,-100.0,87.5,50.8
12,19,2236.0,2526.0,290.0,-100.0,63.5,60.9
18,27,2271.0,2526.0,255.0,-100.0,37.3,48.3
56,59,2436.0,2526.0,90.0,-100.0,45.2,70.6
4,38,2450.0,2526.0,76.0,-100.0,90.7,47.6
40,59,2468.0,2526.0,58.0,-100.0,41.6,70.6
14,29,2495.0,2526.0,31.0,-100.0,59.9,91.6
44,52,2173.0,2527.0,354.0,-100.0,70.5,69.0
39,48,2327.0,2527.0,200.0,-100.0,78.9,93.0
22,24,2357.0,2527.0,170.0,-100.0,53.2,50.4
50,62,2454.0,2527.0,73.0,-100.0,94.6,67.5
0,48,2399.0,2528.0,129.0,-100.1,31.1,93.0
46,69,2468.0,2528.0,60.0,-100.0,78.3,92.7
18,35,2480.0,2528.0,48.0,-100.0,37.3,83.8
4,24,2457.0,2530.0,73.0,-100.2,90.7,50.4
18,31,2378.0,2531.0,153.0,-100.0,37.3,50.5
33,72,2408.0,2531.0,123.0,-100.0,86.9,33.6
4,64,2451.0,2531.0,80.0,-100.0,90.7,64.1
15,78,2193.0,2532.0,339.0,-100.0,54.4,90.4
17,31,2426.0,2532.0,106.0,-99.9,46.1,50.5
17,73,2341.0,2533.0,192.0,-100.0,46.1,73.5
45,46,2418.0,2533.0,115.0,-100.1,34.1,78.3
34,63,2431.0,2533.0,102.0,-100.0,73.1,60.1
14,52,2484.0,2533.0,49.0,-100.0,59.9,69.0
24,77,2491.0,2533.0,42.0,-100.0,50.4,50.8
6,11,2359.0,2534.0,175.0,-100.0,83.6,65.0
4,45,2447.0,2534.0,87.0,-100.0,90.7,34.1
39,59,2458.0,2534.0,76.0,-100.1,78.9,70.6
43,53,2016.0,2535.0,519.0,-100.0,36.7,82.2
16,74,2176.0,2535.0,359.0,-100.0,72.2,56.8
21,51,2284.0,2535.0,251.0,-100.1,43.7,83.5
0,16,2301.0,2536.0,235.0,-100.0,31.1,72.2
0,46,2346.0,2536.0,190.0,-100.0,31.1,78.3
49,75,2389.0,2536.0,147.0,-100.0,37.1,81.7
69,76,2458.0,2536.0,78.0,-100.0,92.6,74.4
25,31,2275.0,2537.0,262.0,-100.0,54.0,50.4
45,48,2441.0,2537.0,96.0,-100.0,34.1,93.0
8,41,2464.0,2537.0,73.0,-100.0,72.4,76.1
0,14,2477.0,2537.0,60.0,-100.1,31.1,59.9
14,45,2478.0,2537.0,59.0,-100.2,59.9,34.1
4,56,2466.0,2538.0,72.0,-100.0,90.6,45.2
25,55,2348.0,2539.0,191.0,-100.0,54.0,93.7
4,11,2452.0,2539.0,87.0,-100.0,90.6,65.0
7,14,2531.0,2539.0,8.0,-100.0,82.0,59.9
6,56,1881.0,2541.0,660.0,-100.0,83.6,45.2
23,30,2271.0,2541.0,270.0,-100.0,53.1,61.1
3,45,2335.0,2541.0,206.0,-100.0,86.5,34.1
14,79,2404.0,2541.0,137.0,-100.0,59.9,80.8
23,77,2476.0,2541.0,65.0,-100.0,53.1,50.8
35,55,2361.0,2542.0,181.0,-100.0,83.8,93.7
59,68,2441.0,2542.0,101.0,-100.1,70.6,69.4
41,62,2465.0,2542.0,77.0,-100.0,76.1,67.5
10,75,2412.0,2543.0,131.0,-100.0,36.9,81.7
31,59,2465.0,2543.0,78.0,-100.0,50.4,70.6
25,68,989.0,2544.0,1555.0,-100.0,54.0,69.4
16,19,2307.0,2544.0,237.0,-100.0,72.2,60.9
58,78,2330.0,2544.0,214.0,-100.0,34.1,90.3
18,69,2411.0,2544.0,133.0,-100.0,37.2,92.6
11,59,2456.0,2544.0,88.0,-100.0,65.0,70.6
5,6,1806.0,2545.0,739.0,-100.0,96.0,83.6
63,70,2383.0,2545.0,162.0,-100.0,60.1,35.8
30,77,2411.0,2545.0,134.0,-100.0,61.1,50.8
14,40,2429.0,2545.0,116.0,-100.0,59.8,41.6
48,56,2430.0,2545.0,115.0,-100.0,93.0,45.2
3,56,1941.0,2546.0,605.0,-100.0,86.5,45.2
10,38,2201.0,2546.0,345.0,-100.0,36.9,47.6
40,69,2253.0,2546.0,293.0,-100.0,41.6,92.6
10,24,2438.0,2546.0,108.0,-100.0,36.9,50.4
4,35,2506.0,2546.0,40.0,-100.1,90.6,83.8
18,67,2318.0,2547.0,229.0,-100.0,37.2,61.9
0,4,2437.0,2547.0,110.0,-100.1,31.1,90.6
56,69,2461.0,2547.0,86.0,-100.0,45.2,92.6
4,73,2468.0,2547.0,79.0,-100.1,90.6,73.5
4,39,2459.0,2548.0,89.0,-100.1,90.6,78.9
45,56,2363.0,2549.0,186.0,-100.0,34.1,45.2
22,73,1643.0,2550.0,907.0,-100.0,53.2,73.5
35,78,2328.0,2550.0,222.0,-100.0,83.8,90.3
38,75,2396.0,2550.0,154.0,-100.0,47.6,81.7
24,75,2406.0,2550.0,144.0,-100.1,50.4,81.7
4,29,2429.0,2550.0,121.0,-100.1,90.6,91.6
39,45,2430.0,2550.0,120.0,-100.1,78.9,34.1
12,45,2465.0,2550.0,85.0,-100.0,63.4,34.1
17,69,2468.0,2550.0,82.0,-100.1,46.1,92.6
4,31,2480.0,2550.0,70.0,-100.0,90.6,50.4
28,56,2524.0,2550.0,26.0,-100.0,93.9,45.2
35,69,2330.0,2551.0,221.0,-100.0,83.8,92.6
17,27,2355.0,2551.0,196.0,-100.0,46.1,48.2
59,79,2480.0,2551.0,71.0,-100.1,70.6,80.8
16,45,2422.0,2552.0,130.0,-100.0,72.2,34.1
4,27,2490.0,2552.0,62.0,-100.0,90.6,48.2
4,69,2490.0,2552.0,62.0,-100.0,90.6,92.6
15,68,2144.0,2553.0,409.0,-100.0,54.4,69.4
13,75,2450.0,2553.0,103.0,-100.0,87.5,81.6
24,28,2460.0,2553.0,93.0,-100.0,50.4,93.9
39,69,2463.0,2553.0,90.0,-100.1,78.9,92.6
39,67,2374.0,2554.0,180.0,-100.0,78.9,61.9
3,46,2375.0,2554.0,179.0,-100.0,86.5,78.2
64,75,2379.0,2554.0,175.0,-100.0,64.0,81.6
4,59,2454.0,2554.0,100.0,-100.1,90.6,70.6
17,59,2502.0,2554.0,52.0,-100.0,46.1,70.6
4,68,2467.0,2555.0,88.0,-100.1,90.6,69.4
28,38,2442.0,2556.0,114.0,-100.0,93.9,47.6
14,68,2449.0,2556.0,107.0,-99.9,59.8,69.4
4,67,2481.0,2556.0,75.0,-100.0,90.6,61.9
10,13,2229.0,2557.0,328.0,-100.0,36.9,87.5
45,54,2322.0,2557.0,235.0,-100.0,34.1,83.1
17,67,2374.0,2557.0,183.0,-100.0,46.1,61.9
24,59,2466.0,2557.0,91.0,-100.1,50.4,70.6
6,35,2340.0,2558.0,218.0,-100.0,83.6,83.7
11,48,2349.0,2558.0,209.0,-100.0,65.0,93.0
11,14,2461.0,2558.0,97.0,-100.0,65.0,59.8
2,49,2338.0,2559.0,221.0,-100.0,34.4,37.1
11,24,2375.0,2559.0,184.0,-100.0,65.0,50.4
14,31,2436.0,2559.0,123.0,-100.1,59.8,50.4
60,72,2461.0,2559.0,98.0,-100.1,39.4,33.6
46,53,2466.0,2559.0,93.0,-100.0,78.2,82.2
53,59,2492.0,2559.0,67.0,-100.0,82.2,70.6
69,70,2532.0,2559.0,27.0,-100.0,92.6,35.8
50,62,2539.0,2559.0,20.0,-100.0,94.6,67.5
34,66,2088.0,2560.0,472.0,-100.0,73.1,83.4
11,38,2370.0,2560.0,190.0,-100.0,65.0,47.6
5,41,2423.0,2560.0,137.0,-100.1,96.0,76.1
6,39,2395.0,2561.0,166.0,-100.0,83.6,78.9
32,65,2324.0,2562.0,238.0,-100.0,64.9,80.9
34,76,2367.0,2562.0,195.0,-100.0,73.1,74.4
44,45,2383.0,2562.0,179.0,-100.0,70.4,34.1
36,41,2442.0,2562.0,120.0,-100.0,64.7,76.1
64,77,2501.0,2562.0,61.0,-100.0,64.0,50.8
46,48,2309.0,2563.0,254.0,-100.0,78.2,93.0
7,74,2318.0,2563.0,245.0,-100.0,82.0,56.7
28,49,2377.0,2563.0,186.0,-100.0,93.9,37.1
37,41,2433.0,2563.0,130.0,-100.2,71.7,76.1
1,72,2440.0,2563.0,123.0,-100.1,92.2,33.6
32,52,2473.0,2563.0,90.0,-100.0,64.9,69.0
4,53,2490.0,2563.0,73.0,-100.0,90.6,82.2
72,75,2514.0,2563.0,49.0,-100.1,33.6,81.6
22,30,1970.0,2564.0,594.0,-100.0,53.2,61.1
47,55,2112.0,2564.0,452.0,-100.0,33.3,93.7
24,27,2342.0,2564.0,222.0,-100.0,50.4,48.2
2,13,2424.0,2564.0,140.0,-100.0,34.4,87.5
9,75,2455.0,2564.0,109.0,-100.1,82.0,81.6
38,59,2472.0,2564.0,92.0,-100.1,47.6,70.6
4,79,2484.0,2564.0,80.0,-100.1,90.6,80.8
49,59,2485.0,2564.0,79.0,-100.0,37.1,70.6
2,64,2251.0,2565.0,314.0,-100.0,34.4,64.0
34,53,2370.0,2565.0,195.0,-100.0,73.1,82.2
6,69,2371.0,2565.0,194.0,-100.0,83.6,92.6
3,14,2498.0,2565.0,67.0,-100.1,86.5,59.8
28,35,2537.0,2565.0,28.0,-100.0,93.9,83.7
47,53,2404.0,2566.0,162.0,-100.0,33.3,82.2
13,28,2482.0,2566.0,84.0,-100.1,87.5,93.9
14,16,2510.0,2566.0,56.0,-100.0,59.8,72.2
7,48,2368.0,2567.0,199.0,-100.0,82.0,92.9
2,9,2402.0,2567.0,165.0,-100.0,34.4,82.0
10,20,2509.0,2567.0,58.0,-99.9,36.9,56.6
11,47,1693.0,2568.0,875.0,-100.0,65.0,33.3
15,31,2381.0,2568.0,187.0,-100.0,54.4,50.4
11,28,2461.0,2568.0,107.0,-100.1,65.0,93.9
40,73,2471.0,2568.0,97.0,-100.0,41.6,73.5
28,39,2480.0,2568.0,88.0,-100.0,93.9,78.9
4,40,2488.0,2568.0,80.0,-100.1,90.6,41.6
63,76,2419.0,2569.0,150.0,-100.0,60.0,74.4
27,75,2426.0,2569.0,143.0,-100.0,48.2,81.6
57,72,2436.0,2569.0,133.0,-100.1,68.7,33.6
14,54,2503.0,2569.0,66.0,-100.1,59.8,83.1
18,34,2181.0,2570.0,389.0,-100.0,37.2,73.1
68,69,2289.0,2570.0,281.0,-100.0,69.4,92.6
18,53,2385.0,2570.0,185.0,-100.0,37.2,82.2
17,53,2429.0,2570.0,141.0,-100.0,46.1,82.2
69,77,2509.0,2571.0,62.0,-100.1,92.6,50.8
4,34,2510.0,2571.0,61.0,-100.1,90.6,73.1
20,24,2513.0,2571.0,58.0,-100.0,56.6,50.4
7,19,2400.0,2572.0,172.0,-100.1,82.0,60.9
14,35,2426.0,2572.0,146.0,-100.0,59.8,83.7
4,41,2527.0,2572.0,45.0,-100.1,90.6,76.1
17,79,2410.0,2573.0,163.0,-100.0,46.1,80.8
2,24,2436.0,2573.0,137.0,-100.0,34.4,50.4
14,39,2452.0,2573.0,121.0,-100.0,59.8,78.9
22,69,2477.0,2573.0,96.0,-100.1,53.2,92.6
12,73,2549.0,2573.0,24.0,-100.0,63.4,73.5
30,70,2278.0,2574.0,296.0,-100.0,61.1,35.8
16,46,2358.0,2574.0,216.0,-100.0,72.2,78.2
23,75,2403.0,2574.0,171.0,-100.0,53.1,81.6
20,33,2413.0,2574.0,161.0,-100.0,56.6,86.8
24,29,2426.0,2574.0,148.0,-100.0,50.3,91.6
23,28,2448.0,2574.0,126.0,-100.0,53.1,93.8
28,45,2469.0,2574.0,105.0,-100.0,93.8,34.1
44,48,2430.0,2575.0,145.0,-100.1,70.4,92.9
14,44,2499.0,2575.0,76.0,-100.0,59.8,70.4
59,77,2514.0,2575.0,61.0,-100.0,70.6,50.8
18,79,2336.0,2577.0,241.0,-100.0,37.2,80.8
0,39,2344.0,2577.0,233.0,-100.0,31.1,78.9
28,64,2438.0,2577.0,139.0,-100.0,93.8,64.0
71,75,2440.0,2577.0,137.0,-100.0,35.6,81.6
14,56,2454.0,2577.0,123.0,-100.0,59.8,45.2
39,73,2335.0,2578.0,243.0,-100.0,78.9,73.5
41,55,2508.0,2578.0,70.0,-100.0,76.1,93.6
9,72,2514.0,2578.0,64.0,-100.0,82.0,33.6
10,79,2530.0,2578.0,48.0,-100.0,36.8,80.8
22,41,2542.0,2578.0,36.0,-100.0,53.1,76.1
6,31,2334.0,2579.0,245.0,-100.0,83.6,50.4
14,32,2512.0,2579.0,67.0,-100.2,59.8,64.9
53,76,1930.0,2580.0,650.0,-100.0,82.2,74.4
24,67,2222.0,2580.0,358.0,-100.0,50.3,61.9
28,71,2235.0,2580.0,345.0,-100.0,93.8,35.6
0,24,2419.0,2580.0,161.0,-100.0,31.1,50.3
2,71,2403.0,2581.0,178.0,-100.0,34.4,35.6
28,31,2504.0,2581.0,77.0,-100.1,93.8,50.4
71,72,2518.0,2581.0,63.0,-100.1,35.6,33.6
32,48,2519.0,2581.0,62.0,-100.0,64.9,92.9
44,58,2527.0,2581.0,54.0,-99.9,70.4,34.1
17,34,2205.0,2582.0,377.0,-100.1,46.1,73.1
45,68,2356.0,2582.0,226.0,-100.0,34.1,69.4
46,79,2401.0,2582.0,181.0,-100.0,78.2,80.8
46,54,2468.0,2582.0,114.0,-100.0,78.2,83.1
6,59,2492.0,2582.0,90.0,-100.0,83.6,70.5
12,14,2514.0,2582.0,68.0,-100.1,63.4,59.8
17,41,2514.0,2582.0,68.0,-100.1,46.1,76.1
26,69,2572.0,2582.0,10.0,-100.0,75.4,92.6
9,26,2359.0,2583.0,224.0,-100.0,81.9,75.4
27,77,2441.0,2583.0,142.0,-100.0,48.2,50.8
24,71,2474.0,2583.0,109.0,-100.0,50.3,35.6
25,32,2488.0,2583.0,95.0,-100.0,54.0,64.9
29,39,1629.0,2584.0,955.0,-100.0,91.6,78.9
0,40,2324.0,2584.0,260.0,-100.0,31.1,41.6
24,73,2379.0,2584.0,205.0,-100.0,50.3,73.5
69,72,2571.0,2584.0,13.0,-100.0,92.6,33.6
18,41,2346.0,2585.0,239.0,-100.1,37.2,76.0
20,57,2366.0,2585.0,219.0,-100.0,56.6,68.7
20,72,2412.0,2585.0,173.0,-100.0,56.6,33.6
28,59,2475.0,2585.0,110.0,-100.0,93.8,70.5
54,73,2548.0,2585.0,37.0,-100.0,83.1,73.5
10,64,2203.0,2586.0,383.0,-100.0,36.8,64.0
25,35,2242.0,2586.0,344.0,-100.0,54.0,83.7
2,23,2297.0,2586.0,289.0,-100.0,34.4,53.1
9,24,2483.0,2587.0,104.0,-99.9,81.9,50.3
39,54,2526.0,2587.0,61.0,-100.0,78.9,83.1
20,60,2425.0,2588.0,163.0,-100.0,56.6,39.4
14,48,2496.0,2588.0,92.0,-100.0,59.8,92.9
31,46,2350.0,2589.0,239.0,-100.0,50.4,78.2
41,43,2451.0,2589.0,138.0,-100.0,76.0,36.7
10,53,2502.0,2589.0,87.0,-100.0,36.8,82.2
46,68,2368.0,2590.0,222.0,-100.0,78.2,69.4
10,30,2399.0,2590.0,191.0,-100.0,36.8,61.1
23,24,2439.0,2590.0,151.0,-100.0,53.1,50.3
32,58,2470.0,2590.0,120.0,-100.0,64.9,34.1
34,77,2474.0,2590.0,116.0,-100.0,73.1,50.8
24,69,2501.0,2590.0,89.0,-100.0,50.3,92.6
37,50,2555.0,2590.0,35.0,-100.0,71.7,94.5
31,47,2320.0,2591.0,271.0,-100.0,50.4,33.3
45,79,2482.0,2591.0,109.0,-100.0,34.1,80.8
56,73,2493.0,2591.0,98.0,-100.0,45.1,73.5
55,78,2321.0,2592.0,271.0,-100.0,93.6,90.3
24,51,2534.0,2592.0,58.0,-100.1,50.3,83.5
11,46,2240.0,2593.0,353.0,-100.0,64.9,78.2
28,41,2550.0,2593.0,43.0,-100.0,93.8,76.0
10,23,2174.0,2594.0,420.0,-100.0,36.8,53.1
3,44,2316.0,2594.0,278.0,-100.0,86.5,70.4
3,61,2320.0,2594.0,274.0,-100.0,86.5,67.0
3,7,2428.0,2594.0,166.0,-100.1,86.5,82.0
28,69,2504.0,2594.0,90.0,-100.0,93.8,92.6
51,69,2566.0,2594.0,28.0,-100.0,83.5,92.6
11,45,2429.0,2595.0,166.0,-100.0,64.9,34.1
59,75,2524.0,2595.0,71.0,-100.1,70.5,81.6
13,51,2528.0,2595.0,67.0,-100.0,87.4,83.5
29,40,2543.0,2595.0,52.0,-100.0,91.5,41.6
43,63,2546.0,2595.0,49.0,-100.0,36.7,60.0
22,53,2389.0,2596.0,207.0,-100.0,53.1,82.2
9,28,2471.0,2596.0,125.0,-100.0,81.9,93.8
14,61,2481.0,2596.0,115.0,-100.0,59.8,66.9
28,67,2487.0,2596.0,109.0,-100.0,93.8,61.9
27,28,2495.0,2596.0,101.0,-100.1,48.2,93.8
30,59,2538.0,2596.0,58.0,-100.1,61.1,70.5
25,44,2382.0,2597.0,215.0,-100.0,54.0,70.4
24,64,2423.0,2597.0,174.0,-100.1,50.3,64.0
41,76,2430.0,2597.0,167.0,-100.0,76.0,74.4
28,53,2507.0,2597.0,90.0,-100.0,93.8,82.2
32,47,2520.0,2597.0,77.0,-100.0,64.9,33.3
14,47,2431.0,2598.0,167.0,-100.0,59.8,33.3
28,73,2470.0,2598.0,128.0,-100.0,93.8,73.5
32,46,2512.0,2598.0,86.0,-100.0,64.9,78.2
21,72,2580.0,2598.0,18.0,-100.0,43.7,33.5
40,46,2354.0,2599.0,245.0,-100.0,41.6,78.2
1,59,2585.0,2599.0,14.0,-100.0,92.1,70.5
35,47,2356.0,2600.0,244.0,-100.0,83.7,33.3
0,28,2446.0,2600.0,154.0,-100.1,31.0,93.8
67,77,2464.0,2600.0,136.0,-100.0,61.8,50.8
6,41,2504.0,2600.0,96.0,-100.0,83.5,76.0
13,26,2449.0,2601.0,152.0,-100.0,87.4,75.4
15,39,2475.0,2601.0,126.0,-100.0,54.4,78.8
4,63,2553.0,2601.0,48.0,-100.0,90.6,60.0
25,41,2578.0,2601.0,23.0,-100.0,54.0,76.0
17,40,2425.0,2602.0,177.0,-100.0,46.0,41.6
19,72,2577.0,2602.0,25.0,-100.1,60.8,33.5
0,56,1621.0,2603.0,982.0,-100.0,31.0,45.1
11,40,2162.0,2603.0,441.0,-100.0,64.9,41.6
22,79,2323.0,2603.0,280.0,-100.0,53.1,80.8
35,40,2350.0,2603.0,253.0,-100.0,83.7,41.6
29,38,2354.0,2603.0,249.0,-100.0,91.5,47.6
50,63,2471.0,2603.0,132.0,-100.0,94.5,60.0
15,32,2483.0,2603.0,120.0,-100.0,54.4,64.9
28,68,2500.0,2603.0,103.0,-100.0,93.8,69.4
28,79,2506.0,2603.0,97.0,-100.1,93.8,80.8
7,24,2550.0,2603.0,53.0,-100.2,82.0,50.3
4,62,2573.0,2603.0,30.0,-100.0,90.6,67.5
15,52,1704.0,2604.0,900.0,-100.0,54.4,69.0
43,62,2220.0,2604.0,384.0,-100.0,36.6,67.5
31,45,2362.0,2604.0,242.0,-100.0,50.4,34.1
15,44,2414.0,2604.0,190.0,-100.0,54.4,70.4
10,67,2435.0,2604.0,169.0,-100.0,36.8,61.8
35,46,2480.0,2604.0,124.0,-100.0,83.7,78.2
28,29,2423.0,2605.0,182.0,-100.1,93.8,91.5
24,45,2452.0,2605.0,153.0,-100.1,50.3,34.1
42,50,2478.0,2605.0,127.0,-100.0,87.6,94.5
10,59,2502.0,2605.0,103.0,-100.1,36.8,70.5
36,50,2422.0,2606.0,184.0,-100.0,64.7,94.5
73,77,2474.0,2606.0,132.0,-100.0,73.4,50.7
24,49,2453.0,2607.0,154.0,-100.0,50.3,37.0
12,69,2601.0,2607.0,6.0,-100.0,63.4,92.6
15,25,2148.0,2608.0,460.0,-100.0,54.3,54.0
11,64,2251.0,2608.0,357.0,-100.0,64.9,64.0
24,26,2464.0,2608.0,144.0,-100.0,50.3,75.4
3,32,2507.0,2608.0,101.0,-100.0,86.4,64.9
28,34,2528.0,2608.0,80.0,-100.1,93.8,73.1
56,69,2599.0,2608.0,9.0,-100.0,45.1,92.6
20,30,2426.0,2609.0,183.0,-100.0,56.6,61.1
37,66,2567.0,2609.0,42.0,-100.0,71.7,83.3
33,51,2606.0,2609.0,3.0,-100.0,86.8,83.5
44,46,2209.0,2610.0,401.0,-100.0,70.4,78.2
6,53,2383.0,2610.0,227.0,-100.0,83.5,82.2
5,50,2403.0,2610.0,207.0,-100.0,96.0,94.5
8,50,2420.0,2610.0,190.0,-100.0,72.4,94.5
56,58,2570.0,2610.0,40.0,-100.0,45.1,34.0
69,77,2589.0,2610.0,21.0,-100.1,92.6,50.7
47,79,1931.0,2611.0,680.0,-100.0,33.3,80.8
15,47,2389.0,2611.0,222.0,-100.0,54.3,33.3
13,27,2443.0,2611.0,168.0,-100.0,87.4,48.2
30,75,2460.0,2611.0,151.0,-100.0,61.1,81.6
3,12,2448.0,2612.0,164.0,-100.0,86.4,63.4
13,71,2449.0,2612.0,163.0,-100.0,87.4,35.6
22,59,2508.0,2612.0,104.0,-100.0,53.1,70.5
28,40,2536.0,2612.0,76.0,-100.0,93.8,41.6
4,42,2565.0,2612.0,47.0,-100.0,90.6,87.6
32,77,2604.0,2612.0,8.0,-100.0,64.9,50.7
6,67,2424.0,2613.0,189.0,-100.0,83.5,61.8
22,67,2245.0,2614.0,369.0,-100.0,53.1,61.8
41,46,2564.0,2614.0,50.0,-100.0,76.0,78.2
7,56,2577.0,2614.0,37.0,-100.0,81.9,45.1
30,51,2601.0,2614.0,13.0,-100.0,61.0,83.4
47,68,2260.0,2615.0,355.0,-100.0,33.3,69.4
15,56,2371.0,2615.0,244.0,-100.0,54.3,45.1
10,69,2505.0,2615.0,110.0,-100.0,36.8,92.6
0,77,2529.0,2615.0,86.0,-100.0,31.0,50.7
2,33,2581.0,2615.0,34.0,-100.0,34.3,86.8
27,53,2378.0,2616.0,238.0,-100.0,48.2,82.2
31,77,2545.0,2616.0,71.0,-100.0,50.4,50.7
52,58,2081.0,2617.0,536.0,-100.0,68.9,34.0
10,29,2425.0,2617.0,192.0,-100.0,36.8,91.5
29,77,2522.0,2617.0,95.0,-100.0,91.5,50.7
54,69,2596.0,2617.0,21.0,-100.0,83.0,92.6
0,38,2418.0,2618.0,200.0,-100.0,31.0,47.6
10,77,2450.0,2618.0,168.0,-100.0,36.8,50.7
35,39,2478.0,2618.0,140.0,-100.0,83.7,78.8
9,51,2527.0,2618.0,91.0,-100.0,81.9,83.4
35,73,2527.0,2618.0,91.0,-100.0,83.7,73.4
4,8,2554.0,2618.0,64.0,-100.0,90.6,72.4
9,38,2476.0,2619.0,143.0,-100.1,81.9,47.6
59,70,2530.0,2619.0,89.0,-100.0,70.5,35.8
32,39,2535.0,2619.0,84.0,-100.1,64.9,78.8
14,15,2461.0,2620.0,159.0,-100.0,59.8,54.3
4,5,2539.0,2620.0,81.0,-100.0,90.6,95.9
4,37,2550.0,2620.0,70.0,-100.1,90.6,71.7
35,69,2586.0,2620.0,34.0,-100.0,83.7,92.6
63,66,2419.0,2621.0,202.0,-100.0,60.0,83.3
7,12,2447.0,2621.0,174.0,-100.0,81.9,63.4
45,53,2508.0,2621.0,113.0,-100.0,34.0,82.2
24,72,2540.0,2621.0,81.0,-100.2,50.3,33.5
25,58,2327.0,2622.0,295.0,-100.0,53.9,34.0
38,71,2415.0,2622.0,207.0,-100.1,47.5,35.6
41,47,2538.0,2622.0,84.0,-100.1,76.0,33.3
32,40,2563.0,2622.0,59.0,-100.0,64.9,41.5
53,71,2578.0,2622.0,44.0,-100.0,82.2,35.6
13,24,2476.0,2623.0,147.0,-100.0,87.4,50.3
41,77,2541.0,2623.0,82.0,-100.1,76.0,50.7
22,77,2452.0,2624.0,172.0,-100.0,53.1,50.7
11,69,2474.0,2624.0,150.0,-100.1,64.9,92.6
53,77,2507.0,2624.0,117.0,-100.0,82.2,50.7
66,77,2550.0,2624.0,74.0,-100.0,83.3,50.7
41,69,2589.0,2624.0,35.0,-100.1,76.0,92.6
10,27,2421.0,2625.0,204.0,-100.0,36.8,48.2
44,47,2511.0,2625.0,114.0,-100.0,70.4,33.3
7,16,2281.0,2626.0,345.0,-100.0,81.9,72.1
6,79,2303.0,2626.0,323.0,-100.0,83.5,80.8
11,73,2318.0,2626.0,308.0,-100.0,64.9,73.4
41,73,2565.0,2626.0,61.0,-100.1,76.0,73.4
0,35,2522.0,2627.0,105.0,-100.0,31.0,83.7
31,40,2294.0,2628.0,334.0,-100.0,50.4,41.5
28,77,2516.0,2628.0,112.0,-100.1,93.8,50.7
34,59,2521.0,2628.0,107.0,-100.0,73.1,70.5
14,58,2523.0,2628.0,105.0,-100.0,59.8,34.0
6,40,2004.0,2629.0,625.0,-100.0,83.5,41.5
47,58,2087.0,2629.0,542.0,-100.0,33.3,34.0
10,73,2395.0,2629.0,234.0,-100.0,36.8,73.4
39,53,2439.0,2629.0,190.0,-100.0,78.8,82.2
11,49,2450.0,2629.0,179.0,-100.0,64.9,37.0
40,41,2514.0,2629.0,115.0,-100.0,41.5,76.0
53,70,2555.0,2629.0,74.0,-100.0,82.2,35.8
51,59,2574.0,2629.0,55.0,-100.0,83.4,70.5
9,35,2601.0,2629.0,28.0,-100.0,81.9,83.7
31,39,2345.0,2630.0,285.0,-100.0,50.4,78.8
4,10,2482.0,2630.0,148.0,-100.1,90.6,36.8
13,45,2517.0,2630.0,113.0,-100.0,87.4,34.0
4,36,2546.0,2630.0,84.0,-100.0,90.6,64.7
17,77,2470.0,2631.0,161.0,-100.0,46.0,50.7
6,77,2508.0,2631.0,123.0,-100.1,83.5,50.7
7,38,2549.0,2631.0,82.0,-100.0,81.9,47.5
26,59,2582.0,2631.0,49.0,-100.1,75.4,70.5
13,23,2184.0,2632.0,448.0,-100.0,87.4,53.0
76,79,2369.0,2632.0,263.0,-100.0,74.4,80.7
37,43,2361.0,2633.0,272.0,-100.0,71.7,36.6
4,28,2362.0,2633.0,271.0,-100.0,90.6,93.8
24,38,2417.0,2633.0,216.0,-100.0,50.3,47.5
4,22,2497.0,2633.0,136.0,-100.0,90.6,53.1
7,35,2560.0,2633.0,73.0,-100.0,81.9,83.7
50,77,2576.0,2633.0,57.0,-100.0,94.5,50.7
27,30,2045.0,2634.0,589.0,-100.0,48.1,61.0
40,53,2399.0,2634.0,235.0,-100.0,41.5,82.1
0,10,2488.0,2634.0,146.0,-99.9,31.0,36.8
12,13,2609.0,2634.0,25.0,-100.0,63.4,87.4
1,60,2381.0,2635.0,254.0,-99.9,92.1,39.4
4,17,2488.0,2635.0,147.0,-100.0,90.5,46.0
13,72,2534.0,2635.0,101.0,-100.1,87.4,33.5
36,66,2540.0,2635.0,95.0,-100.0,64.7,83.3
0,41,2563.0,2635.0,72.0,-100.0,31.0,76.0
60,72,2632.0,2635.0,3.0,-100.0,39.4,33.5
13,38,2435.0,2636.0,201.0,-100.1,87.4,47.5
15,54,2471.0,2636.0,165.0,-100.0,54.3,83.0
4,6,2491.0,2636.0,145.0,-100.0,90.5,83.5
12,15,2516.0,2636.0,120.0,-100.0,63.4,54.3
39,41,2539.0,2636.0,97.0,-100.1,78.8,76.0
4,66,2543.0,2636.0,93.0,-100.1,90.5,83.3
7,41,2587.0,2636.0,49.0,-100.0,81.9,76.0
67,70,2263.0,2637.0,374.0,-100.0,61.8,35.7
38,73,2318.0,2637.0,319.0,-100.0,47.5,73.4
5,66,2521.0,2637.0,116.0,-100.0,95.9,83.3
38,59,2568.0,2637.0,69.0,-100.1,47.5,70.5
10,34,2492.0,2638.0,146.0,-100.0,36.8,73.0
59,71,2510.0,2638.0,128.0,-100.0,70.5,35.6
13,69,2525.0,2638.0,113.0,-100.1,87.4,92.5
68,69,2580.0,2638.0,58.0,-100.0,69.3,92.5
7,51,2623.0,2638.0,15.0,-100.0,81.9,83.4
0,11,2345.0,2639.0,294.0,-100.0,31.0,64.9
45,59,2382.0,2639.0,257.0,-100.0,34.0,70.5
69,79,2394.0,2639.0,245.0,-100.1,92.5,80.7
37,76,2460.0,2639.0,179.0,-100.0,71.7,74.3
35,56,2470.0,2639.0,169.0,-100.0,83.7,45.1
7,11,2531.0,2639.0,108.0,-100.0,81.9,64.9
17,50,2550.0,2639.0,89.0,-100.0,46.0,94.5
44,69,2587.0,2639.0,52.0,-100.0,70.4,92.5
34,70,2306.0,2640.0,334.0,-100.0,73.0,35.7
31,69,2307.0,2640.0,333.0,-100.1,50.3,92.5
7,54,2460.0,2640.0,180.0,-100.0,81.9,83.0
35,68,2468.0,2640.0,172.0,-100.0,83.7,69.3
27,70,2271.0,2641.0,370.0,-100.0,48.1,35.7
51,71,2510.0,2641.0,131.0,-100.1,83.4,35.6
32,56,2518.0,2641.0,123.0,-100.1,64.8,45.1
69,70,2587.0,2641.0,54.0,-100.0,92.5,35.7
23,75,2604.0,2641.0,37.0,-100.0,53.0,81.6
13,73,2441.0,2642.0,201.0,-100.0,87.4,73.4
20,75,2469.0,2642.0,173.0,-100.0,56.5,81.6
27,59,2503.0,2642.0,139.0,-100.0,48.1,70.5
12,32,2515.0,2642.0,127.0,-100.0,63.4,64.8
4,50,2554.0,2642.0,88.0,-100.0,90.5,94.5
9,41,2595.0,2642.0,47.0,-100.0,81.9,76.0
9,10,2342.0,2643.0,301.0,-100.0,81.9,36.8
5,76,2372.0,2643.0,271.0,-100.0,95.9,74.3
8,66,2406.0,2643.0,237.0,-100.0,72.3,83.3
15,65,2465.0,2643.0,178.0,-100.0,54.3,80.8
33,60,2492.0,2643.0,151.0,-100.0,86.8,39.3
4,18,2499.0,2643.0,144.0,-100.0,90.5,37.1
6,29,2510.0,2643.0,133.0,-100.0,83.5,91.5
9,45,2524.0,2643.0,119.0,-100.0,81.9,34.0
12,58,2558.0,2643.0,85.0,-100.0,63.4,34.0
59,72,2595.0,2643.0,48.0,-100.1,70.5,33.5
24,38,2636.0,2643.0,7.0,-100.0,50.3,47.5
52,61,2208.0,2644.0,436.0,-100.0,68.9,66.9
3,48,2439.0,2644.0,205.0,-100.0,86.4,92.9
7,13,2553.0,2644.0,91.0,-100.1,81.9,87.4
28,50,2576.0,2644.0,68.0,-100.0,93.8,94.5
15,61,2404.0,2645.0,241.0,-100.0,54.3,66.9
30,71,2570.0,2645.0,75.0,-100.0,61.0,35.6
22,69,2580.0,2645.0,65.0,-100.0,53.1,92.5
1,57,2412.0,2646.0,234.0,-100.0,92.1,68.7
53,69,2418.0,2646.0,228.0,-100.0,82.1,92.5
59,69,2489.0,2646.0,157.0,-100.2,70.5,92.5
0,13,2506.0,2646.0,140.0,-100.0,31.0,87.4
18,50,2549.0,2646.0,97.0,-100.1,37.1,94.5
5,43,2297.0,2647.0,350.0,-100.0,95.9,36.6
22,29,2518.0,2647.0,129.0,-100.0,53.1,91.5
6,69,2587.0,2647.0,60.0,-100.0,83.5,92.5
13,68,2587.0,2647.0,60.0,-100.0,87.4,69.3
18,77,2496.0,2648.0,152.0,-100.0,37.1,50.7
23,59,2503.0,2648.0,145.0,-100.0,53.0,70.5
35,44,2523.0,2648.0,125.0,-100.0,83.7,70.4
1,75,2535.0,2648.0,113.0,-100.0,92.1,81.6
46,61,2077.0,2649.0,572.0,-100.0,78.2,66.9
6,17,2431.0,2649.0,218.0,-100.0,83.5,46.0
33,75,2527.0,2649.0,122.0,-100.0,86.7,81.6
28,70,2538.0,2649.0,111.0,-100.0,93.8,35.7
4,9,2633.0,2649.0,16.0,-100.0,90.5,81.9
17,70,2398.0,2650.0,252.0,-100.0,46.0,35.7
1,51,2556.0,2650.0,94.0,-100.1,92.1,83.4
13,20,2264.0,2651.0,387.0,-100.0,87.4,56.5
41,68,2537.0,2651.0,114.0,-100.0,76.0,69.3
41,44,2566.0,2651.0,85.0,-100.0,76.0,70.4
32,41,2571.0,2651.0,80.0,-100.0,64.8,76.0
18,40,2244.0,2652.0,408.0,-100.0,37.1,41.5
9,13,2418.0,2652.0,234.0,-100.0,81.9,87.4
7,59,2590.0,2652.0,62.0,-100.0,81.9,70.5
58,65,2445.0,2653.0,208.0,-100.0,34.0,80.8
59,73,2480.0,2653.0,173.0,-100.1,70.5,73.4
32,35,2532.0,2653.0,121.0,-100.2,64.8,83.7
29,41,2564.0,2653.0,89.0,-100.0,91.5,76.0
40,50,2629.0,2653.0,24.0,-100.0,41.5,94.5
29,45,2431.0,2654.0,223.0,-100.0,91.5,34.0
32,61,2479.0,2654.0,175.0,-100.0,64.8,66.9
77,79,2521.0,2654.0,133.0,-100.0,50.7,80.7
11,39,2188.0,2655.0,467.0,-100.0,64.9,78.8
17,22,2320.0,2655.0,335.0,-100.0,46.0,53.1
34,67,2327.0,2655.0,328.0,-100.0,73.0,61.8
6,28,2519.0,2655.0,136.0,-100.0,83.5,93.8
4,43,2529.0,2655.0,126.0,-100.0,90.5,36.6
41,56,2545.0,2655.0,110.0,-100.1,76.0,45.1
4,55,2562.0,2655.0,93.0,-100.1,90.5,93.6
12,41,2579.0,2655.0,76.0,-100.2,63.3,76.0
13,44,2583.0,2655.0,72.0,-100.0,87.4,70.4
58,61,2265.0,2656.0,391.0,-100.0,34.0,66.9
6,76,2446.0,2656.0,210.0,-100.0,83.5,74.3
16,32,2526.0,2656.0,130.0,-100.0,72.1,64.8
12,35,2542.0,2656.0,114.0,-100.0,63.3,83.7
7,31,2552.0,2656.0,104.0,-100.1,81.9,50.3
9,56,2630.0,2656.0,26.0,-100.0,81.9,45.1
9,12,2633.0,2656.0,23.0,-100.0,81.9,63.3
12,46,2509.0,2657.0,148.0,-100.0,63.3,78.1
9,40,2631.0,2657.0,26.0,-100.0,81.9,41.5
46,56,2349.0,2658.0,309.0,-100.0,78.1,45.1
13,64,2431.0,2658.0,227.0,-100.0,87.4,63.9
0,59,2444.0,2658.0,214.0,-100.2,31.0,70.5
46,78,2518.0,2658.0,140.0,-100.0,78.1,90.2
11,32,2539.0,2658.0,119.0,-100.1,64.9,64.8
20,59,2539.0,2658.0,119.0,-100.0,56.5,70.5
9,11,2568.0,2658.0,90.0,-100.0,81.9,64.9
12,29,2605.0,2658.0,53.0,-100.0,63.3,91.5
50,67,2635.0,2658.0,23.0,-100.0,94.5,61.8
12,54,2424.0,2659.0,235.0,-100.0,63.3,83.0
31,73,2463.0,2659.0,196.0,-100.0,50.3,73.4
39,44,2508.0,2659.0,151.0,-100.1,78.8,70.3
29,35,2532.0,2659.0,127.0,-100.0,91.5,83.6
29,34,2549.0,2659.0,110.0,-100.0,91.5,73.0
23,53,2587.0,2659.0,72.0,-100.0,53.0,82.1
59,64,2486.0,2660.0,174.0,-100.1,70.5,63.9
42,66,2519.0,2660.0,141.0,-100.0,87.6,83.3
43,77,2548.0,2660.0,112.0,-100.0,36.6,50.7
51,73,2603.0,2660.0,57.0,-100.0,83.4,73.4
50,69,2623.0,2660.0,37.0,-100.0,94.5,92.5
50,79,2630.0,2660.0,30.0,-100.0,94.5,80.7
38,67,2412.0,2661.0,249.0,-100.0,47.5,61.8
7,53,2566.0,2661.0,95.0,-100.1,81.9,82.1
70,77,2441.0,2662.0,221.0,-100.0,35.7,50.7
9,59,2513.0,2662.0,149.0,-100.0,81.9,70.5
49,59,2567.0,2662.0,95.0,-100.1,37.0,70.5
13,32,2585.0,2662.0,77.0,-100.0,87.4,64.8
44,77,2587.0,2662.0,75.0,-100.0,70.3,50.7
32,59,2604.0,2662.0,58.0,-100.0,64.8,70.5
50,72,2646.0,2662.0,16.0,-100.0,94.5,33.5
22,27,1810.0,2663.0,853.0,-100.0,53.1,48.1
6,18,2377.0,2663.0,286.0,-100.0,83.5,37.1
29,56,2386.0,2663.0,277.0,-100.0,91.5,45.1
13,49,2475.0,2663.0,188.0,-100.1,87.4,37.0
22,34,2258.0,2664.0,406.0,-100.0,53.1,73.0
39,68,2367.0,2664.0,297.0,-100.0,78.8,69.3
45,67,2502.0,2664.0,162.0,-100.0,34.0,61.8
41,67,2573.0,2664.0,91.0,-100.0,76.0,61.8
69,75,2646.0,2665.0,19.0,-100.1,92.5,81.5
34,51,2595.0,2666.0,71.0,-100.0,73.0,83.4
20,50,2639.0,2666.0,27.0,-100.0,56.5,94.5
14,46,2457.0,2667.0,210.0,-100.2,59.7,78.1
67,71,2511.0,2667.0,156.0,-100.0,61.8,35.5
4,70,2523.0,2667.0,144.0,-100.1,90.5,35.7
68,77,2543.0,2667.0,124.0,-100.0,69.3,50.7
41,48,2612.0,2667.0,55.0,-100.2,76.0,92.8
53,73,2440.0,2668.0,228.0,-100.0,82.1,73.4
54,56,2446.0,2668.0,222.0,-100.0,83.0,45.1
51,57,2542.0,2668.0,126.0,-100.0,83.4,68.6
50,76,2545.0,2668.0,123.0,-100.0,94.5,74.3
35,67,2557.0,2668.0,111.0,-100.0,83.6,61.8
7,79,2571.0,2668.0,97.0,-100.0,81.9,80.7
44,59,2609.0,2668.0,59.0,-100.1,70.3,70.5
39,79,2389.0,2669.0,280.0,-100.0,78.8,80.7
29,50,2620.0,2669.0,49.0,-100.1,91.5,94.5
25,61,2380.0,2670.0,290.0,-100.0,53.9,66.9
38,49,2383.0,2670.0,287.0,-100.0,47.5,36.9
3,16,2400.0,2670.0,270.0,-100.0,86.4,72.1
38,69,2510.0,2670.0,160.0,-100.0,47.5,92.5
7,45,2522.0,2670.0,148.0,-100.0,81.9,34.0
41,61,2576.0,2670.0,94.0,-100.1,76.0,66.9
13,48,2648.0,2670.0,22.0,-100.0,87.4,92.8
38,64,2279.0,2671.0,392.0,-100.0,47.5,63.9
73,79,2414.0,2671.0,257.0,-100.0,73.4,80.7
15,46,2447.0,2671.0,224.0,-100.0,54.3,78.1
1,33,2461.0,2671.0,210.0,-100.0,92.1,86.7
48,54,2471.0,2671.0,200.0,-100.0,92.8,83.0
15,48,2508.0,2671.0,163.0,-100.0,54.3,92.8
41,79,2521.0,2671.0,150.0,-100.1,76.0,80.7
12,31,2537.0,2671.0,134.0,-100.0,63.3,50.3
59,68,2605.0,2671.0,66.0,-100.0,70.5,69.3
61,77,2614.0,2671.0,57.0,-100.0,66.9,50.7
32,70,2626.0,2671.0,45.0,-100.0,64.8,35.7
47,61,2286.0,2672.0,386.0,-100.0,33.2,66.9
45,71,2520.0,2672.0,152.0,-100.0,34.0,35.5
46,58,2523.0,2672.0,149.0,-100.0,78.1,34.0
34,50,2597.0,2672.0,75.0,-100.0,73.0,94.4
50,64,2633.0,2672.0,39.0,-100.0,94.4,63.9
1,20,2244.0,2673.0,429.0,-100.0,92.1,56.5
17,66,2522.0,2673.0,151.0,-100.0,46.0,83.3
51,69,2612.0,2673.0,61.0,-100.1,83.4,92.5
27,50,2623.0,2673.0,50.0,-100.0,48.1,94.4
12,59,2629.0,2673.0,44.0,-100.0,63.3,70.5
23,50,2635.0,2673.0,38.0,-100.0,53.0,94.4
49,50,2637.0,2673.0,36.0,-100.0,36.9,94.4
0,45,2378.0,2674.0,296.0,-100.0,31.0,34.0
15,16,2526.0,2674.0,148.0,-100.0,54.3,72.1
55,77,2588.0,2674.0,86.0,-100.0,93.5,50.7
4,44,2617.0,2674.0,57.0,-100.0,90.5,70.3
32,50,2635.0,2674.0,39.0,-100.0,64.8,94.4
44,48,2654.0,2674.0,20.0,-100.0,70.3,92.8
8,43,1822.0,2675.0,853.0,-100.0,72.3,36.6
36,43,2116.0,2675.0,559.0,-100.0,64.6,36.6
11,44,2502.0,2675.0,173.0,-100.0,64.8,70.3
7,67,2566.0,2675.0,109.0,-100.1,81.9,61.8
23,38,2235.0,2676.0,441.0,-100.0,53.0,47.5
4,76,2515.0,2676.0,161.0,-100.0,90.5,74.3
28,62,2642.0,2676.0,34.0,-100.0,93.7,67.4
3,54,1641.0,2677.0,1036.0,-100.0,86.4,83.0
6,34,2365.0,2677.0,312.0,-100.0,83.5,73.0
32,79,2557.0,2678.0,121.0,-100.0,64.8,80.7
12,53,2566.0,2678.0,112.0,-100.0,63.3,82.1
50,68,2621.0,2679.0,58.0,-100.0,94.4,69.3
49,51,2514.0,2680.0,166.0,-100.0,36.9,83.4
31,32,2539.0,2680.0,141.0,-100.1,50.3,64.8
20,38,2541.0,2680.0,139.0,-100.0,56.5,47.5
71,72,2603.0,2680.0,77.0,-100.0,35.5,33.5
14,56,2637.0,2680.0,43.0,-100.0,59.7,45.1
22,76,2313.0,2681.0,368.0,-100.0,53.0,74.3
6,27,2481.0,2681.0,200.0,-100.0,83.5,48.1
51,64,2541.0,2681.0,140.0,-100.0,83.4,63.9
7,72,2583.0,2681.0,98.0,-100.1,81.9,33.5
15,59,2663.0,2681.0,18.0,-100.0,54.3,70.4
17,76,2439.0,2682.0,243.0,-100.0,46.0,74.3
32,54,2493.0,2682.0,189.0,-100.0,64.8,83.0
32,68,2540.0,2682.0,142.0,-100.0,64.8,69.3
44,54,2344.0,2683.0,339.0,-100.0,70.3,83.0
41,53,2518.0,2683.0,165.0,-100.0,76.0,82.1
23,51,2540.0,2683.0,143.0,-100.0,53.0,83.4
10,76,2545.0,2683.0,138.0,-100.0,36.7,74.3
20,45,2565.0,2683.0,118.0,-100.1,56.5,34.0
1,72,2620.0,2683.0,63.0,-100.1,92.1,33.5
0,31,2058.0,2684.0,626.0,-100.0,31.0,50.3
48,58,2558.0,2684.0,126.0,-100.0,92.8,34.0
70,73,2578.0,2684.0,106.0,-100.0,35.7,73.4
46,48,2594.0,2684.0,90.0,-100.0,78.1,92.8
31,44,2512.0,2685.0,173.0,-100.0,50.3,70.3
55,62,2527.0,2685.0,158.0,-100.0,93.5,67.4
7,29,2552.0,2685.0,133.0,-100.0,81.9,91.5
32,51,2644.0,2685.0,41.0,-100.0,64.8,83.4
4,46,2659.0,2685.0,26.0,-100.2,90.5,78.1
3,59,2652.0,2686.0,34.0,-100.0,86.4,70.4
37,55,2272.0,2687.0,415.0,-100.0,71.6,93.5
61,65,2402.0,2687.0,285.0,-100.0,66.9,80.8
29,71,2459.0,2687.0,228.0,-100.0,91.5,35.5
27,51,2572.0,2687.0,115.0,-100.0,48.1,83.4
28,37,2621.0,2687.0,66.0,-100.1,93.7,71.6
31,56,2209.0,2688.0,479.0,-100.0,50.3,45.0
17,43,2507.0,2688.0,181.0,-100.0,46.0,36.6
11,12,2513.0,2688.0,175.0,-100.0,64.8,63.3
45,51,2561.0,2688.0,127.0,-100.1,34.0,83.4
32,38,2649.0,2688.0,39.0,-99.9,64.8,47.5
6,68,1986.0,2689.0,703.0,-100.0,83.5,69.3
1,2,2246.0,2689.0,443.0,-100.0,92.0,34.2
20,51,2547.0,2689.0,142.0,-100.0,56.5,83.4
16,41,2591.0,2689.0,98.0,-100.0,72.1,75.9
4,14,2644.0,2689.0,45.0,-100.0,90.5,59.7
26,60,2447.0,2690.0,243.0,-100.0,75.3,39.3
45,64,2488.0,2690.0,202.0,-100.0,34.0,63.9
7,20,2599.0,2690.0,91.0,-100.1,81.9,56.5
26,75,2363.0,2691.0,328.0,-100.1,75.3,81.5
46,52,2433.0,2691.0,258.0,-100.0,78.1,68.9
45,69,2499.0,2691.0,192.0,-100.0,34.0,92.5
20,71,2505.0,2691.0,186.0,-100.0,56.5,35.5
7,68,2565.0,2691.0,126.0,-100.0,81.9,69.3
21,24,2581.0,2691.0,110.0,-100.0,43.6,50.2
58,59,2659.0,2691.0,32.0,-100.0,34.0,70.4
40,47,2068.0,2692.0,624.0,-100.0,41.5,33.2
39,61,2534.0,2692.0,158.0,-100.1,78.7,66.9
9,50,2616.0,2692.0,76.0,-100.0,81.8,94.4
49,70,2669.0,2692.0,23.0,-100.0,36.9,35.7
10,70,2489.0,2693.0,204.0,-100.0,36.7,35.7
26,57,2511.0,2693.0,182.0,-100.0,75.3,68.6
50,70,2563.0,2693.0,130.0,-100.1,94.4,35.7
14,47,2602.0,2693.0,91.0,-100.2,59.7,33.2
41,59,2613.0,2693.0,80.0,-100.1,75.9,70.4
48,77,2658.0,2693.0,35.0,-100.0,92.8,50.7
35,53,2432.0,2694.0,262.0,-100.0,83.6,82.1
45,49,2480.0,2694.0,214.0,-100.0,34.0,36.9
50,73,2618.0,2694.0,76.0,-100.0,94.4,73.4
9,31,2571.0,2695.0,124.0,-100.0,81.8,50.3
41,54,2591.0,2695.0,104.0,-100.0,75.9,83.0
1,45,2607.0,2695.0,88.0,-100.0,92.0,34.0
64,70,2615.0,2695.0,80.0,-100.0,63.9,35.7
4,35,2672.0,2695.0,23.0,-100.1,90.5,83.6
26,51,2487.0,2696.0,209.0,-100.1,75.3,83.4
44,67,2576.0,2696.0,120.0,-100.0,70.3,61.8
69,72,2606.0,2696.0,90.0,-100.2,92.5,33.4
7,70,2614.0,2696.0,82.0,-100.1,81.9,35.7
38,57,2661.0,2696.0,35.0,-100.0,47.5,68.6
16,44,2354.0,2697.0,343.0,-100.0,72.1,70.3
5,55,2517.0,2697.0,180.0,-100.0,95.9,93.5
0,50,2617.0,2697.0,80.0,-100.0,30.9,94.4
67,69,2475.0,2698.0,223.0,-100.0,61.8,92.5
35,54,2542.0,2698.0,156.0,-100.0,83.6,83.0
5,28,2601.0,2698.0,97.0,-100.1,95.9,93.7
66,76,2365.0,2699.0,334.0,-100.0,83.2,74.3
14,25,2467.0,2699.0,232.0,-100.0,59.7,53.9
4,78,2630.0,2699.0,69.0,-100.1,90.5,90.2
35,61,2527.0,2700.0,173.0,-100.0,83.6,66.8
32,53,2563.0,2700.0,137.0,-100.0,64.8,82.1
0,72,2607.0,2701.0,94.0,-100.0,30.9,33.4
45,75,2610.0,2701.0,91.0,-100.1,34.0,81.5
35,59,2613.0,2701.0,88.0,-100.0,83.6,70.4
14,39,2618.0,2701.0,83.0,-100.1,59.7,78.7
24,53,2667.0,2701.0,34.0,-100.0,50.2,82.1
68,73,2464.0,2702.0,238.0,-100.0,69.3,73.3
20,34,2560.0,2702.0,142.0,-100.0,56.5,73.0
6,70,2518.0,2703.0,185.0,-100.0,83.4,35.7
14,65,2543.0,2703.0,160.0,-100.0,59.7,80.8
34,71,2555.0,2703.0,148.0,-100.0,73.0,35.5
7,64,2559.0,2703.0,144.0,-100.1,81.9,63.9
32,67,2585.0,2703.0,118.0,-100.1,64.8,61.7
44,50,2630.0,2703.0,73.0,-100.0,70.3,94.4
67,73,2174.0,2704.0,530.0,-100.0,61.7,73.3
7,34,2612.0,2704.0,92.0,-100.1,81.9,73.0
7,26,2628.0,2704.0,76.0,-100.0,81.9,75.3
48,52,2637.0,2704.0,67.0,-100.0,92.8,68.9
11,68,2331.0,2705.0,374.0,-100.0,64.8,69.3
2,75,2347.0,2705.0,358.0,-100.0,34.2,81.5
4,77,2509.0,2705.0,196.0,-100.2,90.5,50.6
2,57,2493.0,2706.0,213.0,-100.0,34.2,68.6
70,71,2583.0,2706.0,123.0,-100.0,35.7,35.5
7,27,2593.0,2706.0,113.0,-100.0,81.9,48.1
4,47,2628.0,2706.0,78.0,-100.0,90.5,33.2
18,66,2521.0,2707.0,186.0,-100.0,37.1,83.2
46,65,2554.0,2707.0,153.0,-100.1,78.1,80.8
31,35,2161.0,2708.0,547.0,-100.0,50.3,83.6
34,69,2470.0,2708.0,238.0,-100.0,73.0,92.5
56,59,2634.0,2708.0,74.0,-99.9,45.0,70.4
8,76,1980.0,2709.0,729.0,-100.0,72.3,74.3
4,11,2650.0,2709.0,59.0,-99.9,90.5,64.8
13,19,2673.0,2709.0,36.0,-100.0,87.3,60.7
38,45,2464.0,2710.0,246.0,-100.0,47.5,33.9
2,51,2507.0,2710.0,203.0,-100.1,34.2,83.4
16,58,2583.0,2710.0,127.0,-100.0,72.1,33.9
40,79,2274.0,2711.0,437.0,-100.0,41.5,80.7
7,49,2540.0,2711.0,171.0,-100.0,81.9,36.9
29,32,2578.0,2711.0,133.0,-100.1,91.4,64.8
47,48,2620.0,2711.0,91.0,-100.0,33.2,92.8
44,56,2272.0,2712.0,440.0,-100.0,70.3,45.0
57,75,2521.0,2712.0,191.0,-100.0,68.6,81.5
56,77,2574.0,2712.0,138.0,-100.0,45.0,50.6
7,23,2581.0,2712.0,131.0,-100.0,81.9,52.9
2,69,2631.0,2712.0,81.0,-100.0,34.2,92.5
18,50,2672.0,2712.0,40.0,-100.0,37.1,94.4
36,76,2365.0,2713.0,348.0,-100.0,64.6,74.3
35,79,2400.0,2713.0,313.0,-100.0,83.6,80.7
0,79,2454.0,2713.0,259.0,-100.0,30.9,80.7
27,71,2504.0,2713.0,209.0,-100.0,48.1,35.5
12,79,2564.0,2713.0,149.0,-100.0,63.3,80.7
4,25,2633.0,2713.0,80.0,-100.1,90.5,53.8
24,59,2665.0,2713.0,48.0,-100.1,50.2,70.4
30,34,2473.0,2714.0,241.0,-100.0,60.9,73.0
35,41,2526.0,2714.0,188.0,-100.0,83.6,75.9
3,35,2567.0,2714.0,147.0,-100.0,86.3,83.6
9,70,2575.0,2714.0,139.0,-100.0,81.8,35.7
1,30,2579.0,2714.0,135.0,-100.0,92.0,60.9
20,32,2620.0,2714.0,94.0,-100.0,56.5,64.8
1,64,2639.0,2714.0,75.0,-100.0,92.0,63.9
31,68,2232.0,2715.0,483.0,-100.0,50.3,69.3
2,60,2465.0,2715.0,250.0,-100.0,34.2,39.3
40,77,2544.0,2715.0,171.0,-100.0,41.5,50.6
31,49,2565.0,2715.0,150.0,-100.0,50.3,36.9
1,34,2604.0,2715.0,111.0,-100.1,92.0,73.0
4,39,2614.0,2715.0,101.0,-100.0,90.5,78.7
45,60,2632.0,2715.0,83.0,-100.0,33.9,39.3
14,77,2643.0,2715.0,72.0,-100.0,59.7,50.6
50,69,2662.0,2715.0,53.0,-100.0,94.4,92.5
9,79,2571.0,2716.0,145.0,-100.0,81.8,80.7
28,36,2606.0,2716.0,110.0,-100.0,93.7,64.6
72,75,2612.0,2716.0,104.0,-100.1,33.4,81.5
25,48,2623.0,2716.0,93.0,-100.0,53.8,92.8
51,67,2615.0,2717.0,102.0,-100.0,83.3,61.7
61,76,2680.0,2717.0,37.0,-100.0,66.8,74.3
50,66,2360.0,2718.0,358.0,-100.0,94.4,83.2
35,48,2594.0,2718.0,124.0,-100.0,83.6,92.8
4,52,2638.0,2718.0,80.0,-100.0,90.5,68.8
14,40,2653.0,2718.0,65.0,-100.1,59.7,41.4
28,50,2664.0,2718.0,54.0,-100.0,93.7,94.4
0,67,2468.0,2719.0,251.0,-100.0,30.9,61.7
1,27,2596.0,2719.0,123.0,-100.0,92.0,48.1
39,48,2618.0,2719.0,101.0,-100.1,78.7,92.8
35,56,2653.0,2719.0,66.0,-100.0,83.6,45.0
64,71,2398.0,2720.0,322.0,-100.0,63.9,35.5
29,69,2495.0,2720.0,225.0,-100.0,91.4,92.5
27,69,2496.0,2720.0,224.0,-100.1,48.1,92.5
76,77,2507.0,2720.0,213.0,-100.0,74.3,50.6
51,72,2519.0,2720.0,201.0,-100.1,83.3,33.4
44,79,2539.0,2720.0,181.0,-100.0,70.3,80.7
10,66,2566.0,2720.0,154.0,-100.0,36.7,83.2
8,28,2607.0,2720.0,113.0,-100.0,72.3,93.7
7,28,2688.0,2720.0,32.0,-100.0,81.8,93.7
67,68,2490.0,2721.0,231.0,-100.0,61.7,69.2
60,72,2672.0,2721.0,49.0,-100.0,39.3,33.4
31,72,2694.0,2721.0,27.0,-100.0,50.3,33.4
29,73,2430.0,2722.0,292.0,-100.0,91.4,73.3
20,73,2580.0,2722.0,142.0,-100.0,56.5,73.3
14,78,2613.0,2722.0,109.0,-100.0,59.7,90.2
24,67,2678.0,2722.0,44.0,-100.0,50.2,61.7
30,45,2690.0,2722.0,32.0,-100.0,60.9,33.9
59,70,2704.0,2722.0,18.0,-100.0,70.4,35.7
12,16,2420.0,2723.0,303.0,-100.0,63.3,72.0
14,52,2534.0,2723.0,189.0,-100.1,59.7,68.8
43,50,2545.0,2723.0,178.0,-100.0,36.5,94.4
29,70,2565.0,2723.0,158.0,-100.0,91.4,35.7
24,74,2583.0,2723.0,140.0,-99.9,50.2,56.6
11,59,2610.0,2723.0,113.0,-100.1,64.8,70.4
20,69,2556.0,2724.0,168.0,-100.1,56.5,92.5
13,35,2582.0,2724.0,142.0,-100.0,87.3,83.6
12,44,2450.0,2725.0,275.0,-100.0,63.3,70.3
0,70,2573.0,2725.0,152.0,-100.0,30.9,35.7
15,41,2614.0,2725.0,111.0,-100.0,54.2,75.9
26,69,2616.0,2725.0,109.0,-100.0,75.3,92.5
12,14,2640.0,2725.0,85.0,-100.0,63.3,59.7
18,70,2493.0,2726.0,233.0,-100.0,37.1,35.7
7,9,2569.0,2726.0,157.0,-100.0,81.8,81.8
39,46,1713.0,2727.0,1014.0,-100.0,78.7,78.1
29,44,2551.0,2727.0,176.0,-100.0,91.4,70.3
12,77,2612.0,2727.0,115.0,-100.0,63.3,50.6
50,55,2663.0,2727.0,64.0,-100.0,94.4,93.5
25,46,2455.0,2728.0,273.0,-100.0,53.8,78.1
44,76,2626.0,2728.0,102.0,-100.0,70.3,74.3
20,44,2646.0,2728.0,82.0,-100.0,56.5,70.3
10,44,2712.0,2728.0,16.0,-100.0,36.7,70.3
24,54,2653.0,2729.0,76.0,-100.1,50.2,82.9
68,71,2668.0,2729.0,61.0,-100.0,69.2,35.5
23,69,2523.0,2730.0,207.0,-100.1,52.9,92.5
4,65,2645.0,2730.0,85.0,-100.0,90.5,80.7
17,28,2518.0,2731.0,213.0,-100.0,45.9,93.7
16,35,2553.0,2731.0,178.0,-100.1,72.0,83.6
13,58,2663.0,2731.0,68.0,-100.0,87.3,33.9
59,69,2709.0,2731.0,22.0,-100.0,70.4,92.5
12,61,2500.0,2732.0,232.0,-100.0,63.3,66.8
9,67,2506.0,2733.0,227.0,-100.0,81.8,61.7
32,69,2588.0,2733.0,145.0,-100.1,64.7,92.5
14,76,2665.0,2733.0,68.0,-100.0,59.7,74.3
4,29,2705.0,2733.0,28.0,-100.0,90.5,91.4
69,73,2482.0,2734.0,252.0,-100.1,92.5,73.3
6,10,2516.0,2734.0,218.0,-100.0,83.4,36.7
32,45,2612.0,2734.0,122.0,-100.0,64.7,33.9
26,67,2618.0,2734.0,116.0,-100.0,75.3,61.7
43,76,2448.0,2735.0,287.0,-100.0,36.5,74.3
16,59,2622.0,2735.0,113.0,-100.0,72.0,70.4
7,10,2644.0,2735.0,91.0,-100.0,81.8,36.7
7,55,2711.0,2735.0,24.0,-100.0,81.8,93.5
57,60,2400.0,2736.0,336.0,-100.0,68.6,39.3
0,7,2544.0,2736.0,192.0,-100.0,30.9,81.8
7,69,2562.0,2736.0,174.0,-100.1,81.8,92.4
12,43,2684.0,2736.0,52.0,-100.0,63.3,36.5
18,37,2460.0,2737.0,277.0,-100.0,37.0,71.6
7,66,2645.0,2737.0,92.0,-100.0,81.8,83.2
10,28,2468.0,2738.0,270.0,-100.0,36.7,93.7
64,69,2514.0,2738.0,224.0,-100.1,63.8,92.4
1,23,2588.0,2738.0,150.0,-100.0,92.0,52.9
4,79,2607.0,2738.0,131.0,-100.1,90.4,80.6
3,13,2617.0,2738.0,121.0,-100.0,86.3,87.3
23,71,2389.0,2739.0,350.0,-100.0,52.9,35.5
11,53,2452.0,2739.0,287.0,-100.0,64.8,82.0
36,55,2518.0,2739.0,221.0,-100.0,64.6,93.5
32,64,2597.0,2739.0,142.0,-100.0,64.7,63.8
4,20,2712.0,2739.0,27.0,-100.0,90.4,56.4
9,69,2529.0,2740.0,211.0,-100.0,81.8,92.4
48,65,2598.0,2740.0,142.0,-100.0,92.8,80.7
31,59,2602.0,2741.0,139.0,-100.0,50.2,70.4
41,74,2681.0,2741.0,60.0,-100.0,75.9,56.6
22,70,2268.0,2742.0,474.0,-100.0,53.0,35.6
12,48,2473.0,2742.0,269.0,-100.0,63.3,92.8
13,59,2507.0,2742.0,235.0,-100.0,87.3,70.4
20,26,2516.0,2742.0,226.0,-100.0,56.4,75.3
4,16,2653.0,2742.0,89.0,-100.0,90.4,72.0
2,32,2654.0,2742.0,88.0,-100.1,34.2,64.7
46,47,2348.0,2743.0,395.0,-100.0,78.1,33.2
49,69,2527.0,2743.0,216.0,-100.0,36.9,92.4
40,44,2546.0,2743.0,197.0,-100.0,41.4,70.3
8,55,2572.0,2744.0,172.0,-100.0,72.2,93.5
4,56,2614.0,2744.0,130.0,-100.0,90.4,45.0
48,76,2692.0,2744.0,52.0,-100.0,92.8,74.2
20,27,2517.0,2745.0,228.0,-100.0,56.4,48.0
59,79,2602.0,2745.0,143.0,-100.1,70.4,80.6
34,38,2693.0,2745.0,52.0,-100.0,72.9,47.4
32,43,2724.0,2745.0,21.0,-100.0,64.7,36.5
10,43,2580.0,2746.0,166.0,-100.0,36.7,36.5
35,58,2600.0,2746.0,146.0,-100.0,83.6,33.9
41,58,2620.0,2746.0,126.0,-100.1,75.9,33.9
9,20,2209.0,2747.0,538.0,-100.0,81.8,56.4
34,64,2552.0,2747.0,195.0,-100.0,72.9,63.8
27,32,2621.0,2747.0,126.0,-100.1,48.0,64.7
39,40,2338.0,2748.0,410.0,-100.0,78.7,41.4
0,20,2581.0,2748.0,167.0,-100.0,30.9,56.4
67,72,2601.0,2748.0,147.0,-100.1,61.7,33.4
20,72,2593.0,2749.0,156.0,-100.1,56.4,33.4
31,53,2427.0,2750.0,323.0,-100.1,50.2,82.0
55,76,2540.0,2750.0,210.0,-100.0,93.5,74.2
19,41,2665.0,2750.0,85.0,-100.1,60.7,75.9
4,76,2678.0,2750.0,72.0,-100.1,90.4,74.2
4,12,2625.0,2751.0,126.0,-100.0,90.4,63.2
38,51,2530.0,2752.0,222.0,-100.1,47.4,83.3
49,79,2590.0,2752.0,162.0,-100.0,36.9,80.6
59,67,2492.0,2753.0,261.0,-100.0,70.4,61.7
1,26,2543.0,2753.0,210.0,-100.0,92.0,75.2
31,61,2549.0,2753.0,204.0,-100.0,50.2,66.8
32,49,2595.0,2753.0,158.0,-100.0,64.7,36.9
44,70,2618.0,2753.0,135.0,-100.0,70.3,35.6
23,32,2618.0,2754.0,136.0,-100.0,52.9,64.7
28,63,2620.0,2754.0,134.0,-100.0,93.7,59.9
13,15,2674.0,2754.0,80.0,-99.9,87.3,54.2
20,59,2681.0,2754.0,73.0,-100.1,56.4,70.4
5,18,2278.0,2755.0,477.0,-99.9,95.8,37.0
12,39,2538.0,2755.0,217.0,-100.0,63.2,78.7
12,68,2541.0,2755.0,214.0,-100.0,63.2,69.2
1,9,2665.0,2755.0,90.0,-100.0,92.0,81.8
32,66,2690.0,2755.0,65.0,-100.1,64.7,83.2
37,63,2567.0,2756.0,189.0,-100.0,71.5,59.9
28,42,2610.0,2756.0,146.0,-100.0,93.7,87.5
49,67,2509.0,2757.0,248.0,-100.0,36.9,61.7
34,49,2594.0,2757.0,163.0,-100.0,72.9,36.9
7,43,2649.0,2757.0,108.0,-100.0,81.8,36.5
10,69,2720.0,2757.0,37.0,-100.1,36.7,92.4
9,71,1967.0,2758.0,791.0,-100.0,81.8,35.4
0,29,2321.0,2758.0,437.0,-100.0,30.9,91.4
38,72,2542.0,2758.0,216.0,-100.1,47.4,33.4
4,40,2590.0,2758.0,168.0,-100.1,90.4,41.4
53,56,2473.0,2759.0,286.0,-100.0,82.0,45.0
55,70,2632.0,2759.0,127.0,-100.0,93.5,35.6
59,68,2677.0,2759.0,82.0,-100.1,70.4,69.2
4,70,2681.0,2759.0,78.0,-100.2,90.4,35.6
20,23,2255.0,2760.0,505.0,-100.0,56.4,52.9
66,70,2309.0,2760.0,451.0,-100.0,83.2,35.6
37,42,2523.0,2760.0,237.0,-100.0,71.5,87.5
11,61,2554.0,2760.0,206.0,-100.0,64.8,66.8
16,67,2625.0,2760.0,135.0,-100.0,72.0,61.7
1,73,2635.0,2760.0,125.0,-100.0,92.0,73.3
1,49,2643.0,2760.0,117.0,-100.0,92.0,36.9
31,64,2552.0,2761.0,209.0,-100.0,50.2,63.8
31,48,2617.0,2761.0,144.0,-100.0,50.2,92.8
32,34,2638.0,2761.0,123.0,-100.0,64.7,72.9
48,59,2645.0,2761.0,116.0,-100.0,92.8,70.4
12,55,2686.0,2761.0,75.0,-100.0,63.2,93.5
53,67,2171.0,2762.0,591.0,-100.1,82.0,61.7
22,73,2558.0,2762.0,204.0,-100.0,53.0,73.3
29,72,2614.0,2762.0,148.0,-100.0,91.4,33.4
33,45,2663.0,2762.0,99.0,-100.0,86.6,33.9
28,71,2687.0,2762.0,75.0,-100.0,93.7,35.4
14,18,2697.0,2762.0,65.0,-100.1,59.6,37.0
2,31,2747.0,2762.0,15.0,-99.9,34.2,50.2
29,59,2458.0,2763.0,305.0,-100.2,91.4,70.4
9,29,2499.0,2763.0,264.0,-100.0,81.8,91.4
5,63,2521.0,2764.0,243.0,-100.0,95.8,59.9
45,72,2566.0,2764.0,198.0,-100.0,33.9,33.4
40,61,2572.0,2764.0,192.0,-100.0,41.4,66.8
68,76,2574.0,2764.0,190.0,-100.0,69.2,74.2
11,58,2619.0,2764.0,145.0,-100.0,64.8,33.9
3,41,2623.0,2764.0,141.0,-100.1,86.3,75.9
4,59,2668.0,2764.0,96.0,-100.0,90.4,70.4
1,28,2712.0,2764.0,52.0,-100.0,92.0,93.7
11,54,2500.0,2765.0,265.0,-100.0,64.8,82.9
2,34,2633.0,2765.0,132.0,-100.0,34.2,72.9
54,72,2681.0,2765.0,84.0,-100.0,82.9,33.4
22,32,2693.0,2765.0,72.0,-100.0,53.0,64.7
44,59,2694.0,2766.0,72.0,-100.0,70.2,70.4
23,67,2444.0,2767.0,323.0,-100.0,52.9,61.7
51,75,2543.0,2767.0,224.0,-100.1,83.3,81.4
16,31,2545.0,2767.0,222.0,-100.0,72.0,50.2
9,68,2578.0,2767.0,189.0,-100.0,81.8,69.2
14,63,2697.0,2767.0,70.0,-100.0,59.6,59.9
71,73,2488.0,2768.0,280.0,-100.0,35.4,73.3
9,22,2558.0,2768.0,210.0,-100.0,81.8,53.0
0,34,2560.0,2768.0,208.0,-100.0,30.9,72.9
43,70,2563.0,2768.0,205.0,-100.0,36.5,35.6
54,59,2615.0,2768.0,153.0,-100.0,82.9,70.4
10,22,2434.0,2769.0,335.0,-100.0,36.6,53.0
26,32,2641.0,2769.0,128.0,-100.0,75.2,64.7
40,48,2657.0,2769.0,112.0,-100.0,41.4,92.7
53,73,2679.0,2769.0,90.0,-100.0,82.0,73.3
38,59,2716.0,2769.0,53.0,-100.0,47.4,70.4
4,64,2725.0,2769.0,44.0,-100.0,90.4,63.8
17,69,2739.0,2769.0,30.0,-100.0,45.9,92.4
19,21,2471.0,2770.0,299.0,-100.0,60.7,43.5
42,43,2521.0,2770.0,249.0,-100.0,87.5,36.5
12,25,2575.0,2770.0,195.0,-100.0,63.2,53.8
14,42,2701.0,2770.0,69.0,-100.0,59.6,87.5
43,59,2738.0,2770.0,32.0,-100.0,36.5,70.4
18,28,2534.0,2771.0,237.0,-100.0,37.0,93.6
20,49,2554.0,2771.0,217.0,-100.0,56.4,36.8
44,64,2609.0,2771.0,162.0,-100.0,70.2,63.8
24,74,2745.0,2771.0,26.0,-100.0,50.2,56.5
49,71,2150.0,2772.0,622.0,-100.0,36.8,35.4
40,55,2232.0,2772.0,540.0,-100.0,41.4,93.4
12,28,2704.0,2772.0,68.0,-100.0,63.2,93.6
27,67,1874.0,2773.0,899.0,-100.0,48.0,61.7
11,67,2313.0,2773.0,460.0,-100.0,64.8,61.7
26,38,2347.0,2773.0,426.0,-100.0,75.2,47.4
15,58,2366.0,2773.0,407.0,-100.0,54.2,33.9
21,74,2473.0,2773.0,300.0,-100.0,43.5,56.5
59,61,2630.0,2773.0,143.0,-100.1,70.4,66.8
61,67,2644.0,2773.0,129.0,-100.0,66.8,61.7
4,48,2646.0,2773.0,127.0,-100.0,90.4,92.7
1,66,2674.0,2773.0,99.0,-100.0,92.0,83.2
24,58,2682.0,2773.0,91.0,-100.1,50.2,33.9
21,75,2718.0,2773.0,55.0,-100.0,43.5,81.4
4,42,2737.0,2773.0,36.0,-100.0,90.4,87.5
56,61,2278.0,2774.0,496.0,-100.0,45.0,66.8
40,43,2506.0,2774.0,268.0,-100.0,41.4,36.5
12,47,2563.0,2774.0,211.0,-100.0,63.2,33.1
4,28,2706.0,2774.0,68.0,-100.0,90.4,93.6
66,71,2637.0,2775.0,138.0,-100.0,83.2,35.4
10,55,2639.0,2775.0,136.0,-100.0,36.6,93.4
45,73,2479.0,2776.0,297.0,-100.0,33.9,73.3
17,37,2548.0,2776.0,228.0,-100.0,45.9,71.5
11,41,2565.0,2776.0,211.0,-100.0,64.7,75.9
26,45,2574.0,2776.0,202.0,-100.0,75.2,33.9
11,48,2598.0,2776.0,178.0,-100.0,64.7,92.7
5,42,2494.0,2777.0,283.0,-100.0,95.8,87.5
10,50,2575.0,2777.0,202.0,-100.0,36.6,94.3
53,59,2593.0,2777.0,184.0,-100.0,82.0,70.4
7,22,2621.0,2777.0,156.0,-100.0,81.8,52.9
1,7,2645.0,2777.0,132.0,-100.0,92.0,81.8
1,32,2660.0,2777.0,117.0,-100.0,92.0,64.7
14,17,2708.0,2777.0,69.0,-100.1,59.6,45.9
12,69,2731.0,2777.0,46.0,-100.0,63.2,92.4
4,23,2745.0,2777.0,32.0,-100.0,90.4,52.9
19,24,2565.0,2778.0,213.0,-100.1,60.7,50.1
0,54,2621.0,2778.0,157.0,-99.9,30.9,82.9
4,17,2758.0,2778.0,20.0,-100.0,90.4,45.9
13,31,2563.0,2779.0,216.0,-100.0,87.3,50.2
26,29,2650.0,2779.0,129.0,-100.0,75.2,91.4
4,18,2720.0,2779.0,59.0,-100.0,90.4,37.0
42,69,2732.0,2779.0,47.0,-100.1,87.5,92.4
26,71,2353.0,2780.0,427.0,-100.0,75.2,35.4
48,56,2612.0,2780.0,168.0,-100.1,92.7,45.0
38,60,2621.0,2780.0,159.0,-100.0,47.4,39.2
4,61,2628.0,2780.0,152.0,-100.0,90.4,66.8
28,44,2685.0,2780.0,95.0,-100.0,93.6,70.2
69,71,2532.0,2781.0,249.0,-100.0,92.4,35.4
4,68,2604.0,2781.0,177.0,-100.0,90.4,69.2
34,72,2620.0,2781.0,161.0,-100.0,72.9,33.4
23,44,2665.0,2782.0,117.0,-100.0,52.9,70.2
0,28,2716.0,2782.0,66.0,-99.9,30.9,93.6
9,38,2738.0,2782.0,44.0,-100.0,81.7,47.4
53,79,2196.0,2783.0,587.0,-100.0,82.0,80.6
9,44,2595.0,2783.0,188.0,-100.0,81.7,70.2
53,70,2680.0,2783.0,103.0,-100.0,82.0,35.6
27,53,2691.0,2783.0,92.0,-100.0,48.0,82.0
69,76,2731.0,2783.0,52.0,-100.0,92.4,74.2
63,69,2739.0,2783.0,44.0,-99.9,59.8,92.4
11,31,2332.0,2784.0,452.0,-100.0,64.7,50.2
1,69,2628.0,2784.0,156.0,-100.0,92.0,92.4
24,35,2656.0,2784.0,128.0,-100.0,50.1,83.5
4,69,2710.0,2784.0,74.0,-100.0,90.4,92.4
48,67,2711.0,2784.0,73.0,-100.0,92.7,61.7
27,72,2605.0,2785.0,180.0,-100.1,48.0,33.4
0,1,2651.0,2785.0,134.0,-100.0,30.9,92.0
61,70,2655.0,2785.0,130.0,-100.0,66.8,35.6
48,70,2684.0,2785.0,101.0,-100.0,92.7,35.6
18,62,2586.0,2786.0,200.0,-99.9,37.0,67.3
2,59,2706.0,2786.0,80.0,-100.1,34.2,70.3
20,53,2625.0,2787.0,162.0,-100.0,56.4,82.0
59,64,2688.0,2787.0,99.0,-100.0,70.3,63.8
4,66,2706.0,2787.0,81.0,-100.0,90.4,83.2
13,67,2480.0,2788.0,308.0,-100.0,87.2,61.7
22,28,2514.0,2788.0,274.0,-100.0,52.9,93.6
31,41,2540.0,2788.0,248.0,-100.2,50.2,75.8
23,34,2550.0,2788.0,238.0,-100.0,52.9,72.9
7,71,2586.0,2788.0,202.0,-100.0,81.8,35.4
2,73,2648.0,2788.0,140.0,-100.0,34.1,73.3
8,14,2697.0,2788.0,91.0,-100.1,72.2,59.6
59,66,2715.0,2788.0,73.0,-100.1,70.3,83.2
45,59,2741.0,2788.0,47.0,-100.1,33.9,70.3
12,56,2521.0,2789.0,268.0,-100.0,63.2,44.9
26,34,2621.0,2789.0,168.0,-100.0,75.2,72.9
18,69,2723.0,2789.0,66.0,-100.0,37.0,92.4
6,59,2736.0,2789.0,53.0,-100.0,83.4,70.3
65,69,2769.0,2789.0,20.0,-100.0,80.7,92.4
26,28,2772.0,2789.0,17.0,-100.0,75.2,93.6
2,45,2604.0,2790.0,186.0,-100.0,34.1,33.9
28,55,2606.0,2790.0,184.0,-100.0,93.6,93.4
35,46,2708.0,2790.0,82.0,-100.0,83.5,78.0
4,9,2727.0,2790.0,63.0,-100.0,90.4,81.7
5,17,2495.0,2791.0,296.0,-100.0,95.8,45.9
28,76,2545.0,2791.0,246.0,-100.0,93.6,74.2
7,50,2625.0,2791.0,166.0,-100.0,81.8,94.3
69,72,2764.0,2791.0,27.0,-100.0,92.4,33.3
16,54,2439.0,2792.0,353.0,-100.0,72.0,82.9
6,7,2619.0,2793.0,174.0,-100.0,83.3,81.8
10,63,2683.0,2793.0,110.0,-100.0,36.6,59.8
41,67,2709.0,2793.0,84.0,-100.0,75.8,61.7
43,73,2714.0,2793.0,79.0,-100.0,36.5,73.3
64,73,2363.0,2794.0,431.0,-100.0,63.8,73.3
62,63,2569.0,2794.0,225.0,-100.0,67.3,59.8
44,69,2674.0,2794.0,120.0,-100.0,70.2,92.4
64,67,2446.0,2795.0,349.0,-100.0,63.8,61.7
29,53,2494.0,2795.0,301.0,-100.0,91.3,82.0
2,72,2503.0,2795.0,292.0,-100.0,34.1,33.3
12,70,2651.0,2795.0,144.0,-100.0,63.2,35.6
49,59,2688.0,2795.0,107.0,-100.1,36.8,70.3
20,66,2709.0,2795.0,86.0,-99.9,56.4,83.2
28,65,2745.0,2795.0,50.0,-100.0,93.6,80.7
34,45,2581.0,2796.0,215.0,-100.0,72.9,33.9
39,65,2600.0,2796.0,196.0,-100.0,78.6,80.7
32,71,2622.0,2796.0,174.0,-100.0,64.7,35.4
68,72,2743.0,2796.0,53.0,-100.0,69.2,33.3
44,66,2653.0,2797.0,144.0,-100.1,70.2,83.1
4,49,2722.0,2797.0,75.0,-100.0,90.4,36.8
24,70,2772.0,2797.0,25.0,-100.0,50.1,35.6
50,73,2774.0,2797.0,23.0,-100.0,94.3,73.3
64,72,2554.0,2798.0,244.0,-100.1,63.8,33.3
44,48,2678.0,2798.0,120.0,-100.0,70.2,92.7
4,53,2686.0,2798.0,112.0,-100.0,90.4,82.0
15,24,2690.0,2798.0,108.0,-100.0,54.2,50.1
39,56,2336.0,2799.0,463.0,-100.0,78.6,44.9
7,44,2337.0,2799.0,462.0,-100.0,81.8,70.2
23,59,2699.0,2799.0,100.0,-100.0,52.8,70.3
20,41,2717.0,2799.0,82.0,-100.1,56.4,75.8
44,73,2540.0,2800.0,260.0,-100.0,70.2,73.2
55,63,2617.0,2800.0,183.0,-100.0,93.4,59.8
66,73,2656.0,2800.0,144.0,-100.0,83.1,73.2
20,61,2675.0,2800.0,125.0,-100.0,56.4,66.7
20,48,2703.0,2800.0,97.0,-100.0,56.4,92.7
24,56,2751.0,2800.0,49.0,-100.0,50.1,44.9
27,59,2706.0,2801.0,95.0,-100.1,48.0,70.3
41,79,2714.0,2801.0,87.0,-100.1,75.8,80.6
20,64,2530.0,2802.0,272.0,-100.0,56.4,63.8
17,62,2600.0,2803.0,203.0,-100.0,45.8,67.3
2,67,2667.0,2803.0,136.0,-100.1,34.1,61.6
66,72,2728.0,2803.0,75.0,-100.1,83.1,33.3
44,68,2497.0,2804.0,307.0,-100.0,70.2,69.2
60,75,2515.0,2804.0,289.0,-100.0,39.2,81.4
59,72,2698.0,2804.0,106.0,-100.0,70.3,33.3
26,59,2708.0,2804.0,96.0,-100.1,75.2,70.3
3,15,1972.0,2805.0,833.0,-100.0,86.2,54.2
2,20,2324.0,2805.0,481.0,-100.0,34.1,56.4
48,79,2633.0,2805.0,172.0,-100.0,92.7,80.6
23,72,2536.0,2806.0,270.0,-100.0,52.8,33.3
61,79,2574.0,2806.0,232.0,-100.0,66.7,80.6
4,43,2700.0,2806.0,106.0,-100.0,90.4,36.4
9,50,2789.0,2806.0,17.0,-100.0,81.7,94.3
8,37,2497.0,2807.0,310.0,-100.0,72.2,71.5
39,52,2574.0,2807.0,233.0,-100.0,78.6,68.7
0,71,2512.0,2808.0,296.0,-100.0,30.8,35.4
42,44,2748.0,2808.0,60.0,-100.0,87.4,70.2
48,72,2751.0,2808.0,57.0,-100.0,92.7,33.3
18,43,2474.0,2809.0,335.0,-99.9,37.0,36.4
6,28,2657.0,2809.0,152.0,-100.0,83.3,93.6
22,69,2670.0,2809.0,139.0,-100.1,52.9,92.4
28,40,2691.0,2809.0,118.0,-99.9,93.6,41.4
4,6,2725.0,2809.0,84.0,-100.1,90.4,83.3
1,4,2731.0,2809.0,78.0,-100.0,91.9,90.4
4,50,2748.0,2809.0,61.0,-100.3,90.4,94.3
29,49,2214.0,2810.0,596.0,-100.0,91.3,36.8
27,34,2302.0,2810.0,508.0,-100.0,48.0,72.9
20,54,2651.0,2810.0,159.0,-100.1,56.4,82.8
1,6,2658.0,2810.0,152.0,-100.1,91.9,83.3
1,43,2696.0,2810.0,114.0,-100.0,91.9,36.4
4,26,2747.0,2810.0,63.0,-100.0,90.4,75.2
22,66,2526.0,2811.0,285.0,-100.0,52.9,83.1
9,72,2599.0,2811.0,212.0,-100.0,81.7,33.3
0,59,2698.0,2811.0,113.0,-100.0,30.8,70.3
55,69,2705.0,2811.0,106.0,-100.0,93.4,92.4
16,41,2711.0,2811.0,100.0,-100.0,72.0,75.8
40,69,2719.0,2811.0,92.0,-100.0,41.4,92.4
29,41,2720.0,2811.0,91.0,-100.0,91.3,75.8
61,72,2732.0,2811.0,79.0,-100.0,66.7,33.3
9,45,2734.0,2811.0,77.0,-100.0,81.7,33.8
23,28,2766.0,2811.0,45.0,-100.0,52.8,93.6
44,61,2221.0,2812.0,591.0,-100.0,70.2,66.7
0,69,2488.0,2812.0,324.0,-100.0,30.8,92.4
53,54,2574.0,2812.0,238.0,-100.0,82.0,82.8
12,77,2735.0,2812.0,77.0,-100.0,63.2,50.5
28,43,2562.0,2813.0,251.0,-99.9,93.6,36.4
18,44,2714.0,2813.0,99.0,-100.0,37.0,70.2
42,62,2126.0,2814.0,688.0,-99.9,87.4,67.3
29,68,2404.0,2814.0,410.0,-99.9,91.3,69.2
6,73,2449.0,2814.0,365.0,-100.0,83.3,73.2
13,54,2578.0,2814.0,236.0,-100.0,87.2,82.8
20,68,2651.0,2814.0,163.0,-100.0,56.4,69.2
28,41,2764.0,2814.0,50.0,-100.0,93.6,75.8
16,48,2416.0,2815.0,399.0,-100.0,72.0,92.7
1,50,2656.0,2815.0,159.0,-100.1,91.9,94.3
4,22,2713.0,2815.0,102.0,-100.0,90.4,52.9
27,73,2001.0,2816.0,815.0,-100.0,48.0,73.2
10,18,2506.0,2816.0,310.0,-100.0,36.6,37.0
28,53,2726.0,2816.0,90.0,-100.1,93.6,82.0
7,72,2756.0,2816.0,60.0,-100.1,81.7,33.3
68,70,2590.0,2817.0,227.0,-100.0,69.2,35.6
28,49,2733.0,2817.0,84.0,-100.0,93.6,36.8
35,39,2750.0,2817.0,67.0,-100.0,83.5,78.6
13,23,2775.0,2817.0,42.0,-100.0,87.2,52.8
20,67,2564.0,2818.0,254.0,-100.0,56.4,61.6
38,41,2733.0,2818.0,85.0,-100.1,47.4,75.8
42,50,2760.0,2818.0,58.0,-100.0,87.4,94.3
11,29,2326.0,2819.0,493.0,-100.0,64.7,91.3
23,45,2517.0,2819.0,302.0,-100.0,52.8,33.8
42,55,2582.0,2819.0,237.0,-100.0,87.4,93.4
50,71,2616.0,2819.0,203.0,-100.0,94.3,35.4
24,31,2665.0,2819.0,154.0,-100.1,50.1,50.2
30,32,2711.0,2819.0,108.0,-100.0,60.8,64.7
9,53,2555.0,2820.0,265.0,-100.0,81.7,82.0
20,31,2639.0,2820.0,181.0,-100.0,56.4,50.2
2,79,2750.0,2820.0,70.0,-100.0,34.1,80.6
7,26,2758.0,2820.0,62.0,-100.0,81.7,75.2
5,8,2389.0,2821.0,432.0,-100.0,95.7,72.2
32,44,2484.0,2821.0,337.0,-100.1,64.7,70.2
39,77,2570.0,2821.0,251.0,-100.0,78.6,50.5
11,24,2673.0,2821.0,148.0,-100.1,64.7,50.1
13,29,2488.0,2822.0,334.0,-100.0,87.2,91.3
64,79,2565.0,2822.0,257.0,-100.0,63.8,80.6
26,27,2593.0,2822.0,229.0,-100.0,75.2,48.0
45,57,2639.0,2822.0,183.0,-100.0,33.8,68.5
43,71,2655.0,2822.0,167.0,-100.0,36.4,35.4
69,70,2683.0,2822.0,139.0,-100.0,92.4,35.6
28,48,2725.0,2822.0,97.0,-100.0,93.6,92.7
50,72,2765.0,2822.0,57.0,-100.0,94.3,33.3
49,72,2546.0,2823.0,277.0,-100.0,36.8,33.3
54,79,2579.0,2823.0,244.0,-100.0,82.8,80.6
6,71,2597.0,2823.0,226.0,-100.0,83.3,35.4
32,72,2622.0,2823.0,201.0,-100.2,64.7,33.3
10,42,2646.0,2823.0,177.0,-100.0,36.6,87.4
3,24,2647.0,2823.0,176.0,-100.0,86.2,50.1
66,79,2785.0,2823.0,38.0,-100.0,83.1,80.6
72,73,2602.0,2824.0,222.0,-100.0,33.3,73.2
12,78,2657.0,2824.0,167.0,-100.0,63.2,90.1
13,38,2784.0,2824.0,40.0,-100.0,87.2,47.3
16,29,2627.0,2825.0,198.0,-100.0,71.9,91.3
38,49,2724.0,2825.0,101.0,-100.0,47.3,36.8
17,50,2746.0,2825.0,79.0,-100.0,45.8,94.3
26,69,2768.0,2825.0,57.0,-100.0,75.2,92.4
31,79,2385.0,2826.0,441.0,-100.0,50.2,80.6
0,27,2499.0,2826.0,327.0,-100.0,30.8,48.0
27,41,2755.0,2826.0,71.0,-100.1,48.0,75.8
41,69,2772.0,2826.0,54.0,-100.1,75.8,92.4
35,69,2810.0,2826.0,16.0,-100.0,83.5,92.4
18,55,2547.0,2827.0,280.0,-100.0,37.0,93.4
1,55,2718.0,2827.0,109.0,-100.0,91.9,93.4
31,75,2776.0,2827.0,51.0,-100.0,50.2,81.4
36,63,2535.0,2828.0,293.0,-100.0,64.5,59.8
6,9,2579.0,2828.0,249.0,-100.0,83.3,81.7
53,69,2687.0,2828.0,141.0,-100.0,82.0,92.4
19,31,2706.0,2828.0,122.0,-100.0,60.6,50.2
28,61,2718.0,2828.0,110.0,-100.1,93.6,66.7
20,24,2739.0,2828.0,89.0,-100.1,56.4,50.1
44,50,2742.0,2828.0,86.0,-100.1,70.2,94.3
32,50,2743.0,2828.0,85.0,-100.0,64.7,94.3
29,48,2692.0,2829.0,137.0,-100.0,91.3,92.7
52,70,2723.0,2829.0,106.0,-100.0,68.7,35.6
6,72,2739.0,2829.0,90.0,-100.1,83.3,33.3
29,61,2630.0,2830.0,200.0,-100.0,91.3,66.7
43,72,2747.0,2830.0,83.0,-100.0,36.4,33.3
16,53,2583.0,2831.0,248.0,-100.0,71.9,82.0
13,41,2601.0,2831.0,230.0,-100.0,87.2,75.8
13,48,2678.0,2831.0,153.0,-100.0,87.2,92.7
41,54,2699.0,2831.0,132.0,-100.1,75.8,82.8
24,67,2742.0,2831.0,89.0,-100.1,50.1,61.6
18,50,2755.0,2831.0,76.0,-100.1,37.0,94.3
67,79,2197.0,2832.0,635.0,-100.0,61.6,80.5
56,69,2760.0,2833.0,73.0,-100.0,44.9,92.4
4,22,2824.0,2833.0,9.0,-100.0,90.4,52.9
27,49,2526.0,2834.0,308.0,-100.0,47.9,36.8
42,76,2607.0,2834.0,227.0,-99.9,87.4,74.2
77,78,2622.0,2834.0,212.0,-100.0,50.5,90.1
12,76,2645.0,2834.0,189.0,-100.0,63.2,74.2
31,74,2737.0,2834.0,97.0,-100.0,50.2,56.5
50,63,2807.0,2834.0,27.0,-100.0,94.3,59.8
16,61,2543.0,2835.0,292.0,-100.0,71.9,66.7
2,9,2676.0,2835.0,159.0,-100.0,34.1,81.7
4,71,2725.0,2835.0,110.0,-100.0,90.3,35.4
10,17,2248.0,2836.0,588.0,-100.1,36.6,45.8
49,73,2466.0,2836.0,370.0,-100.0,36.8,73.2
26,72,2508.0,2836.0,328.0,-100.0,75.2,33.3
31,54,2531.0,2836.0,305.0,-100.0,50.1,82.8
13,20,2694.0,2836.0,142.0,-100.0,87.2,56.3
41,75,2781.0,2836.0,55.0,-100.0,75.8,81.4
23,73,2354.0,2837.0,483.0,-100.0,52.8,73.2
43,69,2686.0,2837.0,151.0,-100.0,36.4,92.3
48,69,2725.0,2837.0,112.0,-100.0,92.7,92.3
49,69,2754.0,2837.0,83.0,-100.0,36.8,92.3
1,63,2771.0,2838.0,67.0,-100.0,91.9,59.8
2,27,2619.0,2839.0,220.0,-100.0,34.1,47.9
9,43,2636.0,2839.0,203.0,-100.0,81.7,36.4
24,79,2698.0,2839.0,141.0,-100.1,50.1,80.5
0,72,2706.0,2839.0,133.0,-100.0,30.8,33.3
2,28,2763.0,2839.0,76.0,-100.1,34.1,93.6
28,35,2791.0,2839.0,48.0,-100.1,93.6,83.5
55,66,2603.0,2840.0,237.0,-100.0,93.4,83.1
9,66,2643.0,2840.0,197.0,-100.0,81.7,83.1
26,54,2721.0,2840.0,119.0,-100.0,75.2,82.8
0,7,2742.0,2840.0,98.0,-100.0,30.8,81.7
57,59,2771.0,2840.0,69.0,-100.0,68.5,70.3
9,64,2384.0,2841.0,457.0,-100.0,81.7,63.7
25,65,2539.0,2841.0,302.0,-100.0,53.7,80.6
6,69,2666.0,2841.0,175.0,-100.0,83.3,92.3
28,70,2668.0,2841.0,173.0,-100.0,93.6,35.5
6,44,2636.0,2842.0,206.0,-100.0,83.3,70.2
2,29,2684.0,2842.0,158.0,-100.0,34.1,91.3
16,66,2757.0,2842.0,85.0,-100.0,71.9,83.1
38,48,2768.0,2842.0,74.0,-100.0,47.3,92.7
28,68,2700.0,2843.0,143.0,-100.0,93.6,69.1
13,66,2754.0,2843.0,89.0,-100.0,87.2,83.1
22,48,2759.0,2843.0,84.0,-100.0,52.9,92.7
18,76,2386.0,2844.0,458.0,-100.0,36.9,74.1
52,56,2582.0,2844.0,262.0,-100.0,68.7,44.9
52,77,2634.0,2844.0,210.0,-100.0,68.7,50.5
1,44,2696.0,2844.0,148.0,-100.1,91.9,70.2
61,69,2699.0,2844.0,145.0,-100.1,66.7,92.3
13,28,2749.0,2844.0,95.0,-100.1,87.2,93.6
41,66,2757.0,2844.0,87.0,-100.1,75.8,83.1
13,55,2813.0,2844.0,31.0,-100.0,87.2,93.4
15,69,2823.0,2844.0,21.0,-100.0,54.1,92.3
68,79,2382.0,2845.0,463.0,-100.0,69.1,80.5
27,29,2479.0,2845.0,366.0,-100.0,47.9,91.3
1,72,2754.0,2845.0,91.0,-100.0,91.9,33.3
67,75,2756.0,2845.0,89.0,-100.1,61.6,81.4
13,69,2765.0,2845.0,80.0,-100.1,87.2,92.3
28,54,2771.0,2845.0,74.0,-100.0,93.6,82.8
24,28,2772.0,2845.0,73.0,-100.0,50.1,93.6
32,53,2801.0,2845.0,44.0,-100.0,64.6,81.9
25,52,2254.0,2846.0,592.0,-100.0,53.7,68.7
65,78,2595.0,2846.0,251.0,-100.0,80.6,90.0
26,73,2617.0,2846.0,229.0,-100.0,75.2,73.2
43,44,2636.0,2846.0,210.0,-100.0,36.4,70.2
9,75,2788.0,2846.0,58.0,-100.0,81.7,81.4
28,50,2806.0,2846.0,40.0,-100.0,93.6,94.3
53,72,2678.0,2847.0,169.0,-100.0,81.9,33.3
4,72,2748.0,2847.0,99.0,-100.1,90.3,33.3
28,56,2729.0,2848.0,119.0,-100.0,93.6,44.9
28,64,2746.0,2848.0,102.0,-100.0,93.6,63.7
28,66,2571.0,2849.0,278.0,-100.0,93.6,83.1
44,49,2610.0,2849.0,239.0,-100.0,70.2,36.8
9,26,2659.0,2849.0,190.0,-100.0,81.7,75.2
16,24,2682.0,2849.0,167.0,-100.0,71.9,50.1
53,66,2705.0,2849.0,144.0,-100.0,81.9,83.1
20,35,2776.0,2849.0,73.0,-100.0,56.3,83.5
30,59,2776.0,2849.0,73.0,-100.0,60.8,70.3
27,38,2380.0,2850.0,470.0,-100.0,47.9,47.3
12,63,2728.0,2850.0,122.0,-100.0,63.1,59.8
55,72,2762.0,2850.0,88.0,-100.1,93.4,33.3
2,69,2770.0,2851.0,81.0,-100.1,34.1,92.3
23,69,2774.0,2851.0,77.0,-100.0,52.8,92.3
41,71,2844.0,2851.0,7.0,-100.0,75.8,35.3
3,11,2352.0,2852.0,500.0,-100.0,86.2,64.7
20,29,2585.0,2852.0,267.0,-100.0,56.3,91.3
12,40,2590.0,2852.0,262.0,-100.0,63.1,41.3
13,24,2644.0,2852.0,208.0,-100.0,87.2,50.1
68,69,2680.0,2852.0,172.0,-100.0,69.1,92.3
55,71,2699.0,2852.0,153.0,-100.0,93.4,35.3
45,75,2741.0,2852.0,111.0,-100.0,33.8,81.3
32,33,2784.0,2852.0,68.0,-100.0,64.6,86.5
13,61,2628.0,2853.0,225.0,-100.0,87.2,66.7
8,10,2659.0,2853.0,194.0,-100.0,72.1,36.6
41,72,2782.0,2853.0,71.0,-100.1,75.8,33.3
14,37,2711.0,2854.0,143.0,-100.1,59.5,71.4
38,45,2725.0,2854.0,129.0,-100.0,47.3,33.8
17,44,2763.0,2854.0,91.0,-100.0,45.8,70.2
22,72,2751.0,2855.0,104.0,-100.0,52.9,33.3
38,61,2768.0,2855.0,87.0,-100.0,47.3,66.7
9,49,2450.0,2856.0,406.0,-100.0,81.7,36.8
13,70,2732.0,2856.0,124.0,-100.0,87.2,35.5
18,71,2742.0,2856.0,114.0,-100.0,36.9,35.3
16,69,2761.0,2856.0,95.0,-100.0,71.9,92.3
24,69,2783.0,2856.0,73.0,-100.2,50.1,92.3
28,75,2823.0,2856.0,33.0,-99.9,93.6,81.3
23,29,1489.0,2857.0,1368.0,-100.0,52.8,91.3
8,63,2465.0,2857.0,392.0,-100.0,72.1,59.8
22,50,2568.0,2857.0,289.0,-100.0,52.9,94.3
1,22,2662.0,2857.0,195.0,-100.0,91.9,52.9
65,70,2708.0,2857.0,149.0,-100.0,80.6,35.5
42,71,2758.0,2857.0,99.0,-100.0,87.4,35.3
13,79,2579.0,2858.0,279.0,-100.0,87.2,80.5
25,77,2624.0,2858.0,234.0,-100.1,53.7,50.5
3,19,2645.0,2858.0,213.0,-100.0,86.2,60.6
24,29,2746.0,2858.0,112.0,-100.1,50.1,91.3
9,41,2766.0,2858.0,92.0,-100.1,81.7,75.8
56,68,1972.0,2859.0,887.0,-100.0,44.9,69.1
54,67,2600.0,2859.0,259.0,-100.0,82.8,61.6
33,59,2771.0,2859.0,88.0,-100.1,86.5,70.3
26,32,2772.0,2859.0,87.0,-100.0,75.1,64.6
11,69,2794.0,2859.0,65.0,-100.0,64.7,92.3
31,60,2818.0,2859.0,41.0,-100.0,50.1,39.1
5,14,2716.0,2860.0,144.0,-100.1,95.7,59.5
16,28,2742.0,2860.0,118.0,-100.0,71.9,93.6
41,73,2800.0,2860.0,60.0,-100.0,75.8,73.2
32,41,2802.0,2860.0,58.0,-100.0,64.6,75.8
35,78,2822.0,2860.0,38.0,-100.0,83.4,90.0
12,65,2604.0,2861.0,257.0,-100.0,63.1,80.6
4,44,2682.0,2861.0,179.0,-100.2,90.3,70.1
12,17,2751.0,2861.0,110.0,-100.0,63.1,45.8
28,77,2805.0,2861.0,56.0,-100.0,93.6,50.5
13,50,2798.0,2862.0,64.0,-100.0,87.2,94.3
32,73,2570.0,2863.0,293.0,-100.0,64.6,73.2
45,66,2829.0,2863.0,34.0,-100.0,33.8,83.1
6,32,2662.0,2864.0,202.0,-100.0,83.3,64.6
27,59,2854.0,2864.0,10.0,-100.0,47.9,70.3
17,55,2569.0,2865.0,296.0,-100.0,45.8,93.4
9,54,2623.0,2865.0,242.0,-99.9,81.7,82.8
48,68,2651.0,2866.0,215.0,-100.0,92.6,69.1
50,53,2772.0,2866.0,94.0,-100.1,94.3,81.9
24,38,2773.0,2866.0,93.0,-100.0,50.1,47.3
2,32,2809.0,2866.0,57.0,-100.1,34.1,64.6
16,20,2679.0,2867.0,188.0,-100.0,71.9,56.3
35,79,2772.0,2867.0,95.0,-100.0,83.4,80.5
13,76,2806.0,2867.0,61.0,-100.0,87.2,74.1
4,30,2826.0,2867.0,41.0,-100.0,90.3,60.8
64,69,2760.0,2868.0,108.0,-100.1,63.7,92.3
32,55,2788.0,2868.0,80.0,-100.0,64.6,93.4
15,28,2798.0,2868.0,70.0,-100.0,54.1,93.6
16,50,2809.0,2868.0,59.0,-100.0,71.9,94.3
4,53,2830.0,2868.0,38.0,-100.0,90.3,81.9
51,60,2568.0,2869.0,301.0,-100.0,83.2,39.1
10,71,2361.0,2870.0,509.0,-100.0,36.5,35.3
2,38,2338.0,2871.0,533.0,-100.0,34.1,47.3
66,69,2676.0,2871.0,195.0,-100.1,83.1,92.3
13,64,2728.0,2871.0,143.0,-100.0,87.2,63.7
41,44,2805.0,2871.0,66.0,-100.1,75.8,70.1
69,75,2812.0,2871.0,59.0,-100.2,92.3,81.3
10,14,2741.0,2872.0,131.0,-100.1,36.5,59.5
17,36,2532.0,2873.0,341.0,-100.0,45.8,64.4
3,74,2671.0,2873.0,202.0,-100.0,86.2,56.4
34,59,2727.0,2873.0,146.0,-100.0,72.8,70.3
20,69,2775.0,2873.0,98.0,-100.1,56.3,92.3
32,49,2786.0,2873.0,87.0,-100.0,64.6,36.7
0,32,2571.0,2874.0,303.0,-100.0,30.8,64.6
14,62,2694.0,2874.0,180.0,-100.1,59.5,67.2
54,69,2785.0,2874.0,89.0,-100.1,82.8,92.3
20,77,2817.0,2874.0,57.0,-100.1,56.3,50.5
4,41,2825.0,2874.0,49.0,-100.1,90.3,75.8
54,68,2531.0,2875.0,344.0,-100.0,82.8,69.1
11,13,2539.0,2875.0,336.0,-100.0,64.6,87.2
7,32,2551.0,2875.0,324.0,-100.1,81.7,64.6
59,73,2713.0,2875.0,162.0,-100.0,70.3,73.2
27,75,2751.0,2875.0,124.0,-100.0,47.9,81.3
21,58,2802.0,2875.0,73.0,-100.0,43.4,33.8
3,75,2867.0,2875.0,8.0,-100.0,86.2,81.3
8,17,2551.0,2876.0,325.0,-100.0,72.1,45.8
48,53,2634.0,2876.0,242.0,-100.0,92.6,81.9
26,66,2711.0,2876.0,165.0,-100.0,75.1,83.1
25,35,2747.0,2876.0,129.0,-100.0,53.7,83.4
0,50,2758.0,2877.0,119.0,-100.0,30.8,94.2
4,26,2822.0,2877.0,55.0,-100.1,90.3,75.1
9,23,2353.0,2878.0,525.0,-100.0,81.7,52.8
38,67,2695.0,2878.0,183.0,-100.0,47.3,61.6
76,77,2737.0,2878.0,141.0,-100.1,74.1,50.5
35,70,2767.0,2878.0,111.0,-100.0,83.4,35.5
11,28,2772.0,2878.0,106.0,-100.1,64.6,93.5
26,50,2772.0,2878.0,106.0,-100.1,75.1,94.2
7,57,2815.0,2878.0,63.0,-100.0,81.7,68.4
53,64,2534.0,2879.0,345.0,-100.0,81.9,63.7
9,59,2693.0,2879.0,186.0,-100.0,81.6,70.3
2,54,2704.0,2879.0,175.0,-100.0,34.1,82.8
22,24,2858.0,2879.0,21.0,-100.0,52.8,50.0
12,42,2732.0,2880.0,148.0,-100.0,63.1,87.4
1,17,2755.0,2880.0,125.0,-100.1,91.9,45.8
13,43,2776.0,2880.0,104.0,-100.0,87.1,36.4
42,53,2829.0,2880.0,51.0,-100.0,87.4,81.9
12,18,2716.0,2881.0,165.0,-100.0,63.1,36.9
50,69,2744.0,2881.0,137.0,-100.0,94.2,92.3
6,48,2756.0,2881.0,125.0,-100.0,83.3,92.6
70,77,2759.0,2881.0,122.0,-100.1,35.5,50.5
69,79,2782.0,2881.0,99.0,-100.0,92.3,80.5
29,79,2479.0,2882.0,403.0,-100.0,91.3,80.5
41,48,2732.0,2882.0,150.0,-100.0,75.8,92.6
50,55,2735.0,2882.0,147.0,-100.0,94.2,93.3
1,18,2747.0,2882.0,135.0,-100.0,91.9,36.9
1,42,2754.0,2882.0,128.0,-100.0,91.9,87.4
40,68,2056.0,2883.0,827.0,-100.0,41.3,69.1
30,34,2741.0,2883.0,142.0,-100.0,60.8,72.8
29,75,2774.0,2883.0,109.0,-100.0,91.3,81.3
48,75,2796.0,2883.0,87.0,-100.1,92.6,81.3
2,48,2744.0,2884.0,140.0,-100.0,34.1,92.6
22,63,2765.0,2884.0,119.0,-100.0,52.8,59.7
32,75,2822.0,2884.0,62.0,-100.1,64.6,81.3
16,70,2690.0,2885.0,195.0,-100.0,71.9,35.5
32,59,2731.0,2885.0,154.0,-100.1,64.6,70.2
7,30,2744.0,2885.0,141.0,-100.0,81.7,60.8
13,49,2746.0,2885.0,139.0,-100.0,87.1,36.7
45,54,2776.0,2885.0,109.0,-100.0,33.8,82.8
23,53,2673.0,2887.0,214.0,-100.0,52.8,81.9
65,76,2688.0,2887.0,199.0,-100.0,80.6,74.1
38,54,2711.0,2887.0,176.0,-100.0,47.3,82.8
18,53,2812.0,2887.0,75.0,-100.0,36.9,81.9
52,76,2675.0,2888.0,213.0,-100.0,68.7,74.1
26,48,2753.0,2888.0,135.0,-100.1,75.1,92.6
41,50,2791.0,2888.0,97.0,-100.0,75.7,94.2
2,50,2792.0,2888.0,96.0,-100.0,34.0,94.2
4,59,2820.0,2888.0,68.0,-100.1,90.3,70.2
9,32,2594.0,2889.0,295.0,-100.0,81.6,64.6
23,38,2697.0,2889.0,192.0,-100.0,52.8,47.3
52,63,2752.0,2889.0,137.0,-100.0,68.7,59.7
3,20,2758.0,2889.0,131.0,-100.0,86.2,56.3
16,43,2797.0,2889.0,92.0,-99.9,71.9,36.4
4,49,2834.0,2889.0,55.0,-100.0,90.3,36.7
36,42,2050.0,2890.0,840.0,-100.0,64.4,87.4
40,70,2598.0,2890.0,292.0,-100.0,41.3,35.5
0,66,2649.0,2890.0,241.0,-100.0,30.7,83.1
48,64,2721.0,2890.0,169.0,-100.0,92.6,63.7
17,71,2759.0,2890.0,131.0,-100.0,45.8,35.3
12,14,2824.0,2890.0,66.0,-100.0,63.1,59.5
11,35,2503.0,2891.0,388.0,-100.0,64.6,83.4
13,53,2555.0,2891.0,336.0,-100.0,87.1,81.9
16,76,2765.0,2891.0,126.0,-100.0,71.9,74.1
24,27,2809.0,2891.0,82.0,-100.0,50.0,47.9
6,35,2878.0,2891.0,13.0,-100.0,83.2,83.4
9,27,2493.0,2892.0,399.0,-100.0,81.6,47.9
21,51,2680.0,2892.0,212.0,-100.0,43.4,83.2
27,61,2756.0,2892.0,136.0,-100.0,47.9,66.7
49,50,2772.0,2893.0,121.0,-100.0,36.7,94.2
48,50,2783.0,2893.0,110.0,-100.1,92.6,94.2
32,43,2791.0,2893.0,102.0,-100.0,64.6,36.4
8,65,2793.0,2893.0,100.0,-100.0,72.1,80.6
24,32,2829.0,2893.0,64.0,-100.1,50.0,64.6
48,59,2832.0,2893.0,61.0,-100.1,92.6,70.2
2,66,2725.0,2894.0,169.0,-100.1,34.0,83.1
50,68,2776.0,2894.0,118.0,-100.1,94.2,69.1
28,51,2856.0,2894.0,38.0,-100.0,93.5,83.2
29,64,2011.0,2895.0,884.0,-100.0,91.2,63.7
32,48,2804.0,2895.0,91.0,-100.0,64.6,92.6
32,61,2805.0,2895.0,90.0,-100.0,64.6,66.7
14,71,2834.0,2895.0,61.0,-100.0,59.5,35.3
24,41,2655.0,2896.0,241.0,-100.2,50.0,75.7
14,36,2692.0,2896.0,204.0,-100.0,59.5,64.4
18,36,2480.0,2897.0,417.0,-100.0,36.9,64.4
24,50,2810.0,2897.0,87.0,-100.1,50.0,94.2
47,52,1957.0,2898.0,941.0,-100.0,33.0,68.7
27,64,2418.0,2899.0,481.0,-100.0,47.9,63.7
27,45,2534.0,2899.0,365.0,-100.0,47.9,33.8
7,59,2762.0,2899.0,137.0,-100.0,81.7,70.2
0,41,2766.0,2899.0,133.0,-100.2,30.7,75.7
24,68,2773.0,2899.0,126.0,-100.0,50.0,69.1
24,75,2798.0,2899.0,101.0,-100.0,50.0,81.3
8,14,2808.0,2899.0,91.0,-100.0,72.1,59.5
41,66,2855.0,2899.0,44.0,-100.0,75.7,83.0
6,53,2736.0,2900.0,164.0,-100.0,83.2,81.9
28,79,2752.0,2900.0,148.0,-100.0,93.5,80.5
50,75,2825.0,2900.0,75.0,-100.2,94.2,81.3
38,50,2826.0,2900.0,74.0,-100.0,47.3,94.2
50,59,2850.0,2900.0,50.0,-100.2,94.2,70.2
0,4,2717.0,2901.0,184.0,-100.1,30.7,90.3
48,66,2725.0,2901.0,176.0,-100.0,92.6,83.0
71,72,2751.0,2901.0,150.0,-100.0,35.3,33.2
27,48,2772.0,2901.0,129.0,-100.0,47.9,92.6
38,69,2797.0,2901.0,104.0,-100.0,47.3,92.3
22,61,2733.0,2902.0,169.0,-100.0,52.8,66.6
4,73,2755.0,2902.0,147.0,-100.1,90.3,73.1
54,75,2762.0,2902.0,140.0,-100.0,82.8,81.3
32,34,2778.0,2902.0,124.0,-100.0,64.6,72.8
41,55,2791.0,2902.0,111.0,-100.1,75.7,93.3
6,24,2808.0,2902.0,94.0,-100.1,83.2,50.0
47,77,2609.0,2903.0,294.0,-100.0,33.0,50.5
49,54,2612.0,2903.0,291.0,-100.0,36.7,82.8
41,53,2729.0,2903.0,174.0,-100.0,75.7,81.9
41,61,2734.0,2903.0,169.0,-100.0,75.7,66.6
4,7,2754.0,2903.0,149.0,-100.2,90.3,81.7
55,66,2841.0,2903.0,62.0,-100.0,93.3,83.0
24,59,2846.0,2903.0,57.0,-100.3,50.0,70.2
22,72,2883.0,2903.0,20.0,-99.9,52.8,33.2
22,71,2573.0,2904.0,331.0,-100.0,52.8,35.3
20,56,2738.0,2904.0,166.0,-100.0,56.3,44.8
50,61,2779.0,2904.0,125.0,-100.0,94.2,66.6
24,66,2783.0,2904.0,121.0,-100.0,50.0,83.0
70,78,2797.0,2904.0,107.0,-100.0,35.5,90.0
17,52,2818.0,2904.0,86.0,-100.0,45.7,68.7
0,75,2826.0,2904.0,78.0,-100.0,30.7,81.3
4,43,2838.0,2904.0,66.0,-100.0,90.3,36.3
0,6,2476.0,2905.0,429.0,-100.0,30.7,83.2
6,50,2570.0,2905.0,335.0,-100.0,83.2,94.2
29,54,2603.0,2905.0,302.0,-100.0,91.2,82.8
49,66,2683.0,2905.0,222.0,-100.0,36.7,83.0
32,64,2809.0,2905.0,96.0,-100.1,64.6,63.7
54,59,2855.0,2905.0,50.0,-100.1,82.8,70.2
48,49,2725.0,2906.0,181.0,-100.0,92.6,36.7
7,33,2779.0,2906.0,127.0,-100.0,81.7,86.5
1,14,2818.0,2906.0,88.0,-100.0,91.8,59.5
77,79,2820.0,2906.0,86.0,-100.0,50.4,80.5
0,59,2822.0,2906.0,84.0,-100.0,30.7,70.2
53,59,2843.0,2906.0,63.0,-100.0,81.9,70.2
24,64,2776.0,2907.0,131.0,-100.0,50.0,63.7
23,32,2789.0,2907.0,118.0,-100.0,52.7,64.6
52,78,2318.0,2908.0,590.0,-100.0,68.6,90.0
20,28,2751.0,2908.0,157.0,-100.0,56.3,93.5
38,66,2774.0,2908.0,134.0,-100.0,47.3,83.0
6,13,2790.0,2908.0,118.0,-100.1,83.2,87.1
51,67,2800.0,2908.0,108.0,-100.0,83.2,61.5
32,57,2824.0,2908.0,84.0,-100.0,64.6,68.4
4,55,2703.0,2909.0,206.0,-100.1,90.3,93.3
7,9,2755.0,2909.0,154.0,-100.0,81.7,81.6
15,20,2766.0,2909.0,143.0,-100.0,54.0,56.3
63,70,2784.0,2909.0,125.0,-100.0,59.7,35.5
66,75,2794.0,2909.0,115.0,-100.0,83.0,81.3
45,51,2816.0,2909.0,93.0,-100.0,33.7,83.2
2,24,2776.0,2910.0,134.0,-100.0,34.0,50.0
14,52,2850.0,2910.0,60.0,-100.0,59.5,68.6
2,35,2881.0,2910.0,29.0,-100.0,34.0,83.4
43,53,2717.0,2911.0,194.0,-100.0,36.3,81.9
51,69,2845.0,2911.0,66.0,-100.1,83.1,92.3
53,75,2850.0,2911.0,61.0,-100.0,81.9,81.3
11,77,2795.0,2912.0,117.0,-100.0,64.6,50.4
55,75,2847.0,2912.0,65.0,-100.0,93.3,81.3
59,66,2850.0,2912.0,62.0,-100.0,70.2,83.0
20,38,2705.0,2913.0,208.0,-100.0,56.3,47.3
2,63,2859.0,2913.0,54.0,-100.0,34.0,59.7
61,75,2801.0,2914.0,113.0,-100.1,66.6,81.3
35,68,2827.0,2914.0,87.0,-100.0,83.4,69.1
4,23,2846.0,2914.0,68.0,-100.0,90.3,52.7
4,24,2853.0,2914.0,61.0,-100.0,90.3,50.0
24,26,2808.0,2915.0,107.0,-100.1,50.0,75.1
22,35,2873.0,2915.0,42.0,-100.0,52.8,83.4
23,48,2744.0,2916.0,172.0,-100.0,52.7,92.6
66,68,2655.0,2917.0,262.0,-100.0,83.0,69.1
43,48,2730.0,2917.0,187.0,-100.0,36.3,92.6
43,50,2741.0,2917.0,176.0,-99.9,36.3,94.2
24,54,2744.0,2917.0,173.0,-100.0,50.0,82.7
38,59,2891.0,2917.0,26.0,-100.1,47.3,70.2
0,64,2395.0,2918.0,523.0,-100.0,30.7,63.7
22,55,2652.0,2918.0,266.0,-100.0,52.8,93.3
6,55,2663.0,2918.0,255.0,-100.0,83.2,93.3
24,53,2784.0,2918.0,134.0,-100.0,50.0,81.9
4,61,2840.0,2918.0,78.0,-100.0,90.3,66.6
25,63,2876.0,2918.0,42.0,-100.0,53.6,59.7
7,73,2545.0,2919.0,374.0,-100.1,81.6,73.1
1,10,2723.0,2919.0,196.0,-100.1,91.8,36.5
35,59,2901.0,2919.0,18.0,-100.0,83.4,70.2
52,65,2415.0,2920.0,505.0,-100.0,68.6,80.6
26,41,2764.0,2920.0,156.0,-100.1,75.1,75.7
50,64,2789.0,2920.0,131.0,-100.0,94.2,63.7
58,67,2829.0,2920.0,91.0,-100.0,33.7,61.5
4,33,2840.0,2920.0,80.0,-100.0,90.3,86.5
61,66,2701.0,2921.0,220.0,-100.0,66.6,83.0
3,67,2743.0,2921.0,178.0,-100.0,86.1,61.5
19,28,2854.0,2922.0,68.0,-100.0,60.5,93.5
23,27,2416.0,2923.0,507.0,-100.0,52.7,47.9
6,61,2742.0,2923.0,181.0,-100.0,83.2,66.6
56,77,2746.0,2923.0,177.0,-100.0,44.8,50.4
41,49,2751.0,2923.0,172.0,-100.0,75.7,36.7
23,41,2754.0,2923.0,169.0,-100.0,52.7,75.7
3,45,2862.0,2923.0,61.0,-100.0,86.1,33.7
53,61,2585.0,2924.0,339.0,-100.0,81.9,66.6
41,43,2775.0,2924.0,149.0,-100.0,75.7,36.3
22,41,2794.0,2924.0,130.0,-100.0,52.8,75.7
3,69,2818.0,2924.0,106.0,-100.1,86.1,92.3
1,5,2835.0,2924.0,89.0,-100.0,91.8,95.6
7,48,2845.0,2924.0,79.0,-100.1,81.6,92.6
58,69,2855.0,2924.0,69.0,-100.0,33.7,92.3
34,50,2906.0,2924.0,18.0,-100.0,72.8,94.2
26,64,2212.0,2925.0,713.0,-100.0,75.1,63.7
44,71,2648.0,2925.0,277.0,-100.0,70.1,35.3
13,56,2708.0,2925.0,217.0,-100.0,87.1,44.8
13,68,2716.0,2925.0,209.0,-100.0,87.1,69.0
21,31,2758.0,2925.0,167.0,-100.0,43.4,50.1
23,50,2787.0,2925.0,138.0,-100.0,52.7,94.2
26,72,2891.0,2925.0,34.0,-100.0,75.1,33.2
51,59,2900.0,2925.0,25.0,-100.0,83.1,70.2
3,79,2750.0,2926.0,176.0,-100.0,86.1,80.5
23,24,2793.0,2926.0,133.0,-100.0,52.7,50.0
32,69,2917.0,2926.0,9.0,-100.0,64.6,92.3
7,34,2774.0,2927.0,153.0,-100.0,81.6,72.8
13,63,2808.0,2927.0,119.0,-100.1,87.1,59.7
4,48,2836.0,2927.0,91.0,-100.1,90.3,92.6
59,63,2895.0,2927.0,32.0,-100.1,70.2,59.7
13,41,2860.0,2928.0,68.0,-100.0,87.1,75.7
3,50,2868.0,2928.0,60.0,-100.0,86.1,94.2
22,43,2552.0,2929.0,377.0,-100.0,52.8,36.3
48,54,2680.0,2929.0,249.0,-100.0,92.6,82.7
26,61,2736.0,2929.0,193.0,-100.0,75.1,66.6
35,77,2769.0,2929.0,160.0,-100.0,83.4,50.4
2,41,2742.0,2930.0,188.0,-100.0,34.0,75.7
38,77,2855.0,2930.0,75.0,-100.1,47.2,50.4
2,61,2730.0,2931.0,201.0,-100.0,34.0,66.6
59,61,2838.0,2931.0,93.0,-100.0,70.2,66.6
32,51,2868.0,2931.0,63.0,-100.1,64.5,83.1
32,67,2912.0,2931.0,19.0,-100.0,64.5,61.5
53,55,2745.0,2932.0,187.0,-100.1,81.9,93.3
15,77,2796.0,2932.0,136.0,-100.0,54.0,50.4
24,43,2806.0,2932.0,126.0,-100.0,50.0,36.3
6,54,2818.0,2932.0,114.0,-100.0,83.2,82.7
40,77,2747.0,2933.0,186.0,-100.0,41.2,50.4
26,55,2768.0,2933.0,165.0,-100.0,75.1,93.3
41,59,2830.0,2933.0,103.0,-100.0,75.7,70.2
28,74,2840.0,2933.0,93.0,-100.0,93.5,56.4
1,37,2856.0,2933.0,77.0,-100.0,91.8,71.4
14,53,2870.0,2933.0,63.0,-100.0,59.5,81.8
2,55,2794.0,2934.0,140.0,-100.0,34.0,93.3
1,8,2805.0,2934.0,129.0,-100.0,91.8,72.0
55,59,2836.0,2934.0,98.0,-100.0,93.3,70.2
9,30,2852.0,2934.0,82.0,-100.0,81.6,60.7
32,45,2874.0,2934.0,60.0,-100.1,64.5,33.7
29,32,2888.0,2934.0,46.0,-100.0,91.2,64.5
15,70,2781.0,2935.0,154.0,-100.0,54.0,35.4
1,62,2834.0,2935.0,101.0,-100.0,91.8,67.1
50,51,2865.0,2935.0,70.0,-100.2,94.2,83.1
53,71,2778.0,2936.0,158.0,-100.0,81.8,35.3
14,47,2920.0,2936.0,16.0,-100.0,59.5,33.0
26,43,2743.0,2937.0,194.0,-100.0,75.1,36.3
31,51,2798.0,2937.0,139.0,-100.0,50.0,83.1
21,32,2912.0,2937.0,25.0,-100.0,43.3,64.5
8,42,2238.0,2938.0,700.0,-100.0,72.0,87.3
38,75,2609.0,2938.0,329.0,-100.0,47.2,81.3
63,76,2699.0,2938.0,239.0,-100.0,59.7,74.0
38,68,2812.0,2938.0,126.0,-100.0,47.2,69.0
27,51,2847.0,2938.0,91.0,-100.0,47.8,83.1
13,14,2867.0,2938.0,71.0,-100.1,87.1,59.5
53,72,2870.0,2938.0,68.0,-100.1,81.8,33.2
61,68,2552.0,2939.0,387.0,-100.0,66.6,69.0
55,68,2686.0,2939.0,253.0,-100.0,93.3,69.0
24,49,2793.0,2939.0,146.0,-100.0,50.0,36.7
4,9,2829.0,2939.0,110.0,-100.1,90.2,81.6
45,50,2888.0,2939.0,51.0,-100.0,33.7,94.2
60,69,2902.0,2939.0,37.0,-100.1,39.1,92.2
11,20,2692.0,2940.0,248.0,-100.0,64.6,56.2
35,52,2822.0,2940.0,118.0,-100.1,83.4,68.6
43,75,2826.0,2940.0,114.0,-100.0,36.3,81.3
6,26,2720.0,2941.0,221.0,-100.0,83.2,75.1
13,77,2800.0,2941.0,141.0,-100.1,87.1,50.4
17,35,2853.0,2941.0,88.0,-100.0,45.7,83.4
63,77,2792.0,2942.0,150.0,-100.0,59.7,50.4
14,35,2871.0,2942.0,71.0,-100.1,59.5,83.4
41,77,2873.0,2942.0,69.0,-100.0,75.7,50.4
41,51,2910.0,2942.0,32.0,-100.0,75.7,83.1
23,26,2271.0,2943.0,672.0,-100.0,52.7,75.1
23,59,2837.0,2943.0,106.0,-100.0,52.7,70.2
43,59,2841.0,2943.0,102.0,-100.0,36.3,70.2
41,64,2737.0,2944.0,207.0,-100.0,75.7,63.6
47,70,2744.0,2944.0,200.0,-100.0,33.0,35.4
23,75,2776.0,2944.0,168.0,-100.0,52.7,81.3
4,34,2840.0,2944.0,104.0,-100.0,90.2,72.7
6,59,2847.0,2944.0,97.0,-100.0,83.2,70.2
59,64,2849.0,2944.0,95.0,-100.0,70.2,63.6
0,68,2132.0,2945.0,813.0,-100.0,30.7,69.0
6,22,2435.0,2946.0,511.0,-100.0,83.2,52.8
61,64,2678.0,2946.0,268.0,-100.0,66.6,63.6
7,24,2862.0,2946.0,84.0,-100.0,81.6,50.0
24,34,2868.0,2946.0,78.0,-100.1,50.0,72.7
21,28,2905.0,2946.0,41.0,-100.0,43.3,93.5
50,67,2910.0,2946.0,36.0,-100.0,94.2,61.5
41,68,2749.0,2947.0,198.0,-100.0,75.7,69.0
2,43,2760.0,2947.0,187.0,-100.0,34.0,36.3
55,64,2787.0,2947.0,160.0,-100.0,93.3,63.6
35,65,2790.0,2947.0,157.0,-100.0,83.4,80.5
17,41,2854.0,2947.0,93.0,-100.0,45.7,75.7
14,40,2869.0,2948.0,79.0,-100.0,59.4,41.2
41,65,2876.0,2948.0,72.0,-100.0,75.7,80.5
14,59,2893.0,2948.0,55.0,-100.2,59.4,70.2
21,50,2927.0,2948.0,21.0,-100.1,43.3,94.2
16,79,2589.0,2949.0,360.0,-100.0,71.8,80.4
14,26,2878.0,2949.0,71.0,-100.0,59.4,75.1
11,14,2931.0,2949.0,18.0,-100.0,64.6,59.4
56,65,2609.0,2950.0,341.0,-100.0,44.8,80.5
7,43,2873.0,2950.0,77.0,-100.0,81.6,36.3
47,65,2569.0,2951.0,382.0,-100.0,33.0,80.5
38,64,2701.0,2951.0,250.0,-100.0,47.2,63.6
8,12,2741.0,2951.0,210.0,-100.0,72.0,63.0
13,35,2785.0,2951.0,166.0,-100.1,87.1,83.4
7,72,2890.0,2951.0,61.0,-100.2,81.6,33.2
49,72,2911.0,2951.0,40.0,-100.0,36.7,33.2
0,22,2537.0,2952.0,415.0,-100.0,30.7,52.8
38,51,2834.0,2952.0,118.0,-100.0,47.2,83.1
2,64,2629.0,2953.0,324.0,-100.0,34.0,63.6
42,52,2779.0,2953.0,174.0,-100.0,87.3,68.6
7,55,2859.0,2953.0,94.0,-100.1,81.6,93.3
7,61,2859.0,2953.0,94.0,-100.0,81.6,66.6
7,23,2866.0,2953.0,87.0,-100.0,81.6,52.7
2,6,2750.0,2954.0,204.0,-100.0,34.0,83.2
34,48,2850.0,2954.0,104.0,-100.1,72.7,92.6
14,22,2854.0,2954.0,100.0,-100.1,59.4,52.8
41,75,2854.0,2954.0,100.0,-100.0,75.7,81.2
16,59,2885.0,2954.0,69.0,-100.1,71.8,70.2
0,48,2736.0,2955.0,219.0,-100.0,30.7,92.6
2,14,2881.0,2955.0,74.0,-100.0,34.0,59.4
31,66,2921.0,2955.0,34.0,-100.0,50.0,83.0
29,51,2827.0,2956.0,129.0,-100.0,91.2,83.1
9,24,2841.0,2956.0,115.0,-100.0,81.6,50.0
42,59,2899.0,2956.0,57.0,-100.1,87.3,70.2
3,41,2911.0,2956.0,45.0,-100.0,86.1,75.7
2,23,2607.0,2957.0,350.0,-100.0,34.0,52.7
0,26,2637.0,2957.0,320.0,-100.0,30.7,75.0
64,75,2782.0,2957.0,175.0,-100.0,63.6,81.2
18,41,2873.0,2957.0,84.0,-100.0,36.8,75.7
51,63,2950.0,2957.0,7.0,-100.0,83.1,59.7
56,70,2648.0,2958.0,310.0,-100.0,44.8,35.4
63,68,2804.0,2958.0,154.0,-100.0,59.7,69.0
13,47,2840.0,2958.0,118.0,-100.0,87.1,33.0
0,53,2487.0,2959.0,472.0,-100.0,30.7,81.8
29,50,2837.0,2959.0,122.0,-100.0,91.2,94.2
0,2,2668.0,2960.0,292.0,-100.0,30.7,34.0
33,34,2681.0,2960.0,279.0,-100.0,86.4,72.7
18,59,2898.0,2960.0,62.0,-100.0,36.8,70.2
14,15,2908.0,2960.0,52.0,-100.0,59.4,54.0
1,12,2815.0,2961.0,146.0,-100.0,91.8,63.0
14,56,2907.0,2961.0,54.0,-100.0,59.4,44.8
63,65,2758.0,2962.0,204.0,-100.0,59.7,80.5
51,66,2857.0,2962.0,105.0,-100.0,83.1,83.0
8,35,2871.0,2962.0,91.0,-100.0,72.0,83.3
44,72,2740.0,2963.0,223.0,-100.0,70.0,33.2
6,41,2777.0,2963.0,186.0,-100.1,83.2,75.7
14,18,2835.0,2963.0,128.0,-100.0,59.4,36.8
59,68,2859.0,2963.0,104.0,-100.0,70.2,69.0
4,57,2864.0,2963.0,99.0,-100.1,90.2,68.3
41,42,2876.0,2963.0,87.0,-100.0,75.7,87.3
14,49,2891.0,2963.0,72.0,-100.1,59.4,36.7
28,45,2901.0,2963.0,62.0,-100.1,93.5,33.7
8,18,2537.0,2964.0,427.0,-100.0,72.0,36.8
31,45,2821.0,2964.0,143.0,-100.0,50.0,33.7
13,17,2832.0,2964.0,132.0,-100.1,87.1,45.7
63,75,2881.0,2964.0,83.0,-100.0,59.7,81.2
14,75,2893.0,2964.0,71.0,-100.2,59.4,81.2
24,44,2907.0,2964.0,57.0,-100.0,50.0,70.0
0,59,2908.0,2964.0,56.0,-100.0,30.7,70.2
6,66,2553.0,2965.0,412.0,-100.0,83.2,83.0
13,65,2798.0,2965.0,167.0,-100.0,87.1,80.5
35,75,2895.0,2965.0,70.0,-100.0,83.3,81.2
14,41,2881.0,2966.0,85.0,-100.0,59.4,75.7
32,57,2937.0,2966.0,29.0,-100.0,64.5,68.3
6,75,2826.0,2967.0,141.0,-100.0,83.2,81.2
21,29,2877.0,2967.0,90.0,-100.0,43.3,91.2
55,77,2949.0,2968.0,19.0,-100.0,93.3,50.4
17,63,2528.0,2969.0,441.0,-100.0,45.7,59.6
23,66,2690.0,2969.0,279.0,-100.0,52.7,83.0
18,52,2772.0,2969.0,197.0,-100.0,36.8,68.6
14,42,2831.0,2969.0,138.0,-100.1,59.4,87.3
59,75,2852.0,2969.0,117.0,-100.0,70.2,81.2
16,41,2871.0,2969.0,98.0,-100.0,71.8,75.7
61,77,2953.0,2969.0,16.0,-100.0,66.6,50.4
51,54,2840.0,2970.0,130.0,-100.1,83.1,82.7
17,59,2882.0,2970.0,88.0,-100.0,45.7,70.2
13,59,2887.0,2971.0,84.0,-100.0,87.1,70.2
1,36,2800.0,2972.0,172.0,-100.0,91.8,64.3
59,77,2882.0,2972.0,90.0,-100.0,70.2,50.4
40,41,2893.0,2972.0,79.0,-100.0,41.2,75.7
40,76,2506.0,2973.0,467.0,-100.0,41.2,74.0
0,7,2846.0,2973.0,127.0,-100.1,30.7,81.6
59,65,2892.0,2973.0,81.0,-100.0,70.2,80.5
40,63,2737.0,2974.0,237.0,-100.0,41.2,59.6
29,45,2811.0,2974.0,163.0,-100.0,91.2,33.7
0,34,2864.0,2974.0,110.0,-100.0,30.7,72.7
0,23,2483.0,2975.0,492.0,-100.0,30.7,52.7
40,52,2644.0,2975.0,331.0,-100.0,41.2,68.6
15,76,2824.0,2975.0,151.0,-100.0,54.0,74.0
14,65,2855.0,2975.0,120.0,-100.0,59.4,80.5
4,54,2871.0,2975.0,104.0,-100.0,90.2,82.7
14,16,2885.0,2975.0,90.0,-100.1,59.4,71.8
64,66,2688.0,2976.0,288.0,-100.0,63.6,83.0
6,49,2692.0,2976.0,284.0,-100.0,83.2,36.6
16,35,2752.0,2976.0,224.0,-100.0,71.8,83.3
49,75,2802.0,2976.0,174.0,-100.0,36.6,81.2
31,67,2453.0,2977.0,524.0,-100.0,50.0,61.5
51,75,2881.0,2977.0,96.0,-100.0,83.1,81.2
49,55,2755.0,2978.0,223.0,-100.0,36.6,93.2
13,42,2825.0,2978.0,153.0,-100.0,87.1,87.3
18,35,2838.0,2978.0,140.0,-100.0,36.8,83.3
75,77,2862.0,2978.0,116.0,-100.1,81.2,50.4
21,69,2868.0,2978.0,110.0,-100.0,43.3,92.2
15,41,2899.0,2978.0,79.0,-100.1,54.0,75.7
34,72,2939.0,2978.0,39.0,-100.0,72.7,33.2
13,16,2586.0,2979.0,393.0,-100.0,87.1,71.8
40,65,2659.0,2979.0,320.0,-100.0,41.2,80.5
28,38,2796.0,2980.0,184.0,-100.0,93.4,47.2
0,43,2657.0,2981.0,324.0,-100.0,30.7,36.3
37,71,2945.0,2981.0,36.0,-100.0,71.3,35.2
49,59,2838.0,2982.0,144.0,-100.0,36.6,70.1
35,42,2841.0,2982.0,141.0,-100.0,83.3,87.3
18,63,2527.0,2983.0,456.0,-100.0,36.8,59.6
49,61,2682.0,2983.0,301.0,-100.0,36.6,66.6
14,17,2825.0,2983.0,158.0,-100.0,59.4,45.7
68,75,2827.0,2983.0,156.0,-100.0,69.0,81.2
23,61,2717.0,2984.0,267.0,-100.0,52.7,66.6
29,38,2720.0,2984.0,264.0,-100.0,91.2,47.2
35,63,2820.0,2984.0,164.0,-100.0,83.3,59.6
45,69,2853.0,2984.0,131.0,-100.1,33.7,92.2
44,55,2672.0,2985.0,313.0,-100.0,70.0,93.2
15,79,2746.0,2985.0,239.0,-100.0,54.0,80.4
13,22,2811.0,2985.0,174.0,-100.0,87.0,52.7
15,63,2853.0,2985.0,132.0,-100.0,54.0,59.6
1,52,2858.0,2985.0,127.0,-100.0,91.8,68.6
4,50,2875.0,2985.0,110.0,-100.0,90.2,94.1
14,77,2886.0,2985.0,99.0,-100.0,59.4,50.4
54,66,2746.0,2986.0,240.0,-100.0,82.7,83.0
3,38,2788.0,2986.0,198.0,-100.0,86.1,47.2
18,77,2825.0,2986.0,161.0,-100.0,36.8,50.4
44,59,2923.0,2986.0,63.0,-100.0,70.0,70.1
14,51,2927.0,2987.0,60.0,-100.2,59.4,83.1
1,42,2893.0,2988.0,95.0,-100.0,91.7,87.3
41,47,2912.0,2988.0,76.0,-100.0,75.6,32.9
7,77,2920.0,2988.0,68.0,-99.9,81.6,50.4
13,18,2819.0,2989.0,170.0,-100.0,87.0,36.8
42,77,2836.0,2989.0,153.0,-100.0,87.3,50.4
14,68,2884.0,2989.0,105.0,-100.0,59.4,69.0
11,75,2967.0,2989.0,22.0,-100.0,64.5,81.2
54,64,2633.0,2990.0,357.0,-100.0,82.7,63.6
16,63,2814.0,2990.0,176.0,-100.0,71.8,59.6
53,77,2918.0,2990.0,72.0,-100.0,81.8,50.4
14,38,2923.0,2990.0,67.0,-100.1,59.4,47.2
39,47,2301.0,2991.0,690.0,-100.0,78.5,32.9
27,57,2746.0,2991.0,245.0,-100.0,47.8,68.3
43,66,2537.0,2992.0,455.0,-100.0,36.3,83.0
26,77,2882.0,2992.0,110.0,-100.0,75.0,50.4
10,71,2929.0,2992.0,63.0,-100.0,36.4,35.2
1,77,2954.0,2992.0,38.0,-100.0,91.7,50.4
34,61,2870.0,2993.0,123.0,-100.0,72.7,66.6
13,40,2774.0,2994.0,220.0,-99.9,87.0,41.2
34,57,2681.0,2995.0,314.0,-100.0,72.7,68.3
50,66,2764.0,2995.0,231.0,-100.1,94.1,83.0
15,46,2797.0,2995.0,198.0,-100.0,54.0,77.8
28,67,2815.0,2995.0,180.0,-100.0,93.4,61.5
2,77,2852.0,2995.0,143.0,-100.1,33.9,50.4
34,49,2919.0,2995.0,76.0,-100.0,72.7,36.6
47,63,2820.0,2996.0,176.0,-100.0,32.9,59.6
46,76,2866.0,2996.0,130.0,-100.0,77.8,74.0
15,25,2796.0,2997.0,201.0,-100.0,54.0,53.6
1,13,2904.0,2997.0,93.0,-100.0,91.7,87.0
44,61,2919.0,2997.0,78.0,-100.0,70.0,66.5
15,35,2127.0,2998.0,871.0,-100.1,54.0,83.3
43,49,2711.0,2998.0,287.0,-100.0,36.2,36.6
2,42,2869.0,2998.0,129.0,-100.0,33.9,87.3
66,69,2937.0,2998.0,61.0,-100.1,82.9,92.2
25,46,2798.0,2999.0,201.0,-100.0,53.6,77.8
0,77,2934.0,2999.0,65.0,-100.0,30.6,50.4
16,77,2786.0,3000.0,214.0,-100.0,71.8,50.4
15,65,2870.0,3000.0,130.0,-100.0,54.0,80.5
14,43,2911.0,3000.0,89.0,-100.0,59.4,36.2
14,23,2918.0,3000.0,82.0,-100.0,59.4,52.6
0,9,2519.0,3001.0,482.0,-100.0,30.6,81.5
67,69,2820.0,3001.0,181.0,-100.0,61.4,92.2
28,58,2851.0,3001.0,150.0,-100.0,93.4,33.7
26,42,2873.0,3001.0,128.0,-100.0,75.0,87.2
17,75,2884.0,3001.0,117.0,-100.0,45.7,81.2
11,20,2945.0,3001.0,56.0,-100.0,64.5,56.2
34,73,2569.0,3002.0,433.0,-100.0,72.7,73.0
4,32,2760.0,3002.0,242.0,-100.0,90.2,64.5
65,75,2885.0,3002.0,117.0,-100.1,80.5,81.2
16,49,2941.0,3002.0,61.0,-100.0,71.8,36.6
43,61,2701.0,3003.0,302.0,-100.0,36.2,66.5
28,31,2837.0,3004.0,167.0,-100.0,93.4,50.0
15,38,2870.0,3004.0,134.0,-100.0,54.0,47.2
43,51,2894.0,3004.0,110.0,-100.0,36.2,83.1
35,40,2788.0,3005.0,217.0,-100.0,83.3,41.2
17,40,2789.0,3005.0,216.0,-100.0,45.6,41.2
13,26,2809.0,3005.0,196.0,-100.0,87.0,75.0
3,51,2825.0,3005.0,180.0,-100.0,86.0,83.1
31,41,2940.0,3005.0,65.0,-100.0,50.0,75.6
47,76,2726.0,3006.0,280.0,-100.0,32.9,74.0
16,64,2728.0,3006.0,278.0,-100.0,71.8,63.6
2,13,2752.0,3006.0,254.0,-100.0,33.9,87.0
34,66,2885.0,3006.0,121.0,-100.0,72.7,82.9
41,56,2899.0,3006.0,107.0,-100.0,75.6,44.7
56,75,2914.0,3006.0,92.0,-100.0,44.7,81.2
34,51,2926.0,3006.0,80.0,-100.0,72.7,83.1
30,72,2929.0,3006.0,77.0,-100.1,60.7,33.1
28,63,2950.0,3006.0,56.0,-100.0,93.4,59.6
6,18,2864.0,3007.0,143.0,-100.0,83.1,36.8
41,63,2879.0,3007.0,128.0,-100.1,75.6,59.6
26,68,2745.0,3008.0,263.0,-100.0,75.0,69.0
6,51,2894.0,3008.0,114.0,-100.1,83.1,83.1
11,41,2906.0,3009.0,103.0,-100.0,64.5,75.6
1,75,2942.0,3009.0,67.0,-100.0,91.7,81.2
14,58,2955.0,3009.0,54.0,-100.1,59.4,33.6
42,63,2517.0,3010.0,493.0,-100.1,87.2,59.6
39,78,2553.0,3010.0,457.0,-100.0,78.4,89.9
13,15,2801.0,3010.0,209.0,-100.0,87.0,53.9
32,54,2825.0,3010.0,185.0,-100.0,64.5,82.6
14,64,2910.0,3010.0,100.0,-100.1,59.4,63.6
28,51,2933.0,3010.0,77.0,-100.0,93.4,83.1
41,58,2936.0,3010.0,74.0,-100.1,75.6,33.6
6,16,2814.0,3011.0,197.0,-100.0,83.1,71.8
2,68,2740.0,3012.0,272.0,-100.0,33.9,69.0
17,26,2846.0,3012.0,166.0,-100.0,45.6,75.0
27,50,2847.0,3012.0,165.0,-100.1,47.8,94.1
2,17,2855.0,3012.0,157.0,-100.1,33.9,45.6
2,18,2866.0,3012.0,146.0,-100.0,33.9,36.8
53,68,2454.0,3013.0,559.0,-100.0,81.8,69.0
22,77,2880.0,3013.0,133.0,-100.0,52.7,50.3
1,18,2889.0,3013.0,124.0,-99.9,91.7,36.8
28,66,2931.0,3013.0,82.0,-100.1,93.4,82.9
35,46,2934.0,3013.0,79.0,-100.0,83.3,77.8
25,41,2952.0,3013.0,61.0,-99.9,53.5,75.6
11,63,2853.0,3014.0,161.0,-100.0,64.5,59.6
41,46,2929.0,3014.0,85.0,-100.0,75.6,77.8
7,13,2966.0,3014.0,48.0,-100.0,81.5,87.0
35,47,2716.0,3015.0,299.0,-100.1,83.3,32.9
3,66,2885.0,3015.0,130.0,-100.1,86.0,82.9
7,52,2986.0,3015.0,29.0,-100.0,81.5,68.5
6,43,2458.0,3016.0,558.0,-100.0,83.1,36.2
16,38,2821.0,3016.0,195.0,-100.0,71.8,47.2
30,55,2974.0,3016.0,42.0,-100.0,60.6,93.2
17,47,2982.0,3017.0,35.0,-100.0,45.6,32.9
44,53,2547.0,3018.0,471.0,-100.0,70.0,81.8
32,50,2830.0,3018.0,188.0,-100.0,64.5,94.1
14,69,2964.0,3018.0,54.0,-100.2,59.4,92.2
3,50,2969.0,3018.0,49.0,-100.0,86.0,94.1
26,52,3013.0,3019.0,6.0,-99.9,75.0,68.5
14,28,2949.0,3020.0,71.0,-100.1,59.4,93.4
7,71,2979.0,3020.0,41.0,-100.0,81.5,35.2
9,33,2794.0,3021.0,227.0,-100.0,81.5,86.4
4,27,2872.0,3021.0,149.0,-100.1,90.2,47.8
15,17,2922.0,3021.0,99.0,-100.0,53.9,45.6
14,31,2952.0,3021.0,69.0,-100.1,59.4,50.0
14,34,2969.0,3021.0,52.0,-100.0,59.4,72.7
3,31,2706.0,3022.0,316.0,-100.0,86.0,50.0
17,53,2815.0,3022.0,207.0,-100.0,45.6,81.8
6,38,2844.0,3022.0,178.0,-100.0,83.1,47.1
17,43,2862.0,3022.0,160.0,-99.9,45.6,36.2
22,75,2873.0,3022.0,149.0,-100.0,52.7,81.2
41,74,2940.0,3022.0,82.0,-100.1,75.6,56.3
2,16,2777.0,3024.0,247.0,-99.9,33.9,71.7
32,66,2806.0,3024.0,218.0,-100.0,64.5,82.9
14,63,2869.0,3024.0,155.0,-100.0,59.4,59.6
9,61,2635.0,3025.0,390.0,-100.1,81.5,66.5
51,77,2915.0,3025.0,110.0,-100.0,83.0,50.3
3,58,2600.0,3026.0,426.0,-100.0,86.0,33.6
6,65,2865.0,3026.0,161.0,-100.0,83.1,80.4
38,41,2888.0,3026.0,138.0,-100.0,47.1,75.6
3,14,2936.0,3026.0,90.0,-100.0,86.0,59.4
28,69,2702.0,3027.0,325.0,-100.0,93.4,92.2
20,41,2951.0,3027.0,76.0,-100.1,56.2,75.6
19,41,2966.0,3027.0,61.0,-100.1,60.4,75.6
35,74,2972.0,3027.0,55.0,-100.0,83.3,56.3
2,75,2768.0,3028.0,260.0,-100.0,33.9,81.2
6,14,2891.0,3028.0,137.0,-100.0,83.1,59.4
2,44,2905.0,3028.0,123.0,-100.0,33.9,70.0
30,73,2740.0,3030.0,290.0,-100.0,60.6,73.0
27,32,2806.0,3030.0,224.0,-100.0,47.8,64.4
6,42,2884.0,3030.0,146.0,-100.0,83.1,87.2
13,59,3000.0,3030.0,30.0,-100.0,87.0,70.1
29,66,2710.0,3031.0,321.0,-100.0,91.1,82.9
49,77,2878.0,3031.0,153.0,-100.0,36.6,50.3
14,32,2973.0,3031.0,58.0,-100.1,59.4,64.4
27,28,2973.0,3031.0,58.0,-100.0,47.7,93.4
18,68,2809.0,3032.0,223.0,-100.0,36.8,68.9
26,75,2815.0,3032.0,217.0,-100.0,75.0,81.2
1,16,2968.0,3032.0,64.0,-100.0,91.7,71.7
18,65,2766.0,3033.0,267.0,-100.0,36.7,80.4
53,65,2920.0,3033.0,113.0,-100.0,81.7,80.4
21,45,2826.0,3034.0,208.0,-100.0,43.2,33.6
35,56,2749.0,3035.0,286.0,-100.1,83.3,44.7
38,42,2961.0,3035.0,74.0,-100.0,47.1,87.2
0,44,2526.0,3036.0,510.0,-100.0,30.6,70.0
27,54,2709.0,3037.0,328.0,-100.0,47.7,82.6
8,52,2775.0,3037.0,262.0,-100.0,71.9,68.5
34,54,2883.0,3037.0,154.0,-100.1,72.6,82.6
7,75,2920.0,3037.0,117.0,-100.1,81.5,81.2
33,72,2929.0,3037.0,108.0,-100.1,86.4,33.1
23,54,2691.0,3038.0,347.0,-100.0,52.6,82.6
2,65,2867.0,3038.0,171.0,-100.0,33.9,80.4
8,13,2887.0,3038.0,151.0,-100.0,71.9,87.0
61,72,2908.0,3038.0,130.0,-100.1,66.5,33.1
34,50,2946.0,3038.0,92.0,-100.0,72.6,94.1
47,78,2332.0,3039.0,707.0,-100.0,32.9,89.8
16,65,2728.0,3039.0,311.0,-100.0,71.7,80.4
9,32,2968.0,3039.0,71.0,-100.0,81.5,64.4
49,53,2558.0,3041.0,483.0,-100.0,36.6,81.7
1,71,2590.0,3041.0,451.0,-100.0,91.7,35.2
0,72,2885.0,3041.0,156.0,-100.0,30.6,33.1
19,69,2980.0,3041.0,61.0,-100.0,60.4,92.1
28,29,2757.0,3042.0,285.0,-100.0,93.4,91.1
50,57,2951.0,3042.0,91.0,-100.0,94.1,68.3
14,29,2952.0,3042.0,90.0,-100.2,59.4,91.1
32,43,2958.0,3042.0,84.0,-100.0,64.4,36.2
16,68,2574.0,3043.0,469.0,-100.0,71.7,68.9
11,35,2899.0,3043.0,144.0,-100.1,64.5,83.3
24,72,2902.0,3043.0,141.0,-100.1,49.9,33.1
30,48,2912.0,3043.0,131.0,-100.0,60.6,92.5
35,78,2914.0,3043.0,129.0,-100.0,83.3,89.8
50,64,2971.0,3043.0,72.0,-100.0,94.1,63.5
47,79,2863.0,3044.0,181.0,-100.0,32.9,80.3
34,55,2878.0,3044.0,166.0,-100.0,72.6,93.2
52,59,3006.0,3044.0,38.0,-100.1,68.5,70.1
18,75,2894.0,3045.0,151.0,-100.1,36.7,81.2
68,69,3017.0,3045.0,28.0,-100.0,68.9,92.1
1,53,2922.0,3046.0,124.0,-100.1,91.7,81.7
20,56,2990.0,3046.0,56.0,-100.0,56.1,44.7
42,65,2775.0,3047.0,272.0,-100.0,87.2,80.4
57,72,2961.0,3047.0,86.0,-100.1,68.3,33.1
3,27,2983.0,3047.0,64.0,-100.0,86.0,47.7
50,77,2987.0,3047.0,60.0,-100.0,94.1,50.3
44,59,3002.0,3047.0,45.0,-100.0,70.0,70.1
2,7,2889.0,3048.0,159.0,-100.0,33.9,81.5
24,30,2922.0,3048.0,126.0,-100.0,49.9,60.6
39,46,2775.0,3049.0,274.0,-100.0,78.4,77.8
42,75,2894.0,3049.0,155.0,-100.0,87.2,81.2
12,59,3016.0,3049.0,33.0,-100.0,62.9,70.1
6,28,2943.0,3050.0,107.0,-100.0,83.1,93.4
20,69,2986.0,3050.0,64.0,-100.0,56.1,92.1
49,64,2280.0,3051.0,771.0,-100.0,36.6,63.5
56,76,2624.0,3051.0,427.0,-100.0,44.7,73.9
0,24,2820.0,3051.0,231.0,-100.1,30.6,49.9
3,69,2929.0,3051.0,122.0,-100.1,86.0,92.1
42,68,2839.0,3052.0,213.0,-100.0,87.2,68.9
47,75,2933.0,3052.0,119.0,-100.0,32.9,81.1
43,50,2954.0,3052.0,98.0,-100.0,36.2,94.1
59,71,2962.0,3052.0,90.0,-100.0,70.1,35.1
14,45,3010.0,3052.0,42.0,-100.0,59.3,33.6
9,50,2959.0,3053.0,94.0,-100.0,81.5,94.1
49,72,3026.0,3053.0,27.0,-100.0,36.6,33.1
20,79,2647.0,3054.0,407.0,-100.0,56.1,80.3
13,71,2986.0,3054.0,68.0,-99.9,87.0,35.1
59,65,3007.0,3054.0,47.0,-100.1,70.1,80.4
50,54,2819.0,3055.0,236.0,-100.0,94.1,82.6
16,75,2853.0,3055.0,202.0,-100.0,71.7,81.1
1,59,2934.0,3056.0,122.0,-100.1,91.7,70.1
2,51,2951.0,3056.0,105.0,-100.0,33.9,83.0
28,32,2962.0,3056.0,94.0,-100.0,93.4,64.4
49,59,2996.0,3056.0,60.0,-100.0,36.6,70.1
59,75,3009.0,3056.0,47.0,-100.0,70.1,81.1
8,62,2387.0,3057.0,670.0,-100.0,71.9,67.0
29,69,2784.0,3057.0,273.0,-100.1,91.1,92.1
46,79,2868.0,3057.0,189.0,-100.0,77.7,80.3
32,67,2969.0,3057.0,88.0,-100.0,64.4,61.4
69,79,3013.0,3057.0,44.0,-100.0,92.1,80.3
40,58,3026.0,3057.0,31.0,-100.0,41.1,33.6
2,59,2847.0,3058.0,211.0,-100.1,33.9,70.1
18,26,2870.0,3058.0,188.0,-100.0,36.7,74.9
58,79,2884.0,3058.0,174.0,-100.1,33.6,80.3
64,69,2979.0,3058.0,79.0,-100.0,63.5,92.1
32,65,3021.0,3059.0,38.0,-100.0,64.4,80.4
8,11,3022.0,3059.0,37.0,-100.0,71.9,64.5
63,79,2871.0,3060.0,189.0,-100.0,59.6,80.3
1,2,2930.0,3060.0,130.0,-100.0,91.7,33.9
40,75,2907.0,3061.0,154.0,-100.0,41.1,81.1
55,57,2938.0,3061.0,123.0,-100.0,93.2,68.2
41,76,2948.0,3061.0,113.0,-100.0,75.6,73.9
54,72,2967.0,3061.0,94.0,-100.0,82.6,33.1
50,72,2987.0,3061.0,74.0,-100.2,94.1,33.1
39,58,3008.0,3061.0,53.0,-100.0,78.4,33.6
59,68,3026.0,3061.0,35.0,-100.0,70.1,68.9
55,61,2744.0,3062.0,318.0,-100.0,93.2,66.5
16,17,2861.0,3062.0,201.0,-100.0,71.7,45.6
32,77,2992.0,3062.0,70.0,-100.1,64.4,50.3
28,51,3033.0,3062.0,29.0,-100.0,93.4,83.0
15,56,2762.0,3063.0,301.0,-100.0,53.9,44.7
43,68,2607.0,3064.0,457.0,-100.0,36.2,68.9
11,76,2826.0,3064.0,238.0,-100.0,64.5,73.9
7,49,2869.0,3064.0,195.0,-100.0,81.5,36.6
19,79,2943.0,3064.0,121.0,-100.0,60.4,80.3
23,50,2959.0,3064.0,105.0,-100.0,52.6,94.1
65,77,2645.0,3065.0,420.0,-100.0,80.4,50.3
17,49,2861.0,3065.0,204.0,-100.0,45.6,36.6
20,38,2948.0,3065.0,117.0,-100.1,56.1,47.1
31,79,2908.0,3066.0,158.0,-100.0,49.9,80.3
1,7,2943.0,3066.0,123.0,-100.0,91.7,81.5
11,15,2535.0,3069.0,534.0,-100.0,64.5,53.9
17,42,2576.0,3069.0,493.0,-100.0,45.6,87.2
17,69,3002.0,3070.0,68.0,-100.0,45.6,92.1
48,61,2467.0,3071.0,604.0,-100.0,92.4,66.5
6,77,2850.0,3071.0,221.0,-100.0,83.1,50.3
25,47,2330.0,3072.0,742.0,-100.0,53.5,32.8
61,73,2857.0,3072.0,215.0,-100.0,66.5,73.0
40,46,2982.0,3072.0,90.0,-100.0,41.1,77.7
50,61,2984.0,3072.0,88.0,-100.0,94.0,66.5
17,59,3030.0,3072.0,42.0,-100.0,45.6,70.1
68,77,2820.0,3073.0,253.0,-100.0,68.9,50.3
7,65,2932.0,3073.0,141.0,-100.0,81.5,80.4
28,34,2974.0,3073.0,99.0,-100.1,93.3,72.6
54,77,2995.0,3073.0,78.0,-100.0,82.6,50.3
55,77,3002.0,3073.0,71.0,-100.0,93.1,50.3
17,18,2220.0,3074.0,854.0,-100.0,45.6,36.7
38,58,2880.0,3074.0,194.0,-100.0,47.1,33.6
35,41,2881.0,3074.0,193.0,-100.0,83.2,75.6
34,65,2998.0,3074.0,76.0,-100.0,72.6,80.4
17,22,2746.0,3075.0,329.0,-100.0,45.6,52.6
7,53,2879.0,3075.0,196.0,-100.0,81.5,81.7
20,39,2942.0,3075.0,133.0,-100.0,56.1,78.4
6,69,2968.0,3075.0,107.0,-100.0,83.1,92.1
31,69,2831.0,3076.0,245.0,-100.1,49.9,92.1
38,46,2917.0,3076.0,159.0,-100.0,47.1,77.7
57,61,2928.0,3076.0,148.0,-100.0,68.2,66.5
9,57,2792.0,3077.0,285.0,-100.0,81.5,68.2
26,59,2834.0,3077.0,243.0,-100.0,74.9,70.1
3,63,2934.0,3077.0,143.0,-100.0,86.0,59.5
23,32,2967.0,3077.0,110.0,-100.0,52.6,64.4
28,77,2983.0,3077.0,94.0,-100.0,93.3,50.3
7,15,2994.0,3077.0,83.0,-100.1,81.5,53.9
33,50,3000.0,3077.0,77.0,-100.0,86.3,94.0
18,22,1918.0,3078.0,1160.0,-100.0,36.7,52.6
33,55,2910.0,3078.0,168.0,-100.0,86.3,93.1
49,51,2923.0,3078.0,155.0,-100.0,36.5,83.0
1,51,2983.0,3078.0,95.0,-100.0,91.7,83.0
0,73,2439.0,3079.0,640.0,-100.0,30.6,73.0
22,59,2859.0,3079.0,220.0,-100.0,52.6,70.1
54,55,2888.0,3079.0,191.0,-100.0,82.6,93.1
42,46,2986.0,3079.0,93.0,-100.0,87.2,77.7
32,68,3000.0,3079.0,79.0,-100.0,64.4,68.9
20,74,2806.0,3080.0,274.0,-100.1,56.1,56.2
51,65,2943.0,3080.0,137.0,-100.1,83.0,80.4
0,48,2994.0,3080.0,86.0,-100.0,30.6,92.4
42,58,2997.0,3080.0,83.0,-100.0,87.2,33.6
28,54,3003.0,3080.0,77.0,-100.1,93.3,82.6
16,58,3016.0,3080.0,64.0,-100.0,71.7,33.6
20,32,3039.0,3080.0,41.0,-100.0,56.1,64.4
58,69,2929.0,3081.0,152.0,-100.0,33.6,92.1
6,68,2720.0,3083.0,363.0,-100.0,83.1,68.9
38,47,2936.0,3083.0,147.0,-100.0,47.1,32.8
30,50,3043.0,3083.0,40.0,-100.0,60.6,94.0
9,54,2918.0,3084.0,166.0,-100.0,81.4,82.6
23,51,2880.0,3085.0,205.0,-100.0,52.6,83.0
3,32,2963.0,3085.0,122.0,-100.0,86.0,64.4
38,41,3048.0,3085.0,37.0,-100.1,47.1,75.5
7,26,2874.0,3086.0,212.0,-100.0,81.5,74.9
41,79,2909.0,3086.0,177.0,-100.0,75.5,80.3
66,67,2949.0,3086.0,137.0,-100.0,82.9,61.4
38,69,2969.0,3086.0,117.0,-100.0,47.1,92.1
46,69,2982.0,3086.0,104.0,-100.0,77.7,92.1
29,77,3012.0,3086.0,74.0,-100.0,91.1,50.3
2,53,2705.0,3087.0,382.0,-100.0,33.8,81.7
19,38,2968.0,3087.0,119.0,-100.0,60.4,47.1
36,71,3018.0,3087.0,69.0,-100.0,64.2,35.1
0,28,3061.0,3087.0,26.0,-100.0,30.5,93.3
5,75,3063.0,3087.0,24.0,-100.0,95.5,81.1
25,69,3080.0,3087.0,7.0,-100.0,53.5,92.1
0,49,2390.0,3088.0,698.0,-100.0,30.5,36.5
34,43,2896.0,3088.0,192.0,-100.1,72.6,36.2
7,22,2900.0,3088.0,188.0,-100.0,81.5,52.6
72,73,2904.0,3088.0,184.0,-100.0,33.1,73.0
31,38,2722.0,3089.0,367.0,-100.0,49.9,47.1
43,72,2990.0,3089.0,99.0,-100.1,36.2,33.0
15,59,3018.0,3089.0,71.0,-100.0,53.9,70.0
1,72,3041.0,3089.0,48.0,-100.0,91.6,33.0
70,76,2310.0,3090.0,780.0,-100.0,35.3,73.9
11,78,2958.0,3090.0,132.0,-100.0,64.4,89.8
22,44,2640.0,3091.0,451.0,-100.0,52.6,69.9
74,79,2813.0,3091.0,278.0,-100.0,56.2,80.3
44,49,2901.0,3091.0,190.0,-100.0,69.9,36.5
63,69,2971.0,3091.0,120.0,-100.0,59.5,92.1
43,64,2724.0,3092.0,368.0,-100.0,36.2,63.5
4,66,2868.0,3092.0,224.0,-100.1,90.1,82.9
16,46,3001.0,3092.0,91.0,-100.0,71.7,77.7
25,74,3020.0,3092.0,72.0,-100.0,53.5,56.2
32,44,3024.0,3092.0,68.0,-100.0,64.4,69.9
43,55,2491.0,3093.0,602.0,-100.0,36.2,93.1
33,48,2863.0,3093.0,230.0,-100.0,86.3,92.4
51,53,2973.0,3093.0,120.0,-100.0,83.0,81.7
15,51,3018.0,3093.0,75.0,-100.0,53.9,83.0
65,72,3024.0,3094.0,70.0,-100.0,80.4,33.0
38,63,2889.0,3095.0,206.0,-100.0,47.1,59.5
53,59,2908.0,3095.0,187.0,-100.0,81.7,70.0
28,43,2967.0,3095.0,128.0,-100.0,93.3,36.2
32,64,2972.0,3095.0,123.0,-100.1,64.4,63.5
26,53,2705.0,3096.0,391.0,-100.0,74.9,81.7
55,72,2889.0,3096.0,207.0,-100.0,93.1,33.0
24,61,2763.0,3097.0,334.0,-100.0,49.8,66.4
32,34,2942.0,3097.0,155.0,-100.1,64.4,72.6
47,58,3003.0,3097.0,94.0,-100.0,32.8,33.6
7,69,3032.0,3098.0,66.0,-100.2,81.5,92.1
7,23,3047.0,3098.0,51.0,-100.0,81.5,52.5
9,24,3078.0,3098.0,20.0,-100.0,81.4,49.8
0,55,2731.0,3099.0,368.0,-100.0,30.5,93.1
7,68,2908.0,3099.0,191.0,-100.0,81.5,68.9
52,53,2981.0,3099.0,118.0,-100.0,68.5,81.7
4,14,2995.0,3099.0,104.0,-100.0,90.1,59.3
17,32,3007.0,3099.0,92.0,-100.0,45.6,64.4
22,53,2732.0,3101.0,369.0,-100.0,52.6,81.7
34,68,2954.0,3101.0,147.0,-100.0,72.6,68.9
15,18,2897.0,3102.0,205.0,-100.0,53.9,36.7
4,21,2966.0,3102.0,136.0,-100.1,90.1,43.2
0,50,3006.0,3102.0,96.0,-100.1,30.5,94.0
2,26,2178.0,3103.0,925.0,-100.0,33.8,74.9
2,49,2632.0,3103.0,471.0,-100.0,33.8,36.5
76,78,2673.0,3103.0,430.0,-100.0,73.9,89.8
25,70,2743.0,3103.0,360.0,-100.0,53.5,35.3
51,68,2905.0,3103.0,198.0,-100.0,83.0,68.9
20,63,2963.0,3103.0,140.0,-100.1,56.1,59.5
48,54,2996.0,3103.0,107.0,-100.0,92.4,82.6
52,75,2961.0,3104.0,143.0,-100.0,68.5,81.1
3,51,3044.0,3104.0,60.0,-100.0,85.9,83.0
48,57,2862.0,3105.0,243.0,-100.0,92.4,68.2
7,42,2966.0,3105.0,139.0,-100.0,81.5,87.1
9,65,3046.0,3105.0,59.0,-100.0,81.4,80.4
8,36,2273.0,3106.0,833.0,-100.0,71.9,64.2
21,67,2775.0,3106.0,331.0,-100.0,43.2,61.3
39,74,2960.0,3106.0,146.0,-100.0,78.3,56.2
22,51,2955.0,3107.0,152.0,-100.0,52.6,83.0
26,51,2967.0,3107.0,140.0,-100.0,74.9,83.0
38,40,2969.0,3107.0,138.0,-100.0,47.1,41.1
42,59,3022.0,3107.0,85.0,-100.1,87.1,70.0
26,44,2723.0,3108.0,385.0,-100.0,74.9,69.9
59,69,3044.0,3108.0,64.0,-100.1,70.0,92.1
58,59,3059.0,3108.0,49.0,-100.1,33.5,70.0
9,55,2831.0,3109.0,278.0,-100.0,81.4,93.1
8,15,2958.0,3109.0,151.0,-100.0,71.9,53.8
43,44,2971.0,3109.0,138.0,-100.0,36.1,69.9
17,74,3052.0,3109.0,57.0,-100.0,45.5,56.2
4,27,3077.0,3109.0,32.0,-100.0,90.1,47.7
38,74,2920.0,3110.0,190.0,-100.0,47.1,56.2
1,22,2910.0,3111.0,201.0,-100.0,91.6,52.6
7,16,2963.0,3112.0,149.0,-100.0,81.5,71.7
56,58,2963.0,3112.0,149.0,-100.0,44.6,33.5
2,12,3024.0,3112.0,88.0,-100.0,33.8,62.9
32,72,3041.0,3112.0,71.0,-100.0,64.4,33.0
3,7,3048.0,3112.0,64.0,-100.0,85.9,81.5
46,59,3059.0,3112.0,53.0,-100.0,77.7,70.0
20,46,2848.0,3113.0,265.0,-100.0,56.1,77.7
51,69,3040.0,3113.0,73.0,-100.1,82.9,92.1
39,63,3042.0,3113.0,71.0,-100.0,78.3,59.5
14,66,2960.0,3114.0,154.0,-100.1,59.3,82.8
53,71,2976.0,3114.0,138.0,-100.0,81.7,35.1
7,40,3004.0,3114.0,110.0,-100.0,81.4,41.1
29,59,3094.0,3114.0,20.0,-100.0,91.0,70.0
23,49,2337.0,3115.0,778.0,-100.0,52.5,36.5
2,22,2804.0,3115.0,311.0,-100.0,33.8,52.6
22,65,2842.0,3115.0,273.0,-100.0,52.6,80.4
44,51,2962.0,3115.0,153.0,-100.0,69.9,82.9
50,73,2987.0,3116.0,129.0,-100.0,94.0,72.9
32,58,3020.0,3116.0,96.0,-100.0,64.4,33.5
8,47,2936.0,3118.0,182.0,-100.0,71.9,32.8
56,69,3005.0,3118.0,113.0,-100.0,44.6,92.1
24,57,3011.0,3118.0,107.0,-100.0,49.8,68.2
24,43,3050.0,3118.0,68.0,-100.0,49.8,36.1
70,72,3109.0,3118.0,9.0,-100.0,35.3,33.0
6,23,2713.0,3119.0,406.0,-100.0,83.0,52.5
33,73,2757.0,3119.0,362.0,-100.0,86.3,72.9
3,6,2902.0,3119.0,217.0,-100.0,85.9,83.0
1,26,2924.0,3119.0,195.0,-100.0,91.6,74.9
3,43,2933.0,3119.0,186.0,-100.0,85.9,36.1
69,74,2976.0,3119.0,143.0,-100.0,92.1,56.2
16,59,3015.0,3119.0,104.0,-100.1,71.6,70.0
15,26,3017.0,3119.0,102.0,-100.0,53.8,74.9
6,20,3018.0,3119.0,101.0,-100.0,83.0,56.1
11,69,3018.0,3119.0,101.0,-100.1,64.4,92.1
47,59,3031.0,3119.0,88.0,-100.0,32.8,70.0
20,72,3097.0,3119.0,22.0,-100.0,56.1,33.0
52,71,2991.0,3120.0,129.0,-100.0,68.4,35.1
24,54,3015.0,3120.0,105.0,-100.0,49.8,82.5
14,60,3016.0,3120.0,104.0,-100.0,59.3,38.9
12,52,2612.0,3121.0,509.0,-100.0,62.9,68.4
17,51,2940.0,3121.0,181.0,-100.0,45.5,82.9
29,32,2960.0,3121.0,161.0,-100.0,91.0,64.4
14,67,2984.0,3121.0,137.0,-100.0,59.3,61.3
32,46,3024.0,3121.0,97.0,-100.1,64.4,77.7
19,32,3049.0,3121.0,72.0,-100.0,60.3,64.4
5,10,2683.0,3122.0,439.0,-100.0,95.4,36.3
27,34,2871.0,3122.0,251.0,-100.0,47.7,72.6
31,41,3082.0,3122.0,40.0,-100.0,49.9,75.5
7,47,3013.0,3123.0,110.0,-100.0,81.4,32.8
23,43,2742.0,3124.0,382.0,-100.0,52.5,36.1
10,52,2953.0,3125.0,172.0,-100.0,36.3,68.4
18,58,3010.0,3125.0,115.0,-100.0,36.7,33.5
40,59,3029.0,3125.0,96.0,-100.1,41.0,70.0
29,41,3109.0,3125.0,16.0,-100.0,91.0,75.5
17,65,2798.0,3126.0,328.0,-100.0,45.5,80.3
14,21,3001.0,3126.0,125.0,-100.1,59.3,43.2
18,69,3016.0,3126.0,110.0,-100.1,36.7,92.1
13,52,2864.0,3127.0,263.0,-100.0,86.9,68.4
24,33,2889.0,3127.0,238.0,-100.1,49.8,86.3
60,66,3004.0,3127.0,123.0,-100.1,38.9,82.8
63,67,3023.0,3127.0,104.0,-100.0,59.5,61.3
31,39,3026.0,3127.0,101.0,-100.0,49.9,78.3
0,24,3060.0,3127.0,67.0,-100.1,30.5,49.8
20,58,2861.0,3128.0,267.0,-100.0,56.1,33.5
20,31,2957.0,3128.0,171.0,-100.0,56.1,49.9
3,34,2969.0,3128.0,159.0,-100.0,85.9,72.6
58,70,3009.0,3129.0,120.0,-100.0,33.5,35.3
59,74,3057.0,3129.0,72.0,-100.0,70.0,56.2
31,59,3073.0,3129.0,56.0,-100.0,49.9,70.0
46,56,2864.0,3130.0,266.0,-100.0,77.7,44.6
16,26,2910.0,3130.0,220.0,-100.0,71.6,74.9
1,44,2945.0,3130.0,185.0,-100.0,91.6,69.9
11,58,2955.0,3130.0,175.0,-100.0,64.4,33.5
5,13,2985.0,3130.0,145.0,-100.0,95.4,86.9
7,32,3043.0,3130.0,87.0,-100.1,81.4,64.3
59,63,3067.0,3130.0,63.0,-100.0,70.0,59.5
32,39,3090.0,3130.0,40.0,-100.0,64.3,78.3
1,17,2904.0,3131.0,227.0,-100.0,91.6,45.5
41,67,3103.0,3131.0,28.0,-100.0,75.5,61.3
44,65,2946.0,3132.0,186.0,-100.0,69.9,80.3
1,49,2958.0,3132.0,174.0,-100.0,91.6,36.5
38,70,2987.0,3132.0,145.0,-100.0,47.0,35.2
39,51,3121.0,3132.0,11.0,-100.0,78.3,82.9
23,34,2881.0,3133.0,252.0,-100.0,52.5,72.5
43,48,3021.0,3133.0,112.0,-100.0,36.1,92.4
1,50,3032.0,3133.0,101.0,-100.2,91.6,94.0
41,60,3104.0,3133.0,29.0,-100.0,75.5,38.9
39,76,2621.0,3134.0,513.0,-100.0,78.3,73.9
5,12,2879.0,3134.0,255.0,-100.0,95.4,62.9
6,59,3070.0,3134.0,64.0,-100.1,83.0,70.0
32,70,3075.0,3134.0,59.0,-100.1,64.3,35.2
9,68,3017.0,3135.0,118.0,-100.0,81.4,68.8
51,64,2874.0,3136.0,262.0,-100.0,82.9,63.4
9,28,3000.0,3136.0,136.0,-100.0,81.4,93.3
51,59,3004.0,3136.0,132.0,-100.1,82.9,70.0
0,1,3020.0,3136.0,116.0,-100.0,30.5,91.6
28,73,3026.0,3136.0,110.0,-100.0,93.3,72.9
15,40,2839.0,3137.0,298.0,-100.0,53.8,41.0
30,61,2962.0,3137.0,175.0,-100.0,60.5,66.4
7,64,3029.0,3137.0,108.0,-100.0,81.4,63.4
1,28,3036.0,3137.0,101.0,-100.0,91.6,93.3
43,77,2871.0,3138.0,267.0,-100.1,36.1,50.2
31,32,3015.0,3138.0,123.0,-100.0,49.8,64.3
50,65,3015.0,3138.0,123.0,-100.1,94.0,80.3
32,59,3057.0,3139.0,82.0,-100.2,64.3,70.0
4,41,3088.0,3139.0,51.0,-100.1,90.0,75.5
19,59,3092.0,3139.0,47.0,-100.0,60.3,70.0
53,74,3128.0,3139.0,11.0,-99.9,81.6,56.2
70,74,2896.0,3140.0,244.0,-100.0,35.2,56.2
18,38,2984.0,3140.0,156.0,-99.9,36.6,47.0
28,65,3001.0,3140.0,139.0,-100.0,93.3,80.3
47,69,3018.0,3140.0,122.0,-100.1,32.8,92.0
18,59,3020.0,3140.0,120.0,-100.0,36.6,70.0
34,51,3092.0,3140.0,48.0,-100.0,72.5,82.9
16,71,3131.0,3140.0,9.0,-100.0,71.6,35.1
11,79,2313.0,3141.0,828.0,-100.0,64.4,80.2
35,76,2785.0,3141.0,356.0,-99.9,83.2,73.8
11,38,2848.0,3141.0,293.0,-100.0,64.4,47.0
17,63,3044.0,3141.0,97.0,-100.0,45.5,59.5
4,20,3064.0,3141.0,77.0,-100.1,90.0,56.0
4,39,3131.0,3141.0,10.0,-100.0,90.0,78.3
42,56,2865.0,3142.0,277.0,-100.0,87.1,44.6
4,60,2988.0,3142.0,154.0,-100.0,90.0,38.8
62,75,3011.0,3142.0,131.0,-100.0,66.9,81.1
7,74,3049.0,3142.0,93.0,-100.0,81.4,56.2
69,78,3089.0,3142.0,53.0,-100.0,92.0,89.7
20,29,3008.0,3143.0,135.0,-100.0,56.0,91.0
7,72,3065.0,3143.0,78.0,-100.1,81.4,33.0
2,36,3075.0,3143.0,68.0,-100.0,33.8,64.1
18,72,3109.0,3143.0,34.0,-100.0,36.6,33.0
11,59,3050.0,3144.0,94.0,-100.1,64.4,70.0
51,58,3059.0,3144.0,85.0,-100.0,82.9,33.5
17,50,3093.0,3144.0,51.0,-100.0,45.5,94.0
32,79,3112.0,3144.0,32.0,-100.1,64.3,80.2
58,74,2718.0,3145.0,427.0,-100.0,33.5,56.2
7,59,2911.0,3145.0,234.0,-100.0,81.4,70.0
28,49,3025.0,3145.0,120.0,-100.0,93.3,36.5
20,41,3056.0,3145.0,89.0,-100.2,56.0,75.5
14,48,3126.0,3145.0,19.0,-100.0,59.2,92.4
3,29,2773.0,3146.0,373.0,-100.0,85.9,91.0
12,62,2780.0,3146.0,366.0,-100.0,62.8,66.9
18,53,2936.0,3146.0,210.0,-100.0,36.6,81.6
27,43,2940.0,3146.0,206.0,-100.0,47.6,36.1
14,77,3080.0,3146.0,66.0,-100.0,59.2,50.2
16,22,2877.0,3147.0,270.0,-100.0,71.6,52.6
18,46,3001.0,3147.0,146.0,-100.0,36.6,77.7
14,44,3126.0,3147.0,21.0,-100.0,59.2,69.9
9,43,2938.0,3148.0,210.0,-100.0,81.4,36.1
25,39,2490.0,3149.0,659.0,-100.0,53.4,78.3
26,65,2878.0,3149.0,271.0,-100.0,74.9,80.3
7,51,2963.0,3149.0,186.0,-100.1,81.4,82.9
32,69,2975.0,3149.0,174.0,-100.0,64.3,92.0
14,27,2990.0,3149.0,159.0,-100.1,59.2,47.6
44,50,3002.0,3149.0,147.0,-100.0,69.9,94.0
40,69,3026.0,3149.0,123.0,-100.0,41.0,92.0
44,63,3083.0,3149.0,66.0,-100.0,69.9,59.5
35,78,3090.0,3149.0,59.0,-100.0,83.2,89.7
24,44,3099.0,3149.0,50.0,-100.0,49.8,69.9
30,33,2565.0,3150.0,585.0,-99.9,60.5,86.2
70,79,2578.0,3150.0,572.0,-100.0,35.2,80.2
46,47,2817.0,3150.0,333.0,-100.0,77.6,32.8
34,72,2994.0,3150.0,156.0,-100.2,72.5,33.0
56,59,3049.0,3150.0,101.0,-100.0,44.6,70.0
7,18,2957.0,3151.0,194.0,-100.0,81.4,36.6
7,63,3057.0,3151.0,94.0,-100.2,81.4,59.5
32,38,3076.0,3151.0,75.0,-100.0,64.3,47.0
7,17,2919.0,3152.0,233.0,-100.0,81.4,45.5
3,77,2977.0,3152.0,175.0,-100.0,85.9,50.2
34,63,3051.0,3152.0,101.0,-100.0,72.5,59.5
15,47,2775.0,3153.0,378.0,-100.0,53.8,32.8
5,71,2918.0,3153.0,235.0,-100.0,95.4,35.0
2,71,2984.0,3153.0,169.0,-100.0,33.8,35.0
1,48,3058.0,3153.0,95.0,-100.1,91.6,92.4
34,41,3111.0,3153.0,42.0,-100.0,72.5,75.5
17,24,3116.0,3153.0,37.0,-100.0,45.5,49.8
49,50,3013.0,3154.0,141.0,-100.0,36.5,94.0
48,65,3050.0,3154.0,104.0,-100.0,92.4,80.3
78,79,3065.0,3154.0,89.0,-100.0,89.7,80.2
4,9,3104.0,3154.0,50.0,-100.0,90.0,81.4
9,72,2932.0,3155.0,223.0,-100.0,81.4,33.0
44,55,3003.0,3155.0,152.0,-100.0,69.9,93.1
1,55,3037.0,3155.0,118.0,-100.1,91.6,93.1
9,14,3092.0,3155.0,63.0,-100.0,81.4,59.2
11,72,3109.0,3155.0,46.0,-100.0,64.4,33.0
6,17,2826.0,3156.0,330.0,-100.0,83.0,45.5
49,65,2893.0,3156.0,263.0,-100.0,36.5,80.3
7,56,3039.0,3156.0,117.0,-100.0,81.4,44.6
7,58,3045.0,3156.0,111.0,-100.0,81.4,33.5
55,73,2816.0,3157.0,341.0,-100.0,93.1,72.9
64,65,2925.0,3157.0,232.0,-100.0,63.4,80.3
72,77,3005.0,3157.0,152.0,-100.0,33.0,50.2
7,46,3044.0,3157.0,113.0,-100.1,81.4,77.6
17,55,3054.0,3157.0,103.0,-100.0,45.5,93.1
67,72,3075.0,3157.0,82.0,-100.0,61.3,33.0
59,70,3084.0,3157.0,73.0,-100.0,70.0,35.2
64,74,3115.0,3157.0,42.0,-100.0,63.4,56.1
38,39,2978.0,3158.0,180.0,-100.0,47.0,78.3
19,41,3050.0,3158.0,108.0,-100.0,60.3,75.5
19,72,3091.0,3158.0,67.0,-100.0,60.3,33.0
51,70,3104.0,3158.0,54.0,-100.0,82.9,35.2
45,59,3122.0,3158.0,36.0,-100.0,33.5,70.0
25,59,3078.0,3159.0,81.0,-100.1,53.4,70.0
35,59,3095.0,3159.0,64.0,-100.1,83.1,70.0
15,16,2737.0,3160.0,423.0,-100.0,53.8,71.6
3,9,3011.0,3160.0,149.0,-100.0,85.9,81.4
6,32,2980.0,3161.0,181.0,-100.0,83.0,64.3
27,67,2992.0,3161.0,169.0,-100.0,47.6,61.3
4,7,3101.0,3161.0,60.0,-100.0,90.0,81.4
11,42,2924.0,3162.0,238.0,-100.0,64.4,87.1
58,63,2938.0,3162.0,224.0,-100.0,33.5,59.5
1,64,3033.0,3162.0,129.0,-100.0,91.6,63.4
3,50,3082.0,3162.0,80.0,-100.1,85.9,94.0
4,17,3101.0,3162.0,61.0,-100.0,90.0,45.5
19,20,2824.0,3163.0,339.0,-100.0,60.3,56.0
44,68,2944.0,3163.0,219.0,-100.0,69.8,68.8
36,75,2982.0,3163.0,181.0,-100.0,64.1,81.0
7,11,3046.0,3163.0,117.0,-100.0,81.4,64.4
46,51,3056.0,3163.0,107.0,-100.0,77.6,82.9
12,71,2924.0,3164.0,240.0,-100.0,62.8,35.0
17,28,2988.0,3164.0,176.0,-100.0,45.5,93.3
47,53,3015.0,3164.0,149.0,-100.0,32.7,81.6
63,70,3023.0,3164.0,141.0,-100.0,59.5,35.2
50,68,2998.0,3165.0,167.0,-100.1,94.0,68.8
20,45,3038.0,3165.0,127.0,-100.0,56.0,33.5
75,78,3104.0,3165.0,61.0,-100.0,81.0,89.7
50,58,3119.0,3165.0,46.0,-100.0,94.0,33.5
15,75,2909.0,3166.0,257.0,-100.1,53.8,81.0
44,72,3008.0,3166.0,158.0,-100.1,69.8,33.0
6,72,3055.0,3166.0,111.0,-100.0,83.0,33.0
23,50,3066.0,3166.0,100.0,-100.0,52.5,94.0
7,35,3126.0,3166.0,40.0,-100.0,81.4,83.1
28,44,3008.0,3167.0,159.0,-99.9,93.3,69.8
55,65,3026.0,3167.0,141.0,-100.0,93.1,80.3
4,44,3107.0,3167.0,60.0,-100.1,90.0,69.8
37,52,2933.0,3168.0,235.0,-100.0,71.1,68.4
17,72,3032.0,3168.0,136.0,-100.0,45.5,33.0
7,31,3062.0,3168.0,106.0,-100.1,81.4,49.8
72,73,3131.0,3168.0,37.0,-100.0,33.0,72.9
18,42,2573.0,3169.0,596.0,-99.9,36.6,87.1
35,38,2944.0,3169.0,225.0,-100.1,83.1,47.0
1,24,3079.0,3169.0,90.0,-100.0,91.6,49.8
4,23,3134.0,3169.0,35.0,-100.0,90.0,52.5
0,1,3143.0,3169.0,26.0,-100.0,30.5,91.6
10,15,3060.0,3170.0,110.0,-100.0,36.2,53.8
4,77,3101.0,3170.0,69.0,-100.0,90.0,50.2
20,70,2698.0,3171.0,473.0,-100.0,56.0,35.2
6,58,2958.0,3171.0,213.0,-100.0,83.0,33.5
15,22,2989.0,3171.0,182.0,-100.0,53.8,52.6
38,59,3073.0,3171.0,98.0,-100.0,47.0,70.0
3,28,2811.0,3172.0,361.0,-100.0,85.9,93.2
3,44,3017.0,3172.0,155.0,-100.0,85.9,69.8
6,44,3043.0,3172.0,129.0,-100.0,83.0,69.8
4,58,3090.0,3172.0,82.0,-100.2,90.0,33.5
38,56,2887.0,3173.0,286.0,-100.0,47.0,44.6
28,68,2976.0,3173.0,197.0,-100.0,93.2,68.8
15,53,2987.0,3173.0,186.0,-100.0,53.8,81.6
6,7,3049.0,3173.0,124.0,-100.0,83.0,81.4
4,34,3082.0,3174.0,92.0,-100.0,90.0,72.5
19,51,3098.0,3174.0,76.0,-100.0,60.3,82.9
46,74,2867.0,3175.0,308.0,-100.0,77.6,56.1
12,15,3038.0,3175.0,137.0,-100.0,62.8,53.8
29,72,3058.0,3175.0,117.0,-100.0,91.0,33.0
51,72,3059.0,3175.0,116.0,-100.0,82.9,33.0
7,41,3113.0,3175.0,62.0,-100.0,81.4,75.5
65,72,3154.0,3175.0,21.0,-100.0,80.3,33.0
41,70,2955.0,3176.0,221.0,-100.0,75.5,35.2
23,28,2964.0,3176.0,212.0,-100.0,52.5,93.2
27,77,3026.0,3176.0,150.0,-100.0,47.6,50.2
4,70,3101.0,3176.0,75.0,-100.1,90.0,35.2
28,58,3102.0,3176.0,74.0,-100.1,93.2,33.5
35,41,3135.0,3176.0,41.0,-100.0,83.1,75.5
11,25,2821.0,3177.0,356.0,-100.0,64.3,53.4
4,67,2968.0,3177.0,209.0,-100.1,90.0,61.3
25,32,3098.0,3177.0,79.0,-100.0,53.4,64.3
24,49,3105.0,3177.0,72.0,-100.0,49.7,36.4
21,60,2741.0,3178.0,437.0,-100.0,43.1,38.8
52,62,2832.0,3178.0,346.0,-100.0,68.4,66.9
11,32,3057.0,3178.0,121.0,-100.0,64.3,64.3
50,71,3100.0,3178.0,78.0,-100.1,93.9,35.0
32,35,3105.0,3178.0,73.0,-100.0,64.3,83.1
28,71,3130.0,3178.0,48.0,-100.0,93.2,35.0
4,45,3000.0,3179.0,179.0,-100.0,90.0,33.5
10,75,3020.0,3179.0,159.0,-100.0,36.2,81.0
7,29,3063.0,3179.0,116.0,-100.0,81.4,91.0
50,64,3083.0,3179.0,96.0,-100.1,93.9,63.4
12,22,3106.0,3179.0,73.0,-99.9,62.8,52.5
24,65,3078.0,3180.0,102.0,-100.1,49.7,80.3
50,72,3118.0,3180.0,62.0,-100.0,93.9,33.0
23,77,2887.0,3181.0,294.0,-100.0,52.5,50.2
73,77,3012.0,3181.0,169.0,-100.0,72.9,50.2
37,75,3016.0,3181.0,165.0,-100.0,71.1,81.0
46,50,3116.0,3181.0,65.0,-100.1,77.6,93.9
51,71,3168.0,3181.0,13.0,-100.0,82.9,35.0
17,68,2832.0,3182.0,350.0,-100.0,45.5,68.8
46,70,2832.0,3182.0,350.0,-100.0,77.6,35.2
26,42,3019.0,3182.0,163.0,-100.0,74.8,87.1
41,56,3159.0,3182.0,23.0,-100.0,75.5,44.6
12,36,2748.0,3183.0,435.0,-100.0,62.8,64.1
48,72,2919.0,3183.0,264.0,-100.1,92.3,33.0
8,75,2970.0,3183.0,213.0,-100.0,71.8,81.0
15,71,3058.0,3183.0,125.0,-99.9,53.8,35.0
58,72,3070.0,3183.0,113.0,-100.0,33.5,33.0
7,44,2889.0,3184.0,295.0,-100.0,81.4,69.8
28,72,3015.0,3185.0,170.0,-100.0,93.2,33.0
4,46,3093.0,3185.0,92.0,-100.1,90.0,77.6
4,64,3112.0,3185.0,73.0,-100.0,90.0,63.4
7,9,3138.0,3185.0,47.0,-100.0,81.4,81.3
19,74,2206.0,3186.0,980.0,-100.0,60.3,56.1
6,64,2719.0,3186.0,467.0,-100.0,83.0,63.4
18,32,3044.0,3186.0,142.0,-100.0,36.6,64.3
20,67,3044.0,3186.0,142.0,-100.0,56.0,61.3
32,56,3050.0,3186.0,136.0,-100.0,64.3,44.5
41,45,3067.0,3186.0,119.0,-100.0,75.4,33.5
20,34,3076.0,3186.0,110.0,-100.0,56.0,72.5
57,73,2939.0,3187.0,248.0,-100.0,68.1,72.9
22,50,3072.0,3187.0,115.0,-100.0,52.5,93.9
10,42,3156.0,3187.0,31.0,-100.0,36.2,87.1
44,45,3159.0,3187.0,28.0,-100.0,69.8,33.5
11,46,2839.0,3188.0,349.0,-100.0,64.3,77.6
3,17,2979.0,3188.0,209.0,-100.0,85.9,45.5
6,46,2984.0,3188.0,204.0,-100.0,83.0,77.6
24,50,3010.0,3188.0,178.0,-100.0,49.7,93.9
48,68,3056.0,3188.0,132.0,-100.0,92.3,68.8
3,48,3064.0,3188.0,124.0,-100.1,85.9,92.3
14,57,3126.0,3188.0,62.0,-100.1,59.2,68.1
25,76,2698.0,3189.0,491.0,-100.0,53.4,73.8
7,19,3082.0,3189.0,107.0,-100.0,81.4,60.3
46,63,2914.0,3190.0,276.0,-100.0,77.6,59.4
35,79,2925.0,3190.0,265.0,-100.0,83.1,80.2
4,19,3071.0,3191.0,120.0,-100.0,90.0,60.3
7,67,3099.0,3191.0,92.0,-100.0,81.4,61.3
4,48,3128.0,3191.0,63.0,-100.0,90.0,92.3
55,58,3119.0,3192.0,73.0,-100.0,93.0,33.5
24,71,3143.0,3192.0,49.0,-100.0,49.7,35.0
48,74,3156.0,3192.0,36.0,-100.0,92.3,56.1
32,51,3047.0,3193.0,146.0,-100.0,64.3,82.9
8,69,3071.0,3193.0,122.0,-100.0,71.8,92.0
26,50,3074.0,3193.0,119.0,-100.0,74.8,93.9
28,46,3101.0,3193.0,92.0,-100.0,93.2,77.6
4,24,3158.0,3194.0,36.0,-100.0,90.0,49.7
50,70,3180.0,3194.0,14.0,-100.0,93.9,35.2
11,39,2901.0,3195.0,294.0,-100.0,64.3,78.2
25,35,2912.0,3195.0,283.0,-100.0,53.4,83.1
35,39,2939.0,3195.0,256.0,-100.0,83.1,78.2
62,69,3118.0,3195.0,77.0,-100.0,66.9,92.0
20,77,3119.0,3195.0,76.0,-100.0,56.0,50.2
32,50,3151.0,3195.0,44.0,-100.0,64.3,93.9
13,62,2952.0,3196.0,244.0,-100.0,86.8,66.9
17,29,3021.0,3196.0,175.0,-100.0,45.5,90.9
63,64,3059.0,3196.0,137.0,-100.0,59.4,63.4
22,28,3079.0,3196.0,117.0,-100.0,52.5,93.2
59,76,3115.0,3196.0,81.0,-100.0,69.9,73.8
28,64,2950.0,3197.0,247.0,-100.0,93.2,63.4
31,72,3079.0,3197.0,118.0,-100.0,49.8,32.9
4,72,3094.0,3197.0,103.0,-100.0,90.0,32.9
7,45,3110.0,3197.0,87.0,-100.1,81.4,33.5
22,24,3127.0,3198.0,71.0,-100.0,52.5,49.7
28,42,3132.0,3198.0,66.0,-100.0,93.2,87.1
58,77,3106.0,3199.0,93.0,-100.1,33.5,50.2
24,72,3130.0,3199.0,69.0,-100.1,49.7,32.9
6,26,3162.0,3199.0,37.0,-99.9,82.9,74.8
29,58,2862.0,3200.0,338.0,-100.0,90.9,33.5
7,34,3067.0,3200.0,133.0,-100.0,81.4,72.5
46,72,3068.0,3200.0,132.0,-100.0,77.6,32.9
42,50,3115.0,3200.0,85.0,-100.0,87.0,93.9
31,40,3161.0,3200.0,39.0,-100.0,49.8,41.0
52,69,3179.0,3200.0,21.0,-100.0,68.4,92.0
39,41,2957.0,3201.0,244.0,-100.0,78.2,75.4
64,72,3018.0,3201.0,183.0,-100.1,63.4,32.9
32,78,3118.0,3201.0,83.0,-100.0,64.3,89.7
32,75,3120.0,3201.0,81.0,-100.1,64.3,81.0
17,31,3058.0,3202.0,144.0,-100.0,45.4,49.8
24,74,3162.0,3202.0,40.0,-100.0,49.7,56.1
53,75,2915.0,3203.0,288.0,-100.0,81.6,81.0
42,51,2965.0,3203.0,238.0,-100.1,87.0,82.9
19,39,3027.0,3203.0,176.0,-100.0,60.2,78.2
34,58,3052.0,3203.0,151.0,-100.0,72.5,33.4
4,29,3077.0,3203.0,126.0,-100.0,90.0,90.9
14,54,3128.0,3203.0,75.0,-100.0,59.2,82.5
23,44,2956.0,3204.0,248.0,-100.0,52.4,69.8
63,72,3076.0,3204.0,128.0,-100.0,59.4,32.9
26,28,3082.0,3204.0,122.0,-100.1,74.8,93.2
31,44,3089.0,3204.0,115.0,-100.0,49.8,69.8
46,77,3113.0,3204.0,91.0,-100.0,77.6,50.1
47,72,3124.0,3204.0,80.0,-100.0,32.7,32.9
24,47,3170.0,3204.0,34.0,-100.0,49.7,32.7
22,51,3150.0,3206.0,56.0,-100.0,52.5,82.9
41,59,3124.0,3207.0,83.0,-100.2,75.4,69.9
4,56,3126.0,3207.0,81.0,-100.0,90.0,44.5
4,18,3127.0,3207.0,80.0,-100.1,90.0,36.6
50,69,3186.0,3207.0,21.0,-100.0,93.9,92.0
5,32,3200.0,3207.0,7.0,-100.1,95.4,64.3
24,63,3157.0,3208.0,51.0,-100.0,49.7,59.4
65,72,3190.0,3208.0,18.0,-100.0,80.3,32.9
23,72,3003.0,3209.0,206.0,-100.1,52.4,32.9
24,28,3063.0,3209.0,146.0,-100.0,49.7,93.2
4,31,3086.0,3209.0,123.0,-100.0,90.0,49.8
10,69,3099.0,3209.0,110.0,-100.1,36.2,92.0
9,20,3130.0,3209.0,79.0,-100.0,81.3,56.0
58,60,3134.0,3209.0,75.0,-100.0,33.4,38.8
4,26,3147.0,3209.0,62.0,-100.0,90.0,74.8
17,77,2871.0,3210.0,339.0,-100.0,45.4,50.1
33,54,2977.0,3210.0,233.0,-100.0,86.2,82.4
27,60,3051.0,3210.0,159.0,-100.0,47.6,38.8
14,65,3149.0,3210.0,61.0,-100.0,59.2,80.3
50,55,2973.0,3211.0,238.0,-100.0,93.9,93.0
4,6,3090.0,3211.0,121.0,-100.0,90.0,82.9
4,11,3122.0,3211.0,89.0,-100.0,90.0,64.3
4,50,3137.0,3211.0,74.0,-100.1,90.0,93.9
64,77,2861.0,3212.0,351.0,-100.0,63.4,50.1
3,73,3059.0,3212.0,153.0,-100.0,85.8,72.8
29,44,3061.0,3212.0,151.0,-100.0,90.9,69.8
72,74,3088.0,3212.0,124.0,-100.0,32.9,56.1
28,70,3166.0,3212.0,46.0,-100.0,93.2,35.2
26,49,2235.0,3213.0,978.0,-100.0,74.8,36.4
18,74,3020.0,3213.0,193.0,-100.0,36.6,56.1
3,24,3092.0,3213.0,121.0,-100.0,85.8,49.7
6,39,3121.0,3213.0,92.0,-100.0,82.9,78.2
4,51,3114.0,3214.0,100.0,-100.1,90.0,82.8
39,56,2903.0,3215.0,312.0,-100.0,78.2,44.5
9,27,2939.0,3216.0,277.0,-100.0,81.3,47.6
20,60,3077.0,3216.0,139.0,-100.1,56.0,38.8
50,74,3122.0,3216.0,94.0,-100.0,93.9,56.1
46,60,3163.0,3216.0,53.0,-100.0,77.6,38.8
44,46,3068.0,3217.0,149.0,-100.1,69.8,77.6
42,75,3096.0,3217.0,121.0,-100.0,87.0,81.0
4,28,3129.0,3217.0,88.0,-100.1,90.0,93.2
56,70,2997.0,3218.0,221.0,-100.0,44.5,35.2
53,62,3077.0,3218.0,141.0,-100.0,81.6,66.9
24,68,3088.0,3218.0,130.0,-100.0,49.7,68.8
31,50,3128.0,3218.0,90.0,-100.0,49.8,93.9
4,35,3140.0,3218.0,78.0,-100.1,90.0,83.1
10,62,2752.0,3219.0,467.0,-100.0,36.2,66.9
19,63,2978.0,3219.0,241.0,-100.0,60.2,59.4
17,34,2995.0,3219.0,224.0,-100.0,45.4,72.5
48,50,3003.0,3219.0,216.0,-100.0,92.3,93.9
49,55,3019.0,3219.0,200.0,-100.0,36.4,93.0
50,63,3122.0,3219.0,97.0,-100.0,93.9,59.4
48,56,3188.0,3219.0,31.0,-100.0,92.3,44.5
16,51,2942.0,3220.0,278.0,-100.0,71.5,82.8
28,48,3038.0,3220.0,182.0,-100.0,93.2,92.3
18,31,3056.0,3220.0,164.0,-100.0,36.6,49.8
42,71,3083.0,3220.0,137.0,-100.0,87.0,35.0
47,50,3120.0,3220.0,100.0,-100.1,32.7,93.9
48,63,3136.0,3220.0,84.0,-99.9,92.3,59.4
18,48,3181.0,3220.0,39.0,-100.0,36.6,92.3
3,55,3049.0,3221.0,172.0,-100.0,85.8,93.0
55,72,3119.0,3221.0,102.0,-100.0,93.0,32.9
28,67,3149.0,3221.0,72.0,-100.0,93.2,61.2
13,25,3206.0,3221.0,15.0,-100.0,86.8,53.3
18,63,3049.0,3222.0,173.0,-100.0,36.6,59.4
36,69,3097.0,3222.0,125.0,-100.0,64.1,92.0
26,72,3125.0,3222.0,97.0,-100.2,74.8,32.9
4,75,3158.0,3222.0,64.0,-100.2,90.0,81.0
4,71,3171.0,3222.0,51.0,-100.0,90.0,35.0
19,58,2708.0,3223.0,515.0,-100.0,60.2,33.4
44,64,2978.0,3223.0,245.0,-100.0,69.8,63.4
31,56,3000.0,3223.0,223.0,-100.0,49.8,44.5
68,73,3041.0,3223.0,182.0,-100.0,68.7,72.8
5,37,1637.0,3224.0,1587.0,-100.0,95.3,71.1
53,69,3057.0,3224.0,167.0,-100.0,81.6,92.0
37,69,3102.0,3224.0,122.0,-100.0,71.1,92.0
24,55,2829.0,3225.0,396.0,-100.0,49.7,93.0
28,31,3118.0,3225.0,107.0,-100.1,93.2,49.8
31,77,3125.0,3225.0,100.0,-100.0,49.8,50.1
5,69,3158.0,3225.0,67.0,-100.0,95.3,92.0
32,62,3183.0,3225.0,42.0,-100.1,64.3,66.8
14,77,3195.0,3225.0,30.0,-100.0,59.2,50.1
50,70,3196.0,3225.0,29.0,-100.0,93.9,35.2
14,65,3215.0,3225.0,10.0,-100.0,59.2,80.2
11,16,2447.0,3226.0,779.0,-100.0,64.3,71.5
76,79,2904.0,3226.0,322.0,-100.0,73.8,80.2
55,68,3023.0,3226.0,203.0,-100.0,93.0,68.7
44,58,3068.0,3226.0,158.0,-100.1,69.8,33.4
18,70,3096.0,3226.0,130.0,-100.0,36.6,35.2
46,55,3119.0,3226.0,107.0,-100.0,77.6,93.0
16,35,3137.0,3226.0,89.0,-100.0,71.5,83.1
58,67,3068.0,3227.0,159.0,-100.0,33.4,61.2
22,75,3162.0,3227.0,65.0,-100.0,52.5,81.0
31,58,2707.0,3228.0,521.0,-100.0,49.8,33.4
18,47,2880.0,3228.0,348.0,-100.0,36.6,32.7
32,74,3034.0,3228.0,194.0,-100.0,64.3,56.1
13,51,3164.0,3228.0,64.0,-100.0,86.8,82.8
17,19,3104.0,3229.0,125.0,-100.0,45.4,60.2
3,14,3148.0,3229.0,81.0,-100.0,85.8,59.2
49,68,2615.0,3230.0,615.0,-100.0,36.4,68.7
29,46,3000.0,3230.0,230.0,-100.0,90.9,77.6
44,48,3048.0,3230.0,182.0,-100.0,69.8,92.3
1,73,3055.0,3230.0,175.0,-100.0,91.5,72.8
4,12,3161.0,3230.0,69.0,-100.2,90.0,62.8
28,69,3191.0,3230.0,39.0,-100.0,93.2,92.0
56,63,2798.0,3231.0,433.0,-100.0,44.5,59.4
68,72,3017.0,3231.0,214.0,-100.0,68.7,32.9
1,57,3125.0,3231.0,106.0,-100.0,91.5,68.1
41,79,3140.0,3231.0,91.0,-100.1,75.4,80.1
19,28,3141.0,3231.0,90.0,-100.1,60.2,93.2
19,50,3153.0,3231.0,78.0,-100.0,60.2,93.9
10,36,2674.0,3232.0,558.0,-100.0,36.2,64.1
28,55,3021.0,3232.0,211.0,-100.0,93.2,93.0
51,63,3068.0,3232.0,164.0,-100.1,82.8,59.4
12,42,3071.0,3232.0,161.0,-100.0,62.8,87.0
8,38,3150.0,3232.0,82.0,-100.0,71.7,46.9
32,69,3152.0,3232.0,80.0,-100.1,64.2,92.0
44,77,2934.0,3233.0,299.0,-100.0,69.8,50.1
28,63,3114.0,3233.0,119.0,-100.0,93.2,59.4
16,50,3134.0,3233.0,99.0,-100.0,71.5,93.9
24,58,3138.0,3233.0,95.0,-100.0,49.7,33.4
51,69,3171.0,3233.0,62.0,-100.0,82.8,92.0
50,67,3200.0,3233.0,33.0,-100.0,93.9,61.2
12,31,3204.0,3233.0,29.0,-100.0,62.8,49.8
34,46,3051.0,3234.0,183.0,-100.0,72.4,77.6
1,33,3112.0,3234.0,122.0,-100.0,91.5,86.2
19,44,3117.0,3234.0,117.0,-100.0,60.2,69.8
35,50,3158.0,3234.0,76.0,-100.0,83.1,93.9
13,50,3179.0,3234.0,55.0,-100.0,86.8,93.9
0,72,3209.0,3234.0,25.0,-100.0,30.4,32.9
13,36,2906.0,3235.0,329.0,-100.0,86.8,64.1
34,44,2989.0,3235.0,246.0,-100.1,72.4,69.8
48,77,3045.0,3235.0,190.0,-100.1,92.3,50.1
16,75,3095.0,3235.0,140.0,-100.0,71.5,81.0
39,45,3101.0,3235.0,134.0,-100.0,78.2,33.4
4,40,3148.0,3235.0,87.0,-100.0,89.9,40.9
23,55,2789.0,3236.0,447.0,-100.0,52.4,93.0
17,48,3076.0,3236.0,160.0,-100.0,45.4,92.3
17,67,3080.0,3236.0,156.0,-100.0,45.4,61.2
6,70,3081.0,3236.0,155.0,-100.0,82.9,35.1
28,74,3119.0,3236.0,117.0,-100.0,93.2,56.1
15,22,3196.0,3236.0,40.0,-100.0,53.7,52.5
1,54,3121.0,3237.0,116.0,-100.0,91.5,82.4
36,53,3002.0,3238.0,236.0,-100.0,64.1,81.5
23,29,3017.0,3238.0,221.0,-99.9,52.4,90.9
32,47,3055.0,3238.0,183.0,-100.0,64.2,32.7
28,47,3123.0,3238.0,115.0,-100.0,93.2,32.7
4,55,3148.0,3238.0,90.0,-100.0,89.9,93.0
4,32,3158.0,3238.0,80.0,-100.0,89.9,64.2
16,69,3015.0,3239.0,224.0,-100.0,71.5,91.9
28,35,3160.0,3239.0,79.0,-100.2,93.2,83.1
35,77,3179.0,3239.0,60.0,-100.0,83.1,50.1
4,53,3195.0,3239.0,44.0,-100.0,89.9,81.5
12,37,2870.0,3240.0,370.0,-100.0,62.8,71.1
4,74,3120.0,3240.0,120.0,-100.0,89.9,56.1
7,77,3128.0,3240.0,112.0,-100.0,81.3,50.1
24,46,3137.0,3240.0,103.0,-100.0,49.7,77.6
32,36,3165.0,3240.0,75.0,-100.0,64.2,64.0
4,69,3181.0,3240.0,59.0,-100.0,89.9,91.9
17,23,2932.0,3241.0,309.0,-100.0,45.4,52.4
32,42,3044.0,3241.0,197.0,-100.0,64.2,87.0
6,48,3131.0,3241.0,110.0,-100.1,82.9,92.3
4,22,3161.0,3241.0,80.0,-100.0,89.9,52.5
6,24,3178.0,3241.0,63.0,-100.0,82.9,49.7
47,51,3039.0,3242.0,203.0,-100.1,32.7,82.8
59,79,3086.0,3242.0,156.0,-100.0,69.9,80.1
13,78,3140.0,3242.0,102.0,-100.0,86.8,89.6
32,63,3012.0,3243.0,231.0,-100.0,64.2,59.4
40,51,3042.0,3243.0,201.0,-100.0,40.9,82.8
23,24,3083.0,3243.0,160.0,-100.0,52.4,49.7
26,63,3121.0,3243.0,122.0,-100.0,74.8,59.4
4,47,3139.0,3243.0,104.0,-99.9,89.9,32.7
34,39,3147.0,3243.0,96.0,-100.0,72.4,78.2
3,14,3235.0,3243.0,8.0,-100.0,85.8,59.2
45,70,3083.0,3244.0,161.0,-100.0,33.4,35.1
44,67,3094.0,3244.0,150.0,-100.0,69.8,61.2
15,69,3040.0,3245.0,205.0,-100.1,53.7,91.9
38,78,3070.0,3245.0,175.0,-100.0,46.9,89.6
40,50,3140.0,3245.0,105.0,-100.0,40.9,93.9
45,48,3167.0,3245.0,78.0,-100.0,33.4,92.3
4,13,3180.0,3245.0,65.0,-100.0,89.9,86.8
18,35,3111.0,3246.0,135.0,-100.0,36.5,83.1
28,51,3126.0,3246.0,120.0,-100.0,93.2,82.8
17,60,3133.0,3246.0,113.0,-100.0,45.4,38.7
63,75,3142.0,3246.0,104.0,-100.0,59.4,81.0
12,69,3084.0,3247.0,163.0,-100.1,62.7,91.9
4,16,3152.0,3247.0,95.0,-100.1,89.9,71.5
24,31,3156.0,3247.0,91.0,-100.0,49.7,49.7
14,44,3163.0,3247.0,84.0,-100.0,59.1,69.8
24,45,3198.0,3247.0,49.0,-100.0,49.7,33.4
11,63,3039.0,3248.0,209.0,-100.0,64.3,59.4
8,13,3075.0,3248.0,173.0,-100.0,71.7,86.8
6,69,3214.0,3248.0,34.0,-100.0,82.9,91.9
10,12,2839.0,3249.0,410.0,-100.0,36.2,62.7
24,26,3119.0,3249.0,130.0,-100.0,49.7,74.8
28,34,3168.0,3249.0,81.0,-100.0,93.2,72.4
6,63,2847.0,3250.0,403.0,-99.9,82.9,59.4
55,64,3036.0,3250.0,214.0,-100.0,93.0,63.3
28,75,3158.0,3250.0,92.0,-100.0,93.2,81.0
45,79,3163.0,3250.0,87.0,-100.0,33.4,80.1
34,50,3183.0,3250.0,67.0,-100.0,72.4,93.9
24,35,3190.0,3250.0,60.0,-100.1,49.7,83.1
15,74,3196.0,3250.0,54.0,-100.0,53.7,56.1
42,53,2947.0,3251.0,304.0,-100.0,87.0,81.5
42,69,3008.0,3251.0,243.0,-100.1,87.0,91.9
18,19,3110.0,3251.0,141.0,-100.0,36.5,60.2
33,65,3116.0,3251.0,135.0,-100.0,86.1,80.2
29,50,3131.0,3251.0,120.0,-100.1,90.9,93.9
50,75,3148.0,3251.0,103.0,-100.0,93.9,81.0
51,55,3158.0,3251.0,93.0,-100.0,82.8,93.0
17,46,3021.0,3252.0,231.0,-100.0,45.4,77.5
6,31,2948.0,3253.0,305.0,-100.0,82.9,49.7
15,52,3017.0,3253.0,236.0,-100.0,53.7,68.3
11,50,3138.0,3253.0,115.0,-100.1,64.3,93.9
47,56,2193.0,3254.0,1061.0,-100.0,32.7,44.5
24,48,2745.0,3254.0,509.0,-100.2,49.7,92.3
16,74,3030.0,3254.0,224.0,-100.0,71.5,56.0
35,56,3087.0,3254.0,167.0,-100.1,83.1,44.5
9,58,3095.0,3254.0,159.0,-100.0,81.3,33.4
12,63,3142.0,3254.0,112.0,-100.0,62.7,59.4
31,70,3018.0,3255.0,237.0,-100.0,49.7,35.1
40,42,2745.0,3256.0,511.0,-100.0,40.9,87.0
36,52,2803.0,3256.0,453.0,-100.0,64.0,68.3
17,64,2914.0,3256.0,342.0,-100.0,45.4,63.3
46,67,3072.0,3256.0,184.0,-100.0,77.5,61.2
35,40,3126.0,3256.0,130.0,-100.0,83.1,40.9
50,51,3131.0,3256.0,125.0,-100.0,93.9,82.8
11,28,3136.0,3256.0,120.0,-100.0,64.3,93.2
53,63,3215.0,3256.0,41.0,-100.0,81.5,59.4
10,13,2973.0,3257.0,284.0,-100.0,36.2,86.8
9,44,3020.0,3257.0,237.0,-100.0,81.3,69.7
1,43,3130.0,3257.0,127.0,-100.0,91.5,36.0
2,69,3207.0,3257.0,50.0,-100.0,33.7,91.9
14,74,3247.0,3257.0,10.0,-100.0,59.1,56.0
29,63,2962.0,3258.0,296.0,-100.0,90.9,59.4
40,69,3157.0,3258.0,101.0,-100.0,40.9,91.9
51,74,3061.0,3259.0,198.0,-100.0,82.8,56.0
24,64,3104.0,3259.0,155.0,-100.1,49.7,63.3
28,29,3112.0,3259.0,147.0,-100.1,93.2,90.9
12,35,3164.0,3259.0,95.0,-100.1,62.7,83.0
35,70,2956.0,3260.0,304.0,-100.0,83.0,35.1
42,74,3012.0,3260.0,248.0,-100.0,87.0,56.0
57,65,3137.0,3260.0,123.0,-100.0,68.0,80.2
3,58,3044.0,3261.0,217.0,-100.0,85.8,33.4
40,75,3097.0,3261.0,164.0,-100.0,40.9,80.9
7,60,3129.0,3261.0,132.0,-100.0,81.3,38.7
28,77,3165.0,3261.0,96.0,-100.0,93.2,50.1
45,50,3174.0,3261.0,87.0,-100.0,33.4,93.9
54,61,2321.0,3262.0,941.0,-100.0,82.4,66.3
48,73,2808.0,3262.0,454.0,-100.0,92.3,72.8
6,79,3207.0,3262.0,55.0,-100.0,82.9,80.1
59,77,3212.0,3262.0,50.0,-100.0,69.9,50.1
45,69,3232.0,3262.0,30.0,-100.0,33.4,91.9
16,47,2785.0,3263.0,478.0,-100.0,71.5,32.7
31,51,3076.0,3263.0,187.0,-100.0,49.7,82.8
55,71,3127.0,3263.0,136.0,-100.0,93.0,34.9
6,35,3128.0,3263.0,135.0,-100.0,82.9,83.0
44,60,3134.0,3263.0,129.0,-100.0,69.7,38.7
18,39,3138.0,3263.0,125.0,-100.0,36.5,78.2
17,24,3154.0,3263.0,109.0,-100.0,45.4,49.7
67,73,3161.0,3263.0,102.0,-100.0,61.2,72.8
14,69,3248.0,3263.0,15.0,-100.0,59.1,91.9
48,51,3179.0,3264.0,85.0,-100.0,92.3,82.8
4,37,3198.0,3264.0,66.0,-100.0,89.9,71.0
9,17,3043.0,3265.0,222.0,-100.0,81.3,45.4
4,63,3099.0,3265.0,166.0,-100.1,89.9,59.4
47,75,3106.0,3265.0,159.0,-100.1,32.6,80.9
24,29,3163.0,3265.0,102.0,-100.0,49.7,90.9
14,68,3165.0,3265.0,100.0,-100.1,59.1,68.7
15,32,3178.0,3265.0,87.0,-100.0,53.7,64.2
8,12,3056.0,3266.0,210.0,-100.0,71.7,62.7
35,51,3119.0,3266.0,147.0,-100.1,83.0,82.8
1,14,3139.0,3266.0,127.0,-100.1,91.5,59.1
2,71,3182.0,3266.0,84.0,-100.0,33.7,34.9
65,73,3040.0,3267.0,227.0,-100.0,80.2,72.8
12,47,3085.0,3268.0,183.0,-100.0,62.7,32.6
19,24,3174.0,3268.0,94.0,-100.1,60.2,49.7
45,51,3181.0,3268.0,87.0,-100.2,33.4,82.8
14,29,3198.0,3268.0,70.0,-100.1,59.1,90.9
6,51,3060.0,3269.0,209.0,-100.0,82.9,82.8
6,50,3128.0,3269.0,141.0,-100.0,82.9,93.9
63,71,3159.0,3269.0,110.0,-100.0,59.3,34.9
19,56,3068.0,3270.0,202.0,-100.0,60.2,44.5
26,55,3081.0,3270.0,189.0,-100.0,74.7,93.0
31,45,3085.0,3270.0,185.0,-100.0,49.7,33.4
24,34,3183.0,3270.0,87.0,-100.0,49.7,72.4
1,58,3185.0,3270.0,85.0,-100.0,91.5,33.4
13,28,3190.0,3270.0,80.0,-100.0,86.8,93.1
19,73,3209.0,3270.0,61.0,-100.0,60.2,72.8
59,60,3222.0,3270.0,48.0,-100.0,69.9,38.7
12,19,3232.0,3270.0,38.0,-100.0,62.7,60.2
48,55,2760.0,3271.0,511.0,-100.0,92.2,92.9
35,45,3138.0,3271.0,133.0,-100.0,83.0,33.4
50,77,3199.0,3271.0,72.0,-100.1,93.8,50.1
30,72,3205.0,3271.0,66.0,-100.1,60.4,32.9
16,18,2842.0,3272.0,430.0,-99.9,71.5,36.5
48,58,3107.0,3272.0,165.0,-100.0,92.2,33.4
14,31,3190.0,3272.0,82.0,-100.0,59.1,49.7
41,78,3248.0,3272.0,24.0,-99.9,75.4,89.6
7,39,3109.0,3273.0,164.0,-100.0,81.3,78.2
13,42,3128.0,3273.0,145.0,-100.0,86.8,87.0
12,51,3139.0,3273.0,134.0,-100.0,62.7,82.8
48,60,3159.0,3273.0,114.0,-100.0,92.2,38.7
48,70,3162.0,3273.0,111.0,-100.0,92.2,35.1
4,52,3214.0,3273.0,59.0,-100.1,89.9,68.3
6,19,3030.0,3274.0,244.0,-100.0,82.9,60.2
46,73,3139.0,3274.0,135.0,-100.0,77.5,72.8
12,78,3168.0,3274.0,106.0,-100.0,62.7,89.6
63,69,3181.0,3274.0,93.0,-100.0,59.3,91.9
4,15,3194.0,3274.0,80.0,-100.1,89.9,53.7
2,4,3208.0,3274.0,66.0,-100.1,33.7,89.9
14,35,3213.0,3274.0,61.0,-100.2,59.1,83.0
58,64,3047.0,3275.0,228.0,-100.0,33.4,63.3
55,75,3177.0,3275.0,98.0,-100.1,92.9,80.9
14,34,3196.0,3275.0,79.0,-100.1,59.1,72.4
60,73,3197.0,3275.0,78.0,-100.0,38.7,72.8
68,72,3254.0,3275.0,21.0,-100.0,68.7,32.9
8,41,3266.0,3275.0,9.0,-100.0,71.7,75.4
51,56,3063.0,3276.0,213.0,-100.0,82.8,44.5
9,24,3181.0,3276.0,95.0,-100.1,81.3,49.6
11,24,3183.0,3276.0,93.0,-100.1,64.2,49.6
17,58,3019.0,3277.0,258.0,-100.0,45.4,33.4
35,63,3126.0,3277.0,151.0,-100.0,83.0,59.3
26,58,3139.0,3277.0,138.0,-100.0,74.7,33.4
24,67,3171.0,3277.0,106.0,-100.0,49.6,61.2
12,50,3145.0,3278.0,133.0,-100.0,62.7,93.8
50,56,3149.0,3278.0,129.0,-100.0,93.8,44.5
14,48,3174.0,3278.0,104.0,-100.0,59.1,92.2
18,51,2968.0,3279.0,311.0,-100.0,36.5,82.8
16,63,3075.0,3279.0,204.0,-100.0,71.5,59.3
45,75,3189.0,3279.0,90.0,-100.0,33.4,80.9
55,69,3198.0,3279.0,81.0,-100.0,92.9,91.9
40,77,3269.0,3279.0,10.0,-99.9,40.9,50.1
14,58,3161.0,3280.0,119.0,-100.0,59.1,33.4
55,77,3271.0,3280.0,9.0,-100.0,92.9,50.1
3,64,2875.0,3281.0,406.0,-100.0,85.8,63.3
29,70,3090.0,3281.0,191.0,-100.0,90.9,35.1
13,32,3142.0,3281.0,139.0,-100.0,86.7,64.2
28,79,3215.0,3281.0,66.0,-100.0,93.1,80.1
29,48,3116.0,3282.0,166.0,-100.0,90.9,92.2
58,73,3129.0,3282.0,153.0,-100.0,33.4,72.8
6,75,3160.0,3282.0,122.0,-100.0,82.9,80.9
14,46,3169.0,3282.0,113.0,-100.0,59.1,77.5
48,75,3193.0,3282.0,89.0,-100.1,92.2,80.9
11,14,3217.0,3282.0,65.0,-100.0,64.2,59.1
9,68,3275.0,3282.0,7.0,-99.9,81.2,68.7
69,75,3091.0,3283.0,192.0,-100.0,91.9,80.9
13,69,3098.0,3283.0,185.0,-100.0,86.7,91.9
0,30,2970.0,3284.0,314.0,-100.0,30.4,60.4
6,47,3083.0,3284.0,201.0,-100.0,82.9,32.6
39,70,2808.0,3285.0,477.0,-100.0,78.2,35.1
13,37,2966.0,3285.0,319.0,-100.0,86.7,71.0
28,50,2968.0,3285.0,317.0,-100.0,93.1,93.8
14,67,3182.0,3285.0,103.0,-100.0,59.1,61.2
22,68,2600.0,3286.0,686.0,-100.0,52.4,68.7
25,79,2916.0,3286.0,370.0,-100.0,53.3,80.1
39,59,3087.0,3286.0,199.0,-100.0,78.2,69.8
3,26,3104.0,3286.0,182.0,-100.0,85.8,74.7
26,51,3141.0,3286.0,145.0,-100.0,74.7,82.8
28,45,3169.0,3286.0,117.0,-100.0,93.1,33.4
35,60,3206.0,3286.0,80.0,-100.0,83.0,38.7
18,75,3123.0,3287.0,164.0,-100.0,36.5,80.9
32,37,3154.0,3287.0,133.0,-100.0,64.2,71.0
35,75,3155.0,3287.0,132.0,-100.1,83.0,80.9
31,63,2943.0,3288.0,345.0,-100.0,49.7,59.3
19,45,3008.0,3288.0,280.0,-100.0,60.2,33.4
3,72,3026.0,3288.0,262.0,-100.0,85.8,32.9
29,51,3077.0,3288.0,211.0,-100.1,90.9,82.8
31,75,3172.0,3288.0,116.0,-100.0,49.7,80.9
35,55,3189.0,3288.0,99.0,-100.0,83.0,92.9
14,19,3193.0,3288.0,95.0,-100.1,59.1,60.2
37,63,3230.0,3288.0,58.0,-100.0,71.0,59.3
22,26,2747.0,3289.0,542.0,-100.0,52.4,74.7
16,42,2849.0,3289.0,440.0,-100.0,71.5,87.0
24,73,2873.0,3289.0,416.0,-100.0,49.6,72.8
63,74,2943.0,3289.0,346.0,-100.1,59.3,56.0
34,70,3113.0,3289.0,176.0,-100.0,72.4,35.1
45,77,3144.0,3289.0,145.0,-100.1,33.4,50.1
25,50,3189.0,3289.0,100.0,-100.0,53.3,93.8
34,51,3189.0,3289.0,100.0,-100.0,72.4,82.8
14,60,3192.0,3289.0,97.0,-100.2,59.1,38.7
29,69,3221.0,3289.0,68.0,-100.1,90.9,91.9
14,65,3231.0,3289.0,58.0,-100.0,59.1,80.2
28,40,3146.0,3290.0,144.0,-100.0,93.1,40.9
39,50,3212.0,3290.0,78.0,-100.0,78.2,93.8
26,47,3078.0,3291.0,213.0,-100.0,74.7,32.6
56,75,3137.0,3291.0,154.0,-100.0,44.4,80.9
19,51,3175.0,3291.0,116.0,-100.1,60.2,82.8
24,60,3192.0,3291.0,99.0,-100.0,49.6,38.7
4,5,3205.0,3291.0,86.0,-100.1,89.9,95.3
14,23,3142.0,3292.0,150.0,-100.0,59.1,52.4
4,42,3160.0,3292.0,132.0,-100.0,89.9,87.0
11,48,3162.0,3292.0,130.0,-99.9,64.2,92.2
51,64,3196.0,3292.0,96.0,-100.0,82.8,63.3
23,73,3006.0,3293.0,287.0,-100.0,52.4,72.8
40,63,3083.0,3293.0,210.0,-100.0,40.9,59.3
34,48,3099.0,3293.0,194.0,-100.0,72.4,92.2
7,24,3232.0,3293.0,61.0,-100.0,81.3,49.6
9,73,2495.0,3294.0,799.0,-100.0,81.2,72.8
13,75,2862.0,3294.0,432.0,-100.0,86.7,80.9
9,14,3160.0,3294.0,134.0,-100.0,81.2,59.1
14,24,3172.0,3294.0,122.0,-100.0,59.1,49.6
12,16,3072.0,3295.0,223.0,-100.0,62.7,71.5
9,46,3097.0,3296.0,199.0,-100.0,81.2,77.5
6,77,3138.0,3296.0,158.0,-100.0,82.8,50.1
16,28,3147.0,3296.0,149.0,-100.0,71.5,93.1
39,60,3183.0,3296.0,113.0,-100.0,78.1,38.7
24,70,3192.0,3296.0,104.0,-100.0,49.6,35.1
38,56,3219.0,3296.0,77.0,-100.0,46.9,44.4
23,34,3223.0,3296.0,73.0,-100.0,52.4,72.4
24,59,3236.0,3296.0,60.0,-100.1,49.6,69.8
18,50,3135.0,3297.0,162.0,-100.0,36.5,93.8
29,35,3145.0,3297.0,152.0,-100.0,90.8,83.0
12,75,3009.0,3298.0,289.0,-100.0,62.7,80.9
48,67,3123.0,3298.0,175.0,-100.0,92.2,61.2
14,64,3164.0,3298.0,134.0,-100.1,59.1,63.3
13,63,3179.0,3298.0,119.0,-100.0,86.7,59.3
0,1,3181.0,3298.0,117.0,-100.0,30.3,91.4
34,69,3238.0,3298.0,60.0,-100.1,72.4,91.9
69,72,3248.0,3298.0,50.0,-100.1,91.9,32.8
13,16,3121.0,3299.0,178.0,-100.0,86.7,71.5
31,55,3143.0,3299.0,156.0,-100.0,49.7,92.9
12,28,3161.0,3299.0,138.0,-100.0,62.7,93.1
31,60,3169.0,3299.0,130.0,-100.0,49.7,38.7
14,26,3192.0,3299.0,107.0,-100.0,59.1,74.7
4,36,3204.0,3299.0,95.0,-100.1,89.9,64.0
32,45,3236.0,3299.0,63.0,-100.1,64.2,33.4
20,66,3163.0,3300.0,137.0,-100.0,55.9,82.6
19,55,3186.0,3300.0,114.0,-100.0,60.2,92.9
51,67,3191.0,3300.0,109.0,-100.1,82.8,61.1
18,55,3254.0,3300.0,46.0,-100.0,36.5,92.9
47,69,3167.0,3301.0,134.0,-100.1,32.6,91.9
5,62,2296.0,3302.0,1006.0,-100.0,95.3,66.8
16,32,3052.0,3302.0,250.0,-100.0,71.5,64.2
28,56,3150.0,3302.0,152.0,-100.0,93.1,44.4
9,51,3213.0,3302.0,89.0,-100.1,81.2,82.8
54,65,3133.0,3303.0,170.0,-100.0,82.4,80.2
44,70,3155.0,3303.0,148.0,-100.0,69.7,35.1
6,28,3113.0,3304.0,191.0,-100.0,82.8,93.1
67,69,3242.0,3304.0,62.0,-100.0,61.1,91.9
22,42,2721.0,3305.0,584.0,-100.0,52.4,86.9
32,40,3067.0,3305.0,238.0,-100.0,64.2,40.9
12,74,3125.0,3305.0,180.0,-100.0,62.7,56.0
22,69,3187.0,3305.0,118.0,-100.0,52.4,91.9
13,35,3201.0,3305.0,104.0,-100.0,86.7,83.0
11,69,3212.0,3305.0,93.0,-100.0,64.2,91.9
6,74,2999.0,3306.0,307.0,-100.0,82.8,56.0
0,65,3089.0,3306.0,217.0,-100.0,30.3,80.2
24,75,3200.0,3306.0,106.0,-100.0,49.6,80.9
49,63,3269.0,3306.0,37.0,-100.0,36.3,59.3
42,47,2880.0,3307.0,427.0,-100.0,86.9,32.6
25,45,3211.0,3307.0,96.0,-100.0,53.3,33.3
77,79,3215.0,3307.0,92.0,-100.0,50.0,80.1
23,58,3078.0,3308.0,230.0,-100.0,52.3,33.3
11,35,3089.0,3308.0,219.0,-100.0,64.2,83.0
41,76,3161.0,3308.0,147.0,-100.0,75.3,73.7
24,77,3176.0,3308.0,132.0,-100.0,49.6,50.0
29,75,3177.0,3308.0,131.0,-100.0,90.8,80.9
34,75,3200.0,3308.0,108.0,-100.1,72.4,80.9
11,51,3066.0,3309.0,243.0,-100.0,64.2,82.8
3,22,3127.0,3309.0,182.0,-100.0,85.7,52.4
49,72,3154.0,3309.0,155.0,-100.1,36.3,32.8
34,35,3164.0,3309.0,145.0,-100.0,72.4,83.0
51,60,3209.0,3309.0,100.0,-99.9,82.8,38.7
13,15,3061.0,3310.0,249.0,-100.0,86.7,53.6
5,15,3091.0,3310.0,219.0,-100.0,95.3,53.6
14,43,3096.0,3310.0,214.0,-100.1,59.1,35.9
11,45,3140.0,3310.0,170.0,-100.1,64.2,33.3
71,72,3151.0,3310.0,159.0,-100.0,34.9,32.8
58,65,3190.0,3310.0,120.0,-100.0,33.3,80.2
18,77,3192.0,3310.0,118.0,-100.0,36.5,50.0
52,72,3228.0,3310.0,82.0,-100.0,68.2,32.8
48,72,3267.0,3310.0,43.0,-100.1,92.2,32.8
10,45,3281.0,3310.0,29.0,-100.0,36.1,33.3
18,28,3136.0,3311.0,175.0,-100.0,36.5,93.1
18,45,3151.0,3311.0,160.0,-100.0,36.5,33.3
28,41,3254.0,3311.0,57.0,-100.1,93.1,75.3
2,35,3298.0,3311.0,13.0,-100.0,33.6,83.0
35,67,3176.0,3312.0,136.0,-100.0,83.0,61.1
56,77,3196.0,3312.0,116.0,-100.0,44.4,50.0
15,47,3198.0,3312.0,114.0,-100.0,53.6,32.6
45,74,3223.0,3312.0,89.0,-100.0,33.3,56.0
37,42,3131.0,3313.0,182.0,-100.0,71.0,86.9
40,74,3023.0,3314.0,291.0,-100.0,40.9,56.0
67,70,3121.0,3314.0,193.0,-100.0,61.1,35.1
26,29,3155.0,3314.0,159.0,-100.0,74.7,90.8
2,36,3164.0,3314.0,150.0,-100.0,33.6,64.0
42,55,3165.0,3314.0,149.0,-100.0,86.9,92.9
1,46,3191.0,3314.0,123.0,-100.0,91.4,77.5
60,70,3143.0,3315.0,172.0,-100.1,38.7,35.1
12,45,3201.0,3315.0,114.0,-100.0,62.7,33.3
28,38,3229.0,3315.0,86.0,-100.0,93.1,46.9
51,59,3246.0,3315.0,69.0,-100.0,82.7,69.8
34,77,2962.0,3316.0,354.0,-100.0,72.4,50.0
18,34,3174.0,3316.0,142.0,-100.0,36.5,72.4
28,53,3212.0,3316.0,104.0,-100.0,93.1,81.5
11,55,3178.0,3317.0,139.0,-100.0,64.2,92.9
24,66,3250.0,3317.0,67.0,-100.0,49.6,82.6
11,18,2933.0,3318.0,385.0,-100.0,64.2,36.5
6,11,3069.0,3318.0,249.0,-100.0,82.8,64.2
55,63,3139.0,3318.0,179.0,-100.0,92.9,59.3
14,77,3258.0,3318.0,60.0,-100.0,59.1,50.0
19,46,2933.0,3319.0,386.0,-100.0,60.1,77.5
17,43,3183.0,3319.0,136.0,-100.0,45.3,35.9
13,18,3187.0,3319.0,132.0,-100.0,86.7,36.5
8,45,3298.0,3319.0,21.0,-100.0,71.7,33.3
29,77,3102.0,3320.0,218.0,-100.0,90.8,50.0
55,74,3144.0,3320.0,176.0,-100.1,92.9,56.0
19,75,3190.0,3320.0,130.0,-100.1,60.1,80.9
48,74,3219.0,3320.0,101.0,-100.0,92.2,56.0
22,55,3078.0,3321.0,243.0,-100.0,52.4,92.9
15,62,3086.0,3321.0,235.0,-100.0,53.6,66.7
15,63,3205.0,3321.0,116.0,-100.0,53.6,59.3
46,54,3231.0,3321.0,90.0,-100.0,77.5,82.3
42,72,3266.0,3321.0,55.0,-100.0,86.9,32.8
9,48,2753.0,3322.0,569.0,-100.0,81.2,92.2
69,74,3175.0,3322.0,147.0,-100.0,91.9,56.0
1,69,3247.0,3322.0,75.0,-99.9,91.4,91.9
3,30,3265.0,3322.0,57.0,-100.0,85.7,60.3
12,55,3193.0,3323.0,130.0,-100.0,62.7,92.9
67,75,3203.0,3323.0,120.0,-100.0,61.1,80.9
26,34,3207.0,3323.0,116.0,-100.0,74.7,72.4
7,44,3211.0,3323.0,112.0,-100.1,81.2,69.7
12,77,3234.0,3323.0,89.0,-100.0,62.7,50.0
2,15,3036.0,3324.0,288.0,-100.0,33.6,53.6
58,68,3091.0,3324.0,233.0,-100.0,33.3,68.6
44,59,3233.0,3324.0,91.0,-100.0,69.7,69.8
9,69,3251.0,3324.0,73.0,-100.1,81.2,91.9
43,48,3270.0,3324.0,54.0,-100.0,35.9,92.2
23,75,3245.0,3325.0,80.0,-100.0,52.3,80.9
11,40,2838.0,3326.0,488.0,-100.0,64.2,40.8
26,48,3117.0,3326.0,209.0,-100.0,74.7,92.2
9,75,3226.0,3326.0,100.0,-100.0,81.2,80.9
6,32,3231.0,3326.0,95.0,-100.0,82.8,64.2
7,51,3257.0,3326.0,69.0,-100.0,81.2,82.7
29,31,2472.0,3327.0,855.0,-100.0,90.8,49.7
57,61,3120.0,3327.0,207.0,-100.0,68.0,66.2
20,27,3123.0,3327.0,204.0,-100.0,55.9,47.5
19,77,3127.0,3327.0,200.0,-100.0,60.1,50.0
20,44,3148.0,3327.0,179.0,-100.0,55.9,69.7
18,67,3201.0,3327.0,126.0,-99.9,36.5,61.1
60,75,3221.0,3327.0,106.0,-100.0,38.7,80.9
31,46,2952.0,3328.0,376.0,-100.0,49.7,77.5
42,52,3182.0,3328.0,146.0,-100.0,86.9,68.2
12,34,3223.0,3328.0,105.0,-100.1,62.7,72.4
37,62,2367.0,3329.0,962.0,-100.0,71.0,66.7
15,42,2896.0,3329.0,433.0,-100.0,53.6,86.9
32,78,3206.0,3329.0,123.0,-100.0,64.2,89.6
1,26,3210.0,3329.0,119.0,-100.0,91.4,74.7
58,61,3240.0,3329.0,89.0,-100.0,33.3,66.2
0,35,3299.0,3329.0,30.0,-100.0,30.3,83.0
10,40,3150.0,3331.0,181.0,-100.0,36.1,40.8
9,70,3164.0,3331.0,167.0,-100.0,81.2,35.0
31,69,3214.0,3331.0,117.0,-100.1,49.7,91.9
56,74,2948.0,3332.0,384.0,-100.0,44.4,56.0
44,73,3001.0,3332.0,331.0,-100.0,69.7,72.7
48,64,3066.0,3332.0,266.0,-100.0,92.2,63.3
32,56,3224.0,3332.0,108.0,-100.0,64.1,44.4
63,72,3252.0,3332.0,80.0,-100.0,59.3,32.8
28,76,3305.0,3332.0,27.0,-100.0,93.1,73.7
56,79,2398.0,3333.0,935.0,-100.0,44.4,80.0
67,77,3050.0,3333.0,283.0,-100.0,61.1,50.0
27,44,3146.0,3333.0,187.0,-100.0,47.4,69.7
71,74,3146.0,3333.0,187.0,-100.0,34.9,56.0
14,70,3203.0,3333.0,130.0,-100.0,59.1,35.0
47,48,3206.0,3333.0,127.0,-100.0,32.6,92.2
45,78,3290.0,3333.0,43.0,-100.0,33.3,89.6
17,44,2931.0,3334.0,403.0,-100.0,45.3,69.7
43,57,2986.0,3334.0,348.0,-100.0,35.9,68.0
19,70,2992.0,3334.0,342.0,-100.0,60.1,35.0
13,45,3221.0,3334.0,113.0,-100.0,86.7,33.3
29,64,2953.0,3335.0,382.0,-100.0,90.8,63.2
35,46,3218.0,3335.0,117.0,-100.0,83.0,77.5
20,59,3258.0,3335.0,77.0,-100.0,55.8,69.8
32,41,3266.0,3335.0,69.0,-100.0,64.1,75.3
6,13,3203.0,3336.0,133.0,-100.0,82.8,86.7
35,69,3206.0,3336.0,130.0,-100.1,83.0,91.8
4,62,3222.0,3336.0,114.0,-100.0,89.8,66.7
5,72,3254.0,3336.0,82.0,-100.0,95.2,32.8
31,72,3259.0,3336.0,77.0,-100.0,49.6,32.8
51,59,3328.0,3336.0,8.0,-100.0,82.7,69.8
54,57,2893.0,3337.0,444.0,-100.0,82.3,68.0
12,13,2938.0,3337.0,399.0,-100.0,62.7,86.7
1,68,2981.0,3337.0,356.0,-100.0,91.4,68.6
1,3,3058.0,3337.0,279.0,-100.0,91.4,85.7
47,55,3148.0,3337.0,189.0,-100.0,32.6,92.9
7,66,3220.0,3337.0,117.0,-100.0,81.2,82.6
19,69,3232.0,3337.0,105.0,-100.0,60.1,91.8
26,60,3235.0,3337.0,102.0,-100.0,74.7,38.7
21,66,2951.0,3338.0,387.0,-100.0,42.9,82.6
25,41,3166.0,3338.0,172.0,-100.0,53.2,75.3
44,66,3207.0,3338.0,131.0,-100.0,69.7,82.6
48,65,3233.0,3338.0,105.0,-100.1,92.2,80.1
14,54,3266.0,3338.0,72.0,-100.0,59.1,82.3
16,56,2513.0,3339.0,826.0,-100.0,71.4,44.4
12,40,3082.0,3339.0,257.0,-100.0,62.7,40.8
33,69,3337.0,3339.0,2.0,-100.1,86.1,91.8
43,58,3187.0,3340.0,153.0,-100.0,35.9,33.3
13,55,3214.0,3340.0,126.0,-100.0,86.7,92.9
14,66,3265.0,3340.0,75.0,-100.1,59.1,82.6
26,46,3127.0,3341.0,214.0,-100.0,74.7,77.5
46,64,3036.0,3342.0,306.0,-100.0,77.5,63.2
14,73,3116.0,3342.0,226.0,-100.2,59.1,72.7
8,32,3118.0,3342.0,224.0,-100.0,71.6,64.1
32,53,3107.0,3343.0,236.0,-100.0,64.1,81.4
26,31,3141.0,3343.0,202.0,-100.0,74.7,49.6
10,32,3147.0,3343.0,196.0,-100.0,36.1,64.1
45,53,3236.0,3343.0,107.0,-100.0,33.3,81.4
7,75,3298.0,3343.0,45.0,-100.0,81.2,80.9
22,45,3299.0,3343.0,44.0,-100.0,52.4,33.3
3,65,3005.0,3344.0,339.0,-100.0,85.7,80.1
7,43,3300.0,3344.0,44.0,-100.0,81.2,35.9
33,61,2908.0,3345.0,437.0,-100.0,86.1,66.2
34,64,2925.0,3345.0,420.0,-100.0,72.3,63.2
11,31,3032.0,3345.0,313.0,-100.0,64.2,49.6
47,71,3119.0,3345.0,226.0,-100.0,32.6,34.9
11,12,3144.0,3345.0,201.0,-100.0,64.2,62.6
1,61,3147.0,3345.0,198.0,-100.0,91.4,66.2
51,70,3192.0,3345.0,153.0,-100.0,82.7,35.0
54,58,3194.0,3345.0,151.0,-100.0,82.3,33.3
46,65,3198.0,3345.0,147.0,-100.1,77.5,80.1
12,67,3239.0,3345.0,106.0,-99.9,62.6,61.1
21,73,3263.0,3345.0,82.0,-100.0,42.9,72.7
19,72,3284.0,3345.0,61.0,-100.0,60.1,32.8
45,60,2725.0,3346.0,621.0,-100.0,33.3,38.6
1,23,3025.0,3346.0,321.0,-100.0,91.4,52.3
45,56,3144.0,3346.0,202.0,-100.0,33.3,44.4
64,75,3218.0,3346.0,128.0,-100.0,63.2,80.9
48,69,3230.0,3346.0,116.0,-100.0,92.2,91.8
1,48,3231.0,3346.0,115.0,-100.0,91.4,92.2
7,73,3249.0,3346.0,97.0,-100.1,81.2,72.7
14,59,3267.0,3346.0,79.0,-100.3,59.0,69.8
1,65,2926.0,3347.0,421.0,-100.0,91.4,80.1
72,74,3262.0,3347.0,85.0,-100.1,32.8,56.0
9,71,3285.0,3347.0,62.0,-100.0,81.2,34.8
59,77,3335.0,3347.0,12.0,-100.0,69.8,50.0
22,74,3124.0,3348.0,224.0,-100.0,52.4,56.0
14,75,3231.0,3348.0,117.0,-100.0,59.0,80.9
16,53,2957.0,3349.0,392.0,-100.0,71.4,81.4
13,53,2931.0,3350.0,419.0,-100.0,86.7,81.4
7,14,3264.0,3350.0,86.0,-100.0,81.2,59.0
6,41,3285.0,3350.0,65.0,-100.0,82.8,75.3
4,36,3308.0,3350.0,42.0,-100.0,89.8,63.9
11,75,3138.0,3351.0,213.0,-100.0,64.2,80.9
35,48,3175.0,3351.0,176.0,-100.1,83.0,92.2
2,42,3185.0,3351.0,166.0,-100.0,33.6,86.9
1,71,3224.0,3351.0,127.0,-100.1,91.4,34.8
35,72,3262.0,3351.0,89.0,-100.0,83.0,32.8
23,48,3040.0,3352.0,312.0,-100.0,52.3,92.2
26,67,3190.0,3352.0,162.0,-100.0,74.6,61.1
22,48,3233.0,3352.0,119.0,-100.0,52.4,92.2
21,59,3258.0,3352.0,94.0,-100.1,42.9,69.8
39,41,3304.0,3352.0,48.0,-100.0,78.1,75.3
47,74,2995.0,3353.0,358.0,-100.0,32.6,55.9
22,72,3134.0,3353.0,219.0,-100.0,52.4,32.8
51,77,3194.0,3353.0,159.0,-100.1,82.7,50.0
12,29,3197.0,3353.0,156.0,-100.0,62.6,90.8
3,35,3257.0,3353.0,96.0,-100.0,85.7,83.0
45,67,2800.0,3354.0,554.0,-100.0,33.3,61.1
74,75,3129.0,3354.0,225.0,-100.0,55.9,80.8
23,67,3133.0,3354.0,221.0,-100.0,52.3,61.1
1,64,3193.0,3354.0,161.0,-100.0,91.4,63.2
28,32,3214.0,3354.0,140.0,-100.1,93.1,64.1
1,74,3262.0,3354.0,92.0,-100.0,91.4,55.9
43,75,3311.0,3354.0,43.0,-99.9,35.9,80.8
11,47,2784.0,3355.0,571.0,-100.0,64.2,32.6
38,41,3157.0,3355.0,198.0,-100.0,46.8,75.3
60,64,3188.0,3355.0,167.0,-100.0,38.6,63.2
41,50,3249.0,3355.0,106.0,-100.0,75.3,93.8
14,27,3264.0,3355.0,91.0,-100.0,59.0,47.4
35,49,3283.0,3355.0,72.0,-100.0,83.0,36.3
47,63,3062.0,3356.0,294.0,-100.0,32.6,59.3
34,53,3277.0,3356.0,79.0,-100.0,72.3,81.4
65,75,3292.0,3356.0,64.0,-100.0,80.1,80.8
31,74,2922.0,3357.0,435.0,-100.0,49.6,55.9
22,71,3014.0,3357.0,343.0,-100.0,52.4,34.8
1,11,3295.0,3357.0,62.0,-100.0,91.4,64.2
58,69,3302.0,3357.0,55.0,-100.0,33.3,91.8
57,69,3319.0,3357.0,38.0,-100.0,67.9,91.8
34,41,3344.0,3357.0,13.0,-100.0,72.3,75.3
12,32,3122.0,3358.0,236.0,-100.0,62.6,64.1
6,12,3170.0,3358.0,188.0,-100.0,82.8,62.6
35,68,3243.0,3358.0,115.0,-100.0,82.9,68.6
47,72,3255.0,3358.0,103.0,-100.0,32.6,32.8
11,72,3301.0,3358.0,57.0,-100.0,64.2,32.8
18,29,3094.0,3359.0,265.0,-100.0,36.4,90.8
25,32,3228.0,3359.0,131.0,-100.0,53.2,64.1
40,47,2721.0,3360.0,639.0,-100.0,40.8,32.6
26,68,3025.0,3360.0,335.0,-100.0,74.6,68.6
45,47,3210.0,3360.0,150.0,-100.0,33.3,32.6
32,79,3291.0,3360.0,69.0,-100.0,64.1,80.0
27,77,3317.0,3360.0,43.0,-100.0,47.4,50.0
54,66,3326.0,3360.0,34.0,-100.0,82.3,82.6
15,36,3022.0,3361.0,339.0,-100.0,53.6,63.9
13,40,3135.0,3361.0,226.0,-100.0,86.7,40.8
22,63,3136.0,3361.0,225.0,-100.0,52.4,59.3
19,48,3142.0,3361.0,219.0,-100.0,60.1,92.2
50,79,3203.0,3361.0,158.0,-100.0,93.8,80.0
2,63,3224.0,3361.0,137.0,-100.0,33.6,59.3
34,74,3229.0,3361.0,132.0,-100.0,72.3,55.9
47,64,3263.0,3361.0,98.0,-100.0,32.6,63.2
2,52,3015.0,3362.0,347.0,-100.0,33.6,68.2
31,67,3049.0,3362.0,313.0,-100.0,49.6,61.1
53,78,3113.0,3363.0,250.0,-100.0,81.4,89.5
40,41,3326.0,3363.0,37.0,-100.0,40.8,75.3
18,40,2696.0,3364.0,668.0,-100.0,36.4,40.8
65,68,2835.0,3364.0,529.0,-100.0,80.1,68.6
1,72,3255.0,3364.0,109.0,-100.0,91.4,32.8
51,66,3271.0,3364.0,93.0,-100.0,82.7,82.6
36,37,2331.0,3365.0,1034.0,-100.0,63.9,70.9
10,53,3054.0,3365.0,311.0,-99.9,36.1,81.4
2,49,3190.0,3365.0,175.0,-100.0,33.6,36.3
35,71,3228.0,3365.0,137.0,-100.0,82.9,34.8
31,65,3236.0,3365.0,129.0,-100.0,49.6,80.1
13,31,3245.0,3365.0,120.0,-100.0,86.7,49.6
41,79,3248.0,3365.0,117.0,-100.0,75.3,80.0
50,76,3266.0,3365.0,99.0,-100.1,93.8,73.6
13,72,3280.0,3365.0,85.0,-100.1,86.7,32.8
32,50,3303.0,3366.0,63.0,-100.2,64.1,93.8
9,26,3210.0,3367.0,157.0,-100.0,81.2,74.6
37,53,3050.0,3368.0,318.0,-100.0,70.9,81.4
19,60,3113.0,3368.0,255.0,-100.0,60.1,38.6
12,60,3253.0,3368.0,115.0,-100.0,62.6,38.6
51,73,3257.0,3368.0,111.0,-100.1,82.7,72.7
27,51,3286.0,3368.0,82.0,-100.0,47.4,82.7
39,77,3180.0,3369.0,189.0,-100.0,78.1,50.0
7,21,3230.0,3369.0,139.0,-100.0,81.2,42.9
18,41,3264.0,3369.0,105.0,-100.0,36.4,75.3
29,74,3007.0,3370.0,363.0,-100.0,90.8,55.9
14,17,3123.0,3370.0,247.0,-100.0,59.0,45.3
2,72,3214.0,3370.0,156.0,-100.1,33.6,32.8
75,77,3208.0,3371.0,163.0,-100.1,80.8,50.0
1,13,3294.0,3371.0,77.0,-100.0,91.4,86.7
59,75,3327.0,3371.0,44.0,-100.1,69.8,80.8
41,72,3340.0,3371.0,31.0,-100.0,75.3,32.8
62,63,3344.0,3371.0,27.0,-100.0,66.7,59.2
26,71,2981.0,3372.0,391.0,-100.0,74.6,34.8
19,29,3007.0,3372.0,365.0,-100.0,60.1,90.8
13,56,3188.0,3372.0,184.0,-100.0,86.7,44.4
65,71,3228.0,3372.0,144.0,-100.0,80.1,34.8
1,63,3331.0,3372.0,41.0,-100.0,91.4,59.2
11,34,3143.0,3373.0,230.0,-100.0,64.2,72.3
18,32,3232.0,3373.0,141.0,-100.0,36.4,64.1
46,69,3250.0,3373.0,123.0,-100.1,77.4,91.8
1,49,3268.0,3373.0,105.0,-100.0,91.4,36.2
45,72,3292.0,3373.0,81.0,-100.0,33.3,32.8
9,72,3297.0,3374.0,77.0,-100.0,81.2,32.8
12,24,3359.0,3375.0,16.0,-100.0,62.6,49.5
17,59,3260.0,3376.0,116.0,-100.0,45.3,69.8
12,41,3276.0,3376.0,100.0,-100.1,62.6,75.3
18,28,3358.0,3376.0,18.0,-100.0,36.4,93.0
23,46,3084.0,3377.0,293.0,-100.0,52.3,77.4
13,34,3243.0,3377.0,134.0,-100.1,86.7,72.3
11,56,2279.0,3378.0,1099.0,-100.0,64.1,44.4
31,34,3059.0,3378.0,319.0,-100.0,49.6,72.3
18,60,3231.0,3378.0,147.0,-100.0,36.4,38.6
13,22,3234.0,3378.0,144.0,-100.0,86.7,52.3
59,66,3244.0,3378.0,134.0,-100.0,69.8,82.6
60,74,3257.0,3378.0,121.0,-100.0,38.6,55.9
26,35,3194.0,3379.0,185.0,-100.0,74.6,82.9
43,46,3217.0,3379.0,162.0,-100.0,35.9,77.4
0,69,3290.0,3379.0,89.0,-100.0,30.3,91.8
12,25,3185.0,3380.0,195.0,-100.0,62.6,53.2
2,45,3298.0,3380.0,82.0,-100.0,33.6,33.3
4,42,3310.0,3380.0,70.0,-100.0,89.8,86.9
31,64,3077.0,3381.0,304.0,-100.0,49.6,63.2
13,47,3154.0,3381.0,227.0,-100.0,86.6,32.5
24,44,3159.0,3381.0,222.0,-100.0,49.5,69.6
45,55,3219.0,3382.0,163.0,-100.1,33.3,92.8
59,73,3261.0,3382.0,121.0,-100.0,69.7,72.7
41,53,3290.0,3382.0,92.0,-100.0,75.3,81.4
10,72,3369.0,3382.0,13.0,-100.0,36.0,32.8
6,34,2963.0,3383.0,420.0,-100.0,82.8,72.3
32,38,3266.0,3383.0,117.0,-100.0,64.1,46.8
1,52,3319.0,3383.0,64.0,-100.0,91.4,68.2
28,53,3347.0,3383.0,36.0,-100.0,93.0,81.4
6,45,3112.0,3384.0,272.0,-100.0,82.8,33.3
17,66,3218.0,3384.0,166.0,-100.0,45.3,82.6
54,69,3313.0,3384.0,71.0,-100.0,82.3,91.8
19,26,3184.0,3385.0,201.0,-100.0,60.1,74.6
52,63,3244.0,3385.0,141.0,-100.0,68.2,59.2
60,65,3326.0,3385.0,59.0,-100.0,38.6,80.1
31,35,3138.0,3386.0,248.0,-100.1,49.6,82.9
34,56,3178.0,3386.0,208.0,-100.0,72.3,44.3
68,69,3244.0,3386.0,142.0,-100.0,68.6,91.8
3,69,3246.0,3386.0,140.0,-100.0,85.7,91.8
41,56,3274.0,3386.0,112.0,-100.1,75.2,44.3
48,61,3277.0,3386.0,109.0,-100.0,92.1,66.2
13,29,3227.0,3388.0,161.0,-100.0,86.6,90.8
67,74,3232.0,3388.0,156.0,-100.0,61.1,55.9
33,58,3277.0,3388.0,111.0,-100.0,86.0,33.3
53,67,3301.0,3388.0,87.0,-100.0,81.4,61.1
43,54,2819.0,3389.0,570.0,-100.0,35.9,82.3
29,45,3094.0,3389.0,295.0,-100.0,90.8,33.3
16,36,3186.0,3389.0,203.0,-100.0,71.4,63.9
13,60,3269.0,3389.0,120.0,-100.1,86.6,38.6
66,75,3285.0,3389.0,104.0,-100.1,82.6,80.8
54,59,3297.0,3389.0,92.0,-100.1,82.3,69.7
15,34,3311.0,3389.0,78.0,-100.0,53.6,72.3
29,41,3315.0,3389.0,74.0,-100.0,90.8,75.2
18,72,3349.0,3389.0,40.0,-100.1,36.4,32.7
46,61,3246.0,3390.0,144.0,-100.0,77.4,66.2
41,60,3307.0,3390.0,83.0,-100.0,75.2,38.6
10,50,3338.0,3390.0,52.0,-100.1,36.0,93.7
9,74,3251.0,3391.0,140.0,-100.0,81.1,55.9
15,67,3375.0,3391.0,16.0,-100.0,53.6,61.1
46,48,3110.0,3392.0,282.0,-100.0,77.4,92.1
10,16,3131.0,3392.0,261.0,-100.0,36.0,71.4
9,56,3308.0,3392.0,84.0,-100.0,81.1,44.3
12,77,3349.0,3392.0,43.0,-100.0,62.6,50.0
38,72,3367.0,3392.0,25.0,-100.0,46.8,32.7
15,45,3266.0,3393.0,127.0,-100.0,53.6,33.3
24,79,3269.0,3393.0,124.0,-100.0,49.5,80.0
34,37,3350.0,3394.0,44.0,-100.0,72.3,70.9
1,55,3361.0,3394.0,33.0,-100.0,91.3,92.8
1,31,3231.0,3395.0,164.0,-100.0,91.3,49.6
26,61,3306.0,3395.0,89.0,-100.0,74.6,66.2
0,31,3344.0,3395.0,51.0,-100.0,30.2,49.6
50,78,3346.0,3395.0,49.0,-100.0,93.7,89.5
7,75,3352.0,3395.0,43.0,-100.0,81.2,80.8
64,67,3093.0,3396.0,303.0,-100.0,63.2,61.1
11,29,3097.0,3396.0,299.0,-100.0,64.1,90.7
70,75,3214.0,3396.0,182.0,-100.0,35.0,80.8
0,48,3283.0,3396.0,113.0,-100.0,30.2,92.1
35,43,3304.0,3396.0,92.0,-100.0,82.9,35.9
15,53,3184.0,3397.0,213.0,-100.0,53.6,81.4
40,45,3193.0,3397.0,204.0,-100.0,40.8,33.3
69,71,3197.0,3397.0,200.0,-100.0,91.8,34.8
48,71,3232.0,3397.0,165.0,-100.0,92.1,34.8
27,59,3251.0,3397.0,146.0,-100.0,47.4,69.7
53,72,3319.0,3397.0,78.0,-100.0,81.4,32.7
19,74,3221.0,3398.0,177.0,-100.0,60.1,55.9
39,66,3284.0,3398.0,114.0,-100.0,78.0,82.5
4,63,3322.0,3398.0,76.0,-100.2,89.8,59.2
57,59,3365.0,3398.0,33.0,-100.0,67.9,69.7
7,20,3102.0,3399.0,297.0,-100.0,81.2,55.8
11,60,3199.0,3399.0,200.0,-100.0,64.1,38.6
3,48,3227.0,3399.0,172.0,-100.0,85.7,92.1
1,19,3252.0,3399.0,147.0,-100.0,91.3,60.1
73,75,3268.0,3399.0,131.0,-100.0,72.7,80.8
47,60,3316.0,3399.0,83.0,-100.0,32.5,38.6
9,23,2953.0,3400.0,447.0,-100.0,81.1,52.2
23,35,3220.0,3400.0,180.0,-100.0,52.2,82.9
27,66,2714.0,3401.0,687.0,-100.0,47.4,82.5
54,73,2968.0,3401.0,433.0,-100.0,82.3,72.6
19,34,3078.0,3401.0,323.0,-100.0,60.0,72.3
26,75,3180.0,3401.0,221.0,-100.0,74.6,80.8
13,67,3255.0,3401.0,146.0,-100.0,86.6,61.0
41,67,3323.0,3401.0,78.0,-100.0,75.2,61.0
35,61,3291.0,3402.0,111.0,-100.0,82.9,66.1
23,77,3341.0,3402.0,61.0,-100.0,52.2,50.0
33,71,3358.0,3402.0,44.0,-100.0,86.0,34.8
38,79,2763.0,3403.0,640.0,-100.0,46.8,80.0
29,53,3264.0,3403.0,139.0,-100.0,90.7,81.4
37,45,3268.0,3403.0,135.0,-100.0,70.9,33.3
26,77,3270.0,3403.0,133.0,-100.1,74.6,50.0
26,75,3402.0,3403.0,1.0,-100.0,74.6,80.8
16,55,3221.0,3404.0,183.0,-100.0,71.4,92.8
9,13,3274.0,3405.0,131.0,-100.0,81.1,86.6
53,60,3297.0,3405.0,108.0,-100.1,81.4,38.6
58,59,3357.0,3405.0,48.0,-100.0,33.2,69.7
6,18,3050.0,3406.0,356.0,-100.0,82.7,36.4
23,31,3125.0,3406.0,281.0,-100.0,52.2,49.6
19,35,3130.0,3406.0,276.0,-100.0,60.0,82.9
59,65,3348.0,3406.0,58.0,-100.1,69.7,80.1
25,72,3352.0,3406.0,54.0,-100.0,53.2,32.7
4,5,3319.0,3407.0,88.0,-100.1,89.8,95.2
28,50,3321.0,3407.0,86.0,-100.0,93.0,93.7
59,69,3339.0,3407.0,68.0,-100.0,69.7,91.8
33,48,3344.0,3407.0,63.0,-100.0,86.0,92.1
9,69,3369.0,3407.0,38.0,-100.0,81.1,91.8
35,74,3120.0,3408.0,288.0,-100.0,82.9,55.9
70,77,3149.0,3408.0,259.0,-100.0,35.0,49.9
34,55,3214.0,3408.0,194.0,-100.1,72.3,92.8
6,53,3227.0,3408.0,181.0,-100.0,82.7,81.4
24,77,3333.0,3408.0,75.0,-100.1,49.5,49.9
9,41,3338.0,3408.0,70.0,-100.1,81.1,75.2
19,69,3339.0,3408.0,69.0,-100.1,60.0,91.8
59,74,3360.0,3408.0,48.0,-100.0,69.7,55.9
19,65,3256.0,3409.0,153.0,-100.0,60.0,80.1
61,74,3354.0,3409.0,55.0,-99.9,66.1,55.9
40,53,2998.0,3411.0,413.0,-100.0,40.8,81.4
35,47,3148.0,3411.0,263.0,-100.0,82.9,32.5
6,10,3278.0,3411.0,133.0,-100.0,82.7,36.0
2,31,3282.0,3411.0,129.0,-100.0,33.5,49.6
26,59,3338.0,3411.0,73.0,-100.1,74.6,69.7
27,69,3348.0,3411.0,63.0,-100.1,47.4,91.8
50,72,3355.0,3411.0,56.0,-100.0,93.7,32.7
35,41,3357.0,3411.0,54.0,-100.1,82.9,75.2
12,56,3146.0,3412.0,266.0,-100.0,62.6,44.3
4,22,3379.0,3412.0,33.0,-100.0,89.8,52.3
9,65,3251.0,3413.0,162.0,-100.0,81.1,80.1
8,50,3335.0,3413.0,78.0,-100.1,71.6,93.7
1,42,3400.0,3413.0,13.0,-100.1,91.3,86.8
46,58,2927.0,3414.0,487.0,-100.0,77.4,33.2
8,53,3044.0,3414.0,370.0,-100.0,71.6,81.4
10,28,3232.0,3414.0,182.0,-100.1,36.0,93.0
13,35,3316.0,3414.0,98.0,-100.1,86.6,82.9
8,72,3352.0,3414.0,62.0,-100.1,71.6,32.7
37,50,3361.0,3414.0,53.0,-100.0,70.9,93.7
9,55,3348.0,3415.0,67.0,-100.0,81.1,92.8
64,68,2582.0,3416.0,834.0,-100.0,63.2,68.6
9,64,2993.0,3416.0,423.0,-100.0,81.1,63.2
19,67,3045.0,3416.0,371.0,-100.0,60.0,61.0
35,64,3200.0,3417.0,217.0,-100.0,82.9,63.2
7,17,3241.0,3417.0,176.0,-100.0,81.1,45.2
16,45,3221.0,3418.0,197.0,-100.0,71.4,33.2
13,19,3254.0,3418.0,164.0,-100.0,86.6,60.0
41,77,3320.0,3418.0,98.0,-100.0,75.2,49.9
15,50,3359.0,3418.0,59.0,-100.0,53.5,93.7
3,31,3129.0,3419.0,290.0,-100.0,85.6,49.6
9,11,3210.0,3419.0,209.0,-100.0,81.1,64.1
24,39,3232.0,3419.0,187.0,-100.1,49.5,78.0
11,59,3370.0,3419.0,49.0,-100.0,64.1,69.7
11,67,3162.0,3420.0,258.0,-100.0,64.1,61.0
14,20,3299.0,3420.0,121.0,-100.0,59.0,55.8
25,50,3311.0,3420.0,109.0,-100.0,53.1,93.7
12,50,3312.0,3420.0,108.0,-100.1,62.6,93.7
24,75,3331.0,3420.0,89.0,-100.0,49.5,80.8
13,59,3371.0,3420.0,49.0,-100.1,86.6,69.7
22,35,3213.0,3421.0,208.0,-100.0,52.3,82.9
59,70,3219.0,3421.0,202.0,-100.0,69.7,35.0
74,77,3263.0,3421.0,158.0,-100.0,55.9,49.9
56,72,3317.0,3421.0,104.0,-100.0,44.3,32.7
28,38,3357.0,3421.0,64.0,-100.0,93.0,46.7
27,75,3302.0,3422.0,120.0,-100.0,47.4,80.8
72,78,3357.0,3422.0,65.0,-100.0,32.7,89.5
27,73,3217.0,3423.0,206.0,-100.0,47.4,72.6
61,69,3282.0,3423.0,141.0,-100.0,66.1,91.8
67,69,3404.0,3423.0,19.0,-100.0,61.0,91.8
29,47,3142.0,3424.0,282.0,-100.0,90.7,32.5
46,71,3219.0,3424.0,205.0,-100.0,77.4,34.8
55,72,3268.0,3424.0,156.0,-100.2,92.8,32.7
7,59,3191.0,3425.0,234.0,-100.0,81.1,69.7
65,67,3284.0,3425.0,141.0,-100.0,80.0,61.0
2,41,3380.0,3425.0,45.0,-100.0,33.5,75.2
2,72,3380.0,3425.0,45.0,-100.0,33.5,32.7
13,77,3263.0,3426.0,163.0,-100.0,86.6,49.9
34,35,3316.0,3426.0,110.0,-100.0,72.3,82.9
5,45,3322.0,3426.0,104.0,-100.0,95.1,33.2
46,59,3361.0,3426.0,65.0,-100.0,77.4,69.7
9,31,3124.0,3427.0,303.0,-100.0,81.1,49.6
3,49,3156.0,3427.0,271.0,-100.0,85.6,36.2
41,73,3349.0,3427.0,78.0,-99.9,75.2,72.6
4,47,3384.0,3427.0,43.0,-100.0,89.8,32.5
41,69,3368.0,3428.0,60.0,-100.2,75.2,91.8
35,72,3379.0,3428.0,49.0,-100.0,82.9,32.7
23,69,3245.0,3429.0,184.0,-100.0,52.2,91.8
2,13,3287.0,3429.0,142.0,-100.0,33.5,86.6
1,45,3344.0,3429.0,85.0,-100.1,91.3,33.2
0,61,2667.0,3430.0,763.0,-100.0,30.2,66.1
38,76,2993.0,3430.0,437.0,-100.0,46.7,73.6
21,27,2996.0,3430.0,434.0,-100.0,42.8,47.4
12,38,3279.0,3430.0,151.0,-100.0,62.6,46.7
7,54,3291.0,3430.0,139.0,-100.0,81.1,82.2
39,73,3319.0,3430.0,111.0,-100.0,78.0,72.6
55,78,3320.0,3430.0,110.0,-100.0,92.8,89.5
15,72,3297.0,3431.0,134.0,-100.1,53.5,32.7
18,50,3304.0,3432.0,128.0,-100.1,36.4,93.7
41,66,3341.0,3432.0,91.0,-100.1,75.2,82.5
25,53,3204.0,3433.0,229.0,-100.0,53.1,81.3
11,35,3316.0,3433.0,117.0,-100.0,64.1,82.9
24,69,3382.0,3433.0,51.0,-100.1,49.5,91.8
5,42,3158.0,3434.0,276.0,-100.0,95.1,86.8
26,69,3218.0,3434.0,216.0,-100.1,74.6,91.8
54,70,3297.0,3434.0,137.0,-100.0,82.2,34.9
41,65,3351.0,3434.0,83.0,-100.1,75.2,80.0
10,37,2725.0,3435.0,710.0,-100.0,36.0,70.9
16,40,2701.0,3436.0,735.0,-100.0,71.3,40.7
3,61,3224.0,3436.0,212.0,-100.0,85.6,66.1
11,19,3083.0,3437.0,354.0,-100.0,64.1,60.0
6,50,3336.0,3437.0,101.0,-100.1,82.7,93.7
5,52,2969.0,3438.0,469.0,-100.0,95.1,68.1
50,60,3360.0,3438.0,78.0,-100.0,93.7,38.6
53,77,3366.0,3438.0,72.0,-100.1,81.3,49.9
25,28,3204.0,3439.0,235.0,-100.0,53.1,93.0
24,66,3327.0,3440.0,113.0,-100.0,49.5,82.5
43,77,3328.0,3440.0,112.0,-100.0,35.8,49.9
28,55,3366.0,3440.0,74.0,-100.1,93.0,92.8
4,71,3431.0,3440.0,9.0,-100.0,89.7,34.8
64,77,3267.0,3441.0,174.0,-100.0,63.1,49.9
61,68,3228.0,3442.0,214.0,-100.0,66.1,68.5
37,72,3322.0,3442.0,120.0,-100.0,70.9,32.7
2,34,3304.0,3443.0,139.0,-100.0,33.5,72.2
13,69,3356.0,3443.0,87.0,-100.1,86.6,91.7
9,35,3214.0,3444.0,230.0,-100.1,81.1,82.9
38,50,3218.0,3444.0,226.0,-100.0,46.7,93.7
43,68,3248.0,3444.0,196.0,-100.0,35.8,68.5
12,39,3343.0,3444.0,101.0,-100.0,62.6,78.0
24,65,3375.0,3444.0,69.0,-100.0,49.5,80.0
1,36,3382.0,3444.0,62.0,-100.0,91.3,63.8
8,28,3217.0,3445.0,228.0,-100.0,71.5,93.0
26,66,3313.0,3445.0,132.0,-100.0,74.6,82.5
69,74,3347.0,3445.0,98.0,-100.0,91.7,55.9
11,77,3172.0,3446.0,274.0,-100.0,64.1,49.9
43,69,3285.0,3446.0,161.0,-100.0,35.8,91.7
24,73,3338.0,3446.0,108.0,-100.0,49.5,72.6
13,61,3361.0,3446.0,85.0,-100.1,86.6,66.1
13,59,3441.0,3446.0,5.0,-100.2,86.6,69.7
40,50,3356.0,3447.0,91.0,-100.0,40.7,93.7
4,30,3361.0,3447.0,86.0,-100.2,89.7,60.2
29,50,3365.0,3447.0,82.0,-100.0,90.7,93.7
16,72,3326.0,3448.0,122.0,-100.0,71.3,32.7
30,48,3326.0,3448.0,122.0,-100.0,60.2,92.1
41,74,3336.0,3448.0,112.0,-100.1,75.2,55.9
64,69,3236.0,3449.0,213.0,-100.1,63.1,91.7
69,70,3295.0,3449.0,154.0,-100.1,91.7,34.9
50,67,3380.0,3449.0,69.0,-100.0,93.7,61.0
18,79,3149.0,3450.0,301.0,-100.0,36.3,79.9
55,67,3204.0,3450.0,246.0,-100.0,92.8,61.0
6,72,3313.0,3450.0,137.0,-100.1,82.7,32.7
10,38,3362.0,3450.0,88.0,-100.0,36.0,46.7
28,56,3366.0,3450.0,84.0,-100.0,93.0,44.3
18,32,3394.0,3450.0,56.0,-100.0,36.3,64.0
23,73,3336.0,3451.0,115.0,-100.0,52.2,72.6
41,61,3384.0,3451.0,67.0,-100.1,75.2,66.1
2,19,3317.0,3452.0,135.0,-100.0,33.5,60.0
15,60,3347.0,3452.0,105.0,-100.0,53.5,38.5
14,51,3214.0,3453.0,239.0,-100.1,58.9,82.6
40,72,3296.0,3453.0,157.0,-100.0,40.7,32.7
50,53,3325.0,3453.0,128.0,-100.0,93.7,81.3
26,41,3354.0,3453.0,99.0,-100.0,74.5,75.2
20,75,3367.0,3453.0,86.0,-100.0,55.7,80.7
46,48,3426.0,3453.0,27.0,-100.0,77.3,92.1
11,59,3435.0,3453.0,18.0,-100.0,64.1,69.7
3,19,3322.0,3454.0,132.0,-100.0,85.6,60.0
15,28,3352.0,3454.0,102.0,-100.1,53.5,93.0
61,65,3156.0,3455.0,299.0,-100.0,66.1,80.0
17,75,3323.0,3455.0,132.0,-100.1,45.2,80.7
11,69,3354.0,3455.0,101.0,-100.1,64.1,91.7
7,74,3397.0,3455.0,58.0,-100.1,81.1,55.8
5,36,2206.0,3456.0,1250.0,-100.0,95.1,63.8
26,65,3205.0,3456.0,251.0,-100.0,74.5,80.0
55,60,3278.0,3456.0,178.0,-100.0,92.8,38.5
58,70,3391.0,3456.0,65.0,-100.0,33.2,34.9
53,66,3395.0,3456.0,61.0,-100.0,81.3,82.5
59,70,3434.0,3456.0,22.0,-100.0,69.7,34.9
2,5,3048.0,3457.0,409.0,-100.0,33.5,95.1
73,77,3291.0,3457.0,166.0,-100.0,72.6,49.9
0,19,3373.0,3457.0,84.0,-100.0,30.2,60.0
73,79,3406.0,3457.0,51.0,-100.0,72.6,79.9
31,61,3302.0,3458.0,156.0,-100.0,49.5,66.1
13,66,3347.0,3458.0,111.0,-100.1,86.6,82.5
1,72,3383.0,3458.0,75.0,-100.0,91.3,32.7
35,50,3388.0,3458.0,70.0,-100.0,82.8,93.7
28,78,3222.0,3459.0,237.0,-100.0,93.0,89.4
66,74,3333.0,3459.0,126.0,-100.0,82.5,55.8
28,35,3418.0,3459.0,41.0,-100.0,93.0,82.8
12,44,3444.0,3459.0,15.0,-100.0,62.5,69.5
23,65,2941.0,3460.0,519.0,-100.0,52.2,80.0
51,75,3139.0,3460.0,321.0,-100.1,82.6,80.7
34,40,3236.0,3460.0,224.0,-100.0,72.2,40.7
59,64,3349.0,3460.0,111.0,-100.0,69.7,63.1
4,19,3409.0,3460.0,51.0,-100.0,89.7,60.0
16,60,3417.0,3460.0,43.0,-100.0,71.3,38.5
3,43,3330.0,3461.0,131.0,-100.0,85.6,35.8
44,75,3354.0,3461.0,107.0,-100.1,69.5,80.7
50,77,3384.0,3462.0,78.0,-100.0,93.7,49.9
7,61,3448.0,3462.0,14.0,-99.9,81.1,66.1
19,64,3130.0,3463.0,333.0,-100.0,60.0,63.1
26,73,3226.0,3463.0,237.0,-100.0,74.5,72.6
14,21,3285.0,3463.0,178.0,-100.1,58.9,42.8
29,72,3291.0,3463.0,172.0,-100.1,90.7,32.7
13,65,3315.0,3463.0,148.0,-100.1,86.6,80.0
50,56,3325.0,3463.0,138.0,-100.1,93.7,44.3
10,18,3371.0,3463.0,92.0,-100.0,36.0,36.3
14,75,3393.0,3463.0,70.0,-100.1,58.9,80.7
13,71,3396.0,3463.0,67.0,-100.0,86.6,34.7
37,67,3400.0,3463.0,63.0,-100.0,70.8,61.0
41,46,3449.0,3463.0,14.0,-100.0,75.2,77.3
9,19,3132.0,3464.0,332.0,-100.0,81.1,60.0
43,59,3328.0,3464.0,136.0,-100.0,35.8,69.7
50,55,3356.0,3464.0,108.0,-100.0,93.7,92.8
7,49,3457.0,3464.0,7.0,-100.0,81.1,36.2
13,73,3352.0,3465.0,113.0,-100.1,86.6,72.6
17,24,3367.0,3465.0,98.0,-100.0,45.2,49.5
69,79,3442.0,3465.0,23.0,-99.9,91.7,79.9
39,51,3227.0,3466.0,239.0,-100.0,78.0,82.6
1,50,3448.0,3466.0,18.0,-100.0,91.3,93.7
44,51,3252.0,3467.0,215.0,-100.0,69.5,82.6
60,72,3310.0,3467.0,157.0,-100.0,38.5,32.7
5,31,3364.0,3467.0,103.0,-100.0,95.1,49.5
26,43,3265.0,3468.0,203.0,-100.0,74.5,35.8
65,77,3312.0,3468.0,156.0,-100.0,80.0,49.9
50,69,3406.0,3468.0,62.0,-100.2,93.7,91.7
69,77,3360.0,3469.0,109.0,-100.0,91.7,49.9
59,61,3365.0,3469.0,104.0,-100.1,69.7,66.1
24,54,3382.0,3469.0,87.0,-100.0,49.5,82.2
24,43,3390.0,3469.0,79.0,-100.0,49.5,35.8
3,70,3411.0,3469.0,58.0,-100.0,85.6,34.9
33,41,3449.0,3469.0,20.0,-100.1,85.9,75.2
17,70,3182.0,3470.0,288.0,-100.0,45.2,34.9
57,58,3222.0,3470.0,248.0,-100.0,67.8,33.2
15,29,3308.0,3470.0,162.0,-100.0,53.5,90.7
4,31,3381.0,3470.0,89.0,-100.1,89.7,49.5
27,43,3282.0,3471.0,189.0,-99.9,47.3,35.8
23,59,3350.0,3471.0,121.0,-100.1,52.2,69.7
7,19,3445.0,3471.0,26.0,-100.1,81.1,60.0
0,43,3326.0,3472.0,146.0,-100.0,30.2,35.8
28,37,3349.0,3472.0,123.0,-100.0,92.9,70.8
7,59,3430.0,3472.0,42.0,-100.1,81.1,69.7
36,60,3442.0,3472.0,30.0,-100.0,63.8,38.5
10,78,3140.0,3473.0,333.0,-99.9,35.9,89.4
65,74,3278.0,3473.0,195.0,-100.0,80.0,55.8
67,72,3295.0,3473.0,178.0,-100.0,61.0,32.7
43,74,3323.0,3473.0,150.0,-100.0,35.8,55.8
4,52,3339.0,3473.0,134.0,-100.0,89.7,68.1
19,41,3367.0,3473.0,106.0,-100.0,60.0,75.2
5,72,3411.0,3473.0,62.0,-100.0,95.1,32.7
1,34,3287.0,3474.0,187.0,-100.1,91.3,72.2
2,9,3323.0,3474.0,151.0,-100.0,33.5,81.1
49,61,3329.0,3474.0,145.0,-100.0,36.1,66.1
3,59,3369.0,3474.0,105.0,-100.1,85.6,69.7
41,59,3381.0,3474.0,93.0,-100.1,75.2,69.7
47,59,3409.0,3474.0,65.0,-100.0,32.4,69.7
22,59,3412.0,3474.0,62.0,-100.0,52.3,69.7
32,53,3426.0,3474.0,48.0,-100.0,64.0,81.3
0,46,3259.0,3475.0,216.0,-100.0,30.2,77.3
22,29,3267.0,3475.0,208.0,-100.0,52.2,90.7
4,49,3368.0,3475.0,107.0,-100.0,89.7,36.1
31,68,3160.0,3476.0,316.0,-100.0,49.5,68.5
0,59,3368.0,3476.0,108.0,-100.1,30.2,69.7
2,69,3396.0,3476.0,80.0,-100.0,33.5,91.7
47,52,3302.0,3477.0,175.0,-100.0,32.4,68.1
73,74,3332.0,3478.0,146.0,-100.0,72.6,55.8
24,70,3369.0,3478.0,109.0,-100.0,49.4,34.9
16,28,3348.0,3479.0,131.0,-100.1,71.3,92.9
22,52,3225.0,3480.0,255.0,-100.0,52.2,68.1
3,46,3021.0,3482.0,461.0,-100.0,85.6,77.3
32,76,3304.0,3482.0,178.0,-100.0,64.0,73.5
41,57,3439.0,3482.0,43.0,-100.1,75.2,67.8
31,47,3090.0,3483.0,393.0,-100.0,49.5,32.4
31,71,3199.0,3483.0,284.0,-100.0,49.5,34.7
24,64,3388.0,3483.0,95.0,-100.0,49.4,63.1
21,44,3201.0,3484.0,283.0,-100.0,42.8,69.5
19,43,3302.0,3484.0,182.0,-100.0,60.0,35.8
66,69,3360.0,3484.0,124.0,-100.1,82.5,91.7
40,69,3437.0,3484.0,47.0,-100.0,40.7,91.7
35,78,3450.0,3485.0,35.0,-100.0,82.8,89.4
3,71,3176.0,3486.0,310.0,-100.0,85.6,34.7
56,67,3212.0,3486.0,274.0,-100.0,44.2,61.0
6,69,3451.0,3486.0,35.0,-100.0,82.7,91.7
26,70,3238.0,3487.0,249.0,-100.1,74.5,34.9
59,71,3365.0,3487.0,122.0,-100.1,69.6,34.7
24,74,3370.0,3487.0,117.0,-100.0,49.4,55.8
52,71,3439.0,3487.0,48.0,-100.0,68.1,34.7
29,34,2996.0,3488.0,492.0,-100.0,90.7,72.2
23,74,3250.0,3488.0,238.0,-100.0,52.2,55.8
70,74,3298.0,3488.0,190.0,-100.0,34.9,55.8
23,26,3090.0,3489.0,399.0,-100.0,52.2,74.5
6,15,3281.0,3489.0,208.0,-100.0,82.7,53.5
2,67,3321.0,3489.0,168.0,-100.0,33.4,61.0
2,29,3314.0,3490.0,176.0,-99.9,33.4,90.7
13,43,3347.0,3490.0,143.0,-100.0,86.5,35.8
37,60,3362.0,3490.0,128.0,-100.0,70.8,38.5
11,24,3374.0,3490.0,116.0,-100.0,64.0,49.4
12,32,3394.0,3490.0,96.0,-100.1,62.5,64.0
33,48,3412.0,3490.0,78.0,-100.0,85.9,92.0
19,23,3181.0,3491.0,310.0,-100.0,60.0,52.2
15,40,3219.0,3491.0,272.0,-100.0,53.5,40.7
53,79,3350.0,3491.0,141.0,-100.0,81.3,79.9
2,77,3385.0,3491.0,106.0,-100.0,33.4,49.9
1,28,3415.0,3491.0,76.0,-100.1,91.2,92.9
50,61,3437.0,3491.0,54.0,-100.1,93.6,66.1
50,65,3403.0,3493.0,90.0,-100.0,93.6,80.0
23,66,3359.0,3494.0,135.0,-100.0,52.2,82.5
24,26,3371.0,3494.0,123.0,-100.0,49.4,74.5
9,72,3376.0,3494.0,118.0,-100.0,81.0,32.6
50,66,3400.0,3494.0,94.0,-100.0,93.6,82.5
15,35,3417.0,3495.0,78.0,-100.1,53.5,82.8
0,70,3421.0,3495.0,74.0,-100.0,30.1,34.9
64,74,3236.0,3496.0,260.0,-100.0,63.1,55.8
21,51,3312.0,3496.0,184.0,-100.0,42.8,82.6
19,61,3317.0,3496.0,179.0,-100.0,60.0,66.0
41,68,3408.0,3496.0,88.0,-100.0,75.1,68.5
64,65,3206.0,3497.0,291.0,-100.0,63.1,80.0
1,9,3252.0,3497.0,245.0,-100.1,91.2,81.0
50,73,3407.0,3497.0,90.0,-100.0,93.6,72.6
14,39,3409.0,3497.0,88.0,-100.0,58.9,77.9
34,60,3097.0,3498.0,401.0,-100.0,72.2,38.5
22,34,3272.0,3498.0,226.0,-100.0,52.2,72.2
27,54,3273.0,3498.0,225.0,-100.0,47.3,82.2
11,65,3293.0,3498.0,205.0,-100.0,64.0,80.0
7,68,3409.0,3498.0,89.0,-100.1,81.1,68.5
17,27,3135.0,3499.0,364.0,-100.0,45.2,47.3
34,47,3228.0,3499.0,271.0,-100.0,72.2,32.4
7,71,3409.0,3499.0,90.0,-100.1,81.1,34.7
1,37,3450.0,3499.0,49.0,-100.0,91.2,70.8
17,51,3306.0,3500.0,194.0,-100.1,45.2,82.6
3,64,3346.0,3500.0,154.0,-100.0,85.5,63.1
7,57,3370.0,3500.0,130.0,-100.0,81.1,67.8
3,58,3389.0,3500.0,111.0,-100.0,85.5,33.2
22,77,3421.0,3500.0,79.0,-100.0,52.2,49.9
26,64,3101.0,3501.0,400.0,-100.0,74.5,63.1
2,22,3200.0,3501.0,301.0,-100.0,33.4,52.2
1,5,3327.0,3501.0,174.0,-100.0,91.2,95.1
5,29,3401.0,3501.0,100.0,-99.9,95.1,90.6
23,24,3402.0,3501.0,99.0,-100.0,52.1,49.4
22,31,3180.0,3502.0,322.0,-100.0,52.2,49.5
24,41,3353.0,3502.0,149.0,-100.1,49.4,75.1
69,73,3355.0,3502.0,147.0,-100.0,91.7,72.5
28,40,3367.0,3502.0,135.0,-100.1,92.9,40.7
11,61,3369.0,3502.0,133.0,-100.0,64.0,66.0
68,71,3154.0,3503.0,349.0,-100.0,68.5,34.7
30,49,3168.0,3503.0,335.0,-99.9,60.2,36.1
0,71,3255.0,3503.0,248.0,-100.0,30.1,34.7
38,53,3328.0,3503.0,175.0,-100.0,46.7,81.3
4,59,3418.0,3503.0,85.0,-100.0,89.7,69.6
24,58,3420.0,3503.0,83.0,-100.1,49.4,33.1
13,54,3426.0,3503.0,77.0,-100.0,86.5,82.2
7,48,3453.0,3503.0,50.0,-100.0,81.1,92.0
7,43,3360.0,3504.0,144.0,-100.0,81.1,35.7
13,70,3362.0,3504.0,142.0,-100.0,86.5,34.9
59,68,3365.0,3504.0,139.0,-100.1,69.6,68.5
35,53,3394.0,3504.0,110.0,-100.1,82.8,81.3
47,49,3300.0,3505.0,205.0,-100.0,32.4,36.1
9,40,3322.0,3505.0,183.0,-100.0,81.0,40.7
13,17,3413.0,3505.0,92.0,-100.0,86.5,45.1
23,61,3268.0,3506.0,238.0,-99.9,52.1,66.0
0,58,3289.0,3506.0,217.0,-100.0,30.1,33.1
6,28,3344.0,3506.0,162.0,-100.0,82.6,92.9
35,69,3349.0,3506.0,157.0,-100.0,82.8,91.7
27,70,3248.0,3507.0,259.0,-99.9,47.3,34.9
12,79,3258.0,3507.0,249.0,-100.0,62.5,79.9
6,78,3268.0,3507.0,239.0,-100.0,82.6,89.4
11,66,3324.0,3507.0,183.0,-100.0,64.0,82.4
14,17,3410.0,3508.0,98.0,-100.0,58.9,45.1
48,59,3418.0,3508.0,90.0,-100.2,92.0,69.6
14,32,3451.0,3508.0,57.0,-100.2,58.9,64.0
20,21,3120.0,3511.0,391.0,-100.0,55.7,42.8
17,21,3213.0,3511.0,298.0,-100.0,45.1,42.8
65,70,3282.0,3511.0,229.0,-100.0,80.0,34.9
11,73,3325.0,3511.0,186.0,-100.0,64.0,72.5
35,77,3358.0,3511.0,153.0,-100.0,82.8,49.8
51,54,3396.0,3511.0,115.0,-100.1,82.5,82.1
2,50,3403.0,3511.0,108.0,-100.0,33.4,93.6
53,73,3409.0,3511.0,102.0,-100.0,81.3,72.5
25,35,3426.0,3511.0,85.0,-100.0,53.1,82.8
17,50,3457.0,3511.0,54.0,-100.1,45.1,93.6
55,77,3384.0,3512.0,128.0,-100.0,92.7,49.8
15,16,3194.0,3513.0,319.0,-100.0,53.4,71.3
43,65,3201.0,3513.0,312.0,-100.0,35.7,80.0
2,47,3237.0,3513.0,276.0,-100.0,33.4,32.4
3,41,3405.0,3513.0,108.0,-100.1,85.5,75.1
8,35,3431.0,3513.0,82.0,-100.0,71.5,82.8
38,69,3431.0,3513.0,82.0,-100.0,46.7,91.7
7,70,3090.0,3514.0,424.0,-100.0,81.0,34.9
1,22,3247.0,3514.0,267.0,-100.0,91.2,52.2
56,77,3362.0,3514.0,152.0,-100.1,44.2,49.8
28,72,3363.0,3514.0,151.0,-100.0,92.9,32.6
1,77,3419.0,3514.0,95.0,-100.1,91.2,49.8
65,69,3257.0,3515.0,258.0,-100.0,80.0,91.7
17,20,3165.0,3516.0,351.0,-100.0,45.1,55.7
7,24,3403.0,3516.0,113.0,-100.1,81.0,49.4
28,29,3391.0,3517.0,126.0,-100.1,92.9,90.6
6,8,3274.0,3518.0,244.0,-100.0,82.6,71.5
45,72,3381.0,3518.0,137.0,-100.1,33.1,32.6
35,37,3414.0,3518.0,104.0,-100.0,82.8,70.8
20,24,3419.0,3518.0,99.0,-100.0,55.7,49.4
32,44,3453.0,3518.0,65.0,-100.0,64.0,69.5
50,71,3457.0,3518.0,61.0,-100.1,93.6,34.7
2,38,3472.0,3518.0,46.0,-100.0,33.4,46.7
28,61,3491.0,3518.0,27.0,-100.0,92.9,66.0
43,50,3428.0,3519.0,91.0,-100.1,35.7,93.6
63,72,3437.0,3519.0,82.0,-100.2,59.1,32.6
47,77,3443.0,3519.0,76.0,-100.0,32.4,49.8
6,25,3200.0,3520.0,320.0,-100.0,82.6,53.0
5,77,3454.0,3520.0,66.0,-100.0,95.0,49.8
17,32,3501.0,3520.0,19.0,-100.0,45.1,64.0
41,51,3478.0,3521.0,43.0,-100.0,75.1,82.5
30,52,3298.0,3522.0,224.0,-100.0,60.1,68.0
37,77,3432.0,3522.0,90.0,-100.0,70.8,49.8
15,38,3390.0,3523.0,133.0,-100.0,53.4,46.6
0,41,3409.0,3523.0,114.0,-100.0,30.1,75.1
6,9,3437.0,3523.0,86.0,-100.0,82.6,81.0
64,73,3061.0,3524.0,463.0,-100.0,63.1,72.5
64,66,3326.0,3524.0,198.0,-100.0,63.1,82.4
48,52,3348.0,3524.0,176.0,-100.0,92.0,68.0
14,79,3435.0,3524.0,89.0,-100.0,58.9,79.9
2,40,3319.0,3525.0,206.0,-100.0,33.4,40.6
5,34,3343.0,3525.0,182.0,-100.0,95.0,72.2
50,70,3429.0,3525.0,96.0,-100.1,93.6,34.9
34,67,3035.0,3526.0,491.0,-100.0,72.2,60.9
39,44,3249.0,3526.0,277.0,-100.0,77.9,69.5
6,65,3493.0,3526.0,33.0,-100.0,82.6,79.9
14,44,3258.0,3527.0,269.0,-100.0,58.9,69.5
4,31,3499.0,3527.0,28.0,-100.0,89.7,49.5
0,33,2933.0,3528.0,595.0,-100.0,30.1,85.9
4,52,3485.0,3528.0,43.0,-100.0,89.7,68.0
77,78,3494.0,3528.0,34.0,-100.0,49.8,89.4
11,74,2911.0,3529.0,618.0,-100.0,64.0,55.8
2,55,3248.0,3529.0,281.0,-100.0,33.4,92.7
1,67,3285.0,3529.0,244.0,-100.0,91.2,60.9
15,56,3311.0,3529.0,218.0,-100.0,53.4,44.2
13,41,3325.0,3529.0,204.0,-100.1,86.5,75.1
20,54,3358.0,3529.0,171.0,-100.1,55.7,82.1
28,60,3393.0,3529.0,136.0,-100.0,92.9,38.5
28,62,3442.0,3529.0,87.0,-100.0,92.9,66.5
31,48,3126.0,3530.0,404.0,-100.0,49.5,92.0
44,54,3435.0,3530.0,95.0,-100.0,69.5,82.1
4,46,3446.0,3530.0,84.0,-100.0,89.7,77.3
55,60,3488.0,3530.0,42.0,-100.0,92.7,38.5
1,47,3267.0,3531.0,264.0,-100.0,91.2,32.4
24,27,3367.0,3531.0,164.0,-100.0,49.4,47.2
44,74,3448.0,3531.0,83.0,-100.0,69.5,55.8
26,44,3458.0,3531.0,73.0,-100.0,74.5,69.5
38,65,3461.0,3531.0,70.0,-100.0,46.6,79.9
1,29,3306.0,3532.0,226.0,-100.0,91.2,90.6
29,35,3331.0,3532.0,201.0,-100.0,90.6,82.8
41,50,3469.0,3532.0,63.0,-100.1,75.1,93.6
65,66,3331.0,3533.0,202.0,-100.0,79.9,82.4
41,71,3396.0,3533.0,137.0,-100.0,75.1,34.7
41,74,3474.0,3533.0,59.0,-100.0,75.1,55.8
35,67,3314.0,3535.0,221.0,-100.0,82.8,60.9
30,31,3367.0,3535.0,168.0,-100.0,60.1,49.4
8,29,3468.0,3535.0,67.0,-100.0,71.4,90.6
4,19,3496.0,3535.0,39.0,-100.0,89.6,59.9
6,16,3121.0,3536.0,415.0,-100.0,82.6,71.2
28,67,3413.0,3536.0,123.0,-100.0,92.9,60.9
50,74,3426.0,3536.0,110.0,-100.0,93.6,55.8
51,74,3428.0,3536.0,108.0,-100.0,82.5,55.8
27,41,3393.0,3537.0,144.0,-100.0,47.2,75.1
23,68,2709.0,3538.0,829.0,-100.0,52.1,68.4
9,29,3074.0,3538.0,464.0,-100.0,81.0,90.6
7,23,3392.0,3538.0,146.0,-100.0,81.0,52.1
34,77,3439.0,3538.0,99.0,-100.0,72.1,49.8
51,58,3439.0,3538.0,99.0,-100.1,82.5,33.1
9,61,3351.0,3539.0,188.0,-100.0,81.0,66.0
11,17,3445.0,3539.0,94.0,-100.0,64.0,45.1
26,41,3467.0,3539.0,72.0,-100.0,74.5,75.1
13,64,3291.0,3540.0,249.0,-100.0,86.5,63.0
20,41,3481.0,3540.0,59.0,-100.0,55.6,75.1
28,77,3431.0,3541.0,110.0,-100.0,92.9,49.8
4,33,3442.0,3541.0,99.0,-100.0,89.6,85.9
50,58,3478.0,3541.0,63.0,-100.0,93.6,33.1
53,55,3247.0,3542.0,295.0,-100.0,81.2,92.7
26,51,3420.0,3542.0,122.0,-100.0,74.5,82.5
60,63,3495.0,3542.0,47.0,-100.0,38.4,59.1
9,60,3116.0,3543.0,427.0,-100.0,81.0,38.4
69,76,3466.0,3543.0,77.0,-99.9,91.6,73.4
62,77,3511.0,3543.0,32.0,-100.0,66.5,49.8
17,39,3391.0,3544.0,153.0,-100.0,45.1,77.9
61,64,3304.0,3545.0,241.0,-100.0,66.0,63.0
7,64,3404.0,3545.0,141.0,-100.0,81.0,63.0
41,48,3450.0,3545.0,95.0,-100.0,75.1,92.0
28,47,3472.0,3545.0,73.0,-100.0,92.9,32.4
11,35,3530.0,3545.0,15.0,-100.0,64.0,82.8
50,64,3424.0,3546.0,122.0,-100.1,93.6,63.0
1,71,3492.0,3546.0,54.0,-100.0,91.2,34.7
48,68,3215.0,3547.0,332.0,-100.0,92.0,68.4
6,37,3277.0,3547.0,270.0,-100.0,82.6,70.8
23,41,3368.0,3547.0,179.0,-100.0,52.1,75.1
27,74,3375.0,3547.0,172.0,-100.0,47.2,55.8
17,74,3396.0,3547.0,151.0,-100.0,45.1,55.8
23,35,3533.0,3547.0,14.0,-100.0,52.1,82.8
56,60,3237.0,3548.0,311.0,-100.0,44.2,38.4
3,33,3281.0,3548.0,267.0,-100.0,85.5,85.9
22,67,3292.0,3548.0,256.0,-100.0,52.2,60.9
7,41,3403.0,3548.0,145.0,-100.0,81.0,75.1
3,48,3434.0,3548.0,114.0,-100.0,85.5,92.0
26,50,3448.0,3548.0,100.0,-100.0,74.5,93.6
13,48,3522.0,3548.0,26.0,-100.0,86.5,92.0
11,26,3181.0,3549.0,368.0,-100.0,64.0,74.5
3,7,3402.0,3549.0,147.0,-100.0,85.5,81.0
13,58,3430.0,3549.0,119.0,-100.0,86.5,33.1
28,45,3464.0,3549.0,85.0,-100.1,92.9,33.1
7,51,3475.0,3549.0,74.0,-100.1,81.0,82.5
22,35,3532.0,3549.0,17.0,-100.0,52.2,82.8
2,66,3408.0,3550.0,142.0,-100.0,33.4,82.4
11,58,3469.0,3550.0,81.0,-100.0,64.0,33.1
29,60,3129.0,3551.0,422.0,-100.1,90.6,38.4
13,74,3168.0,3551.0,383.0,-100.0,86.5,55.8
53,56,3216.0,3551.0,335.0,-100.0,81.2,44.2
19,68,3255.0,3551.0,296.0,-100.0,59.9,68.4
17,26,3369.0,3551.0,182.0,-100.0,45.1,74.5
48,50,3496.0,3551.0,55.0,-100.0,92.0,93.6
15,55,3239.0,3552.0,313.0,-100.0,53.4,92.7
41,70,3370.0,3553.0,183.0,-100.1,75.1,34.8
27,58,3385.0,3553.0,168.0,-100.0,47.2,33.1
28,63,3459.0,3553.0,94.0,-100.0,92.9,59.1
7,50,3465.0,3554.0,89.0,-100.1,81.0,93.6
4,49,3482.0,3554.0,72.0,-100.0,89.6,36.1
4,57,3489.0,3554.0,65.0,-99.9,89.6,67.8
4,71,3534.0,3554.0,20.0,-100.0,89.6,34.6
32,79,3401.0,3555.0,154.0,-100.0,63.9,79.8
15,18,3415.0,3555.0,140.0,-100.0,53.4,36.2
11,41,3321.0,3556.0,235.0,-100.0,64.0,75.1
2,60,3340.0,3556.0,216.0,-100.0,33.4,38.4
41,43,3368.0,3556.0,188.0,-100.0,75.1,35.7
41,58,3420.0,3556.0,136.0,-100.0,75.1,33.1
28,36,3421.0,3556.0,135.0,-100.0,92.9,63.7
1,38,3457.0,3556.0,99.0,-100.0,91.2,46.6
18,38,3216.0,3557.0,341.0,-100.0,36.2,46.6
0,7,3398.0,3557.0,159.0,-100.0,30.1,81.0
23,50,3439.0,3557.0,118.0,-100.1,52.1,93.6
49,71,3048.0,3558.0,510.0,-100.0,36.1,34.6
1,60,3336.0,3558.0,222.0,-100.0,91.2,38.4
22,28,3470.0,3558.0,88.0,-100.0,52.2,92.9
3,23,2928.0,3559.0,631.0,-100.0,85.5,52.1
48,49,3287.0,3559.0,272.0,-100.0,92.0,36.1
4,68,3424.0,3559.0,135.0,-100.0,89.6,68.4
2,71,3433.0,3559.0,126.0,-100.0,33.4,34.6
47,48,3481.0,3559.0,78.0,-100.0,32.4,92.0
2,6,3431.0,3560.0,129.0,-100.0,33.4,82.6
30,59,3476.0,3560.0,84.0,-100.0,60.1,69.6
17,54,3215.0,3561.0,346.0,-100.0,45.1,82.1
9,47,3274.0,3561.0,287.0,-100.0,81.0,32.4
9,22,3292.0,3561.0,269.0,-100.0,81.0,52.2
7,13,3406.0,3561.0,155.0,-100.0,81.0,86.5
1,66,3446.0,3561.0,115.0,-100.1,91.2,82.4
44,58,3516.0,3561.0,45.0,-100.0,69.4,33.1
35,48,3538.0,3561.0,23.0,-100.0,82.7,92.0
5,63,3229.0,3562.0,333.0,-100.0,95.0,59.1
5,67,3385.0,3562.0,177.0,-100.0,95.0,60.9
7,11,3419.0,3562.0,143.0,-100.0,81.0,64.0
1,55,3450.0,3562.0,112.0,-100.0,91.2,92.7
7,17,3503.0,3562.0,59.0,-100.0,81.0,45.1
34,45,3104.0,3563.0,459.0,-100.0,72.1,33.1
13,26,3292.0,3563.0,271.0,-100.0,86.5,74.4
8,38,3356.0,3563.0,207.0,-100.0,71.4,46.6
14,76,3480.0,3563.0,83.0,-100.0,58.8,73.4
16,77,3482.0,3563.0,81.0,-100.0,71.2,49.8
26,27,3330.0,3564.0,234.0,-100.0,74.4,47.2
11,43,3334.0,3564.0,230.0,-100.0,64.0,35.7
41,64,3351.0,3564.0,213.0,-100.1,75.1,63.0
34,63,3426.0,3564.0,138.0,-100.0,72.1,59.1
22,48,3476.0,3564.0,88.0,-100.0,52.2,92.0
60,67,2825.0,3565.0,740.0,-100.0,38.4,60.9
7,27,3220.0,3565.0,345.0,-100.1,81.0,47.2
13,23,3318.0,3565.0,247.0,-100.0,86.5,52.1
20,74,3438.0,3565.0,127.0,-100.0,55.6,55.7
1,40,3347.0,3566.0,219.0,-100.0,91.2,40.6
2,61,3376.0,3566.0,190.0,-100.0,33.4,66.0
44,79,3402.0,3566.0,164.0,-100.0,69.4,79.8
52,59,3418.0,3566.0,148.0,-100.1,68.0,69.6
11,50,3406.0,3567.0,161.0,-100.0,64.0,93.6
11,71,3408.0,3567.0,159.0,-100.0,64.0,34.6
20,58,3418.0,3567.0,149.0,-100.0,55.6,33.1
19,48,3428.0,3567.0,139.0,-100.0,59.9,91.9
4,24,3497.0,3567.0,70.0,-100.0,89.6,49.4
4,70,3542.0,3567.0,25.0,-100.0,89.6,34.8
23,51,3500.0,3568.0,68.0,-100.0,52.1,82.5
2,23,3397.0,3569.0,172.0,-100.0,33.4,52.1
55,65,3419.0,3569.0,150.0,-100.0,92.7,79.9
1,70,3476.0,3569.0,93.0,-100.0,91.2,34.8
4,50,3514.0,3569.0,55.0,-100.2,89.6,93.6
9,67,3076.0,3570.0,494.0,-100.0,81.0,60.9
35,64,3516.0,3571.0,55.0,-100.0,82.7,63.0
4,51,3520.0,3571.0,51.0,-100.0,89.6,82.5
56,77,3558.0,3571.0,13.0,-99.9,44.2,49.8
11,70,2749.0,3572.0,823.0,-100.0,64.0,34.8
5,9,3374.0,3572.0,198.0,-99.9,95.0,81.0
7,20,3476.0,3572.0,96.0,-100.0,81.0,55.6
60,73,3503.0,3572.0,69.0,-100.0,38.4,72.5
22,49,2688.0,3573.0,885.0,-100.0,52.2,36.0
39,79,2930.0,3573.0,643.0,-100.0,77.9,79.8
53,69,3413.0,3573.0,160.0,-100.1,81.2,91.6
1,64,3487.0,3573.0,86.0,-100.0,91.2,63.0
11,44,3532.0,3573.0,41.0,-100.0,64.0,69.4
25,38,2989.0,3574.0,585.0,-100.0,53.0,46.6
15,78,3293.0,3575.0,282.0,-100.0,53.4,89.3
31,59,3394.0,3575.0,181.0,-100.0,49.4,69.6
1,6,3413.0,3575.0,162.0,-100.0,91.2,82.6
62,72,3421.0,3575.0,154.0,-100.0,66.5,32.6
15,69,3467.0,3575.0,108.0,-100.0,53.4,91.6
2,70,3429.0,3576.0,147.0,-100.0,33.4,34.8
50,68,3519.0,3577.0,58.0,-100.0,93.5,68.4
20,26,3420.0,3578.0,158.0,-100.0,55.6,74.4
38,60,3449.0,3578.0,129.0,-100.0,46.6,38.4
19,30,3455.0,3578.0,123.0,-100.0,59.9,60.1
4,13,3518.0,3578.0,60.0,-100.1,89.6,86.5
3,68,2936.0,3579.0,643.0,-100.0,85.5,68.4
14,15,3528.0,3579.0,51.0,-100.1,58.8,53.4
1,14,3533.0,3580.0,47.0,-100.1,91.2,58.8
1,12,3541.0,3580.0,39.0,-100.0,91.2,62.4
7,32,3566.0,3580.0,14.0,-100.0,81.0,63.9
40,60,3289.0,3581.0,292.0,-100.0,40.6,38.4
45,62,3344.0,3581.0,237.0,-100.0,33.1,66.5
1,61,3428.0,3581.0,153.0,-100.0,91.2,66.0
1,43,3461.0,3581.0,120.0,-100.0,91.2,35.7
14,53,3471.0,3581.0,110.0,-100.1,58.8,81.2
3,4,3485.0,3581.0,96.0,-100.0,85.5,89.6
65,69,3525.0,3581.0,56.0,-100.0,79.9,91.6
9,77,2988.0,3582.0,594.0,-100.0,80.9,49.8
37,38,3404.0,3582.0,178.0,-100.0,70.7,46.6
28,34,3418.0,3582.0,164.0,-100.1,92.8,72.1
11,51,3480.0,3582.0,102.0,-100.0,63.9,82.5
29,35,3573.0,3582.0,9.0,-100.1,90.6,82.7
2,11,3358.0,3583.0,225.0,-100.0,33.4,63.9
36,77,3483.0,3583.0,100.0,-100.0,63.7,49.8
42,77,3529.0,3583.0,54.0,-100.0,86.7,49.8
18,53,3223.0,3584.0,361.0,-100.0,36.2,81.2
28,42,3480.0,3584.0,104.0,-100.1,92.8,86.7
55,77,3527.0,3584.0,57.0,-100.0,92.6,49.8
2,43,3405.0,3586.0,181.0,-100.0,33.4,35.7
35,60,3334.0,3587.0,253.0,-100.0,82.7,38.4
12,76,3371.0,3587.0,216.0,-100.0,62.4,73.4
19,52,3391.0,3587.0,196.0,-100.0,59.9,68.0
35,67,3552.0,3587.0,35.0,-100.1,82.7,60.9
0,68,3201.0,3588.0,387.0,-100.0,30.0,68.4
53,76,3410.0,3588.0,178.0,-100.0,81.2,73.4
36,66,3579.0,3588.0,9.0,-100.0,63.7,82.4
63,72,3528.0,3590.0,62.0,-100.0,59.0,32.5
49,59,3402.0,3591.0,189.0,-100.0,36.0,69.5
29,77,3365.0,3593.0,228.0,-100.0,90.6,49.8
9,63,3453.0,3593.0,140.0,-100.0,80.9,59.0
35,77,3552.0,3593.0,41.0,-100.0,82.7,49.8
73,77,3571.0,3593.0,22.0,-100.0,72.5,49.8
18,55,3354.0,3594.0,240.0,-100.0,36.2,92.6
38,78,3407.0,3594.0,187.0,-100.0,46.6,89.3
14,65,3481.0,3594.0,113.0,-100.1,58.8,79.9
34,72,3287.0,3595.0,308.0,-100.1,72.1,32.5
23,43,3218.0,3596.0,378.0,-100.0,52.1,35.7
9,28,3434.0,3596.0,162.0,-100.1,80.9,92.8
20,50,3485.0,3596.0,111.0,-100.0,55.6,93.5
41,73,3507.0,3596.0,89.0,-100.0,75.0,72.5
35,55,3367.0,3597.0,230.0,-100.0,82.7,92.6
35,66,3378.0,3597.0,219.0,-100.1,82.7,82.3
2,73,3429.0,3597.0,168.0,-100.1,33.3,72.5
35,38,3414.0,3598.0,184.0,-100.0,82.7,46.6
35,47,3517.0,3598.0,81.0,-100.0,82.7,32.3
8,40,2811.0,3599.0,788.0,-100.0,71.4,40.6
18,69,3438.0,3599.0,161.0,-100.1,36.2,91.6
9,45,3485.0,3599.0,114.0,-100.1,80.9,33.1
4,27,3516.0,3599.0,83.0,-100.0,89.6,47.2
